t_s,side,cam,frames,silent_s,temp_c,temp_max_c
5.0,right,0,184,0.0,31.02899932861328,31.02899932861328
5.0,right,1,184,0.0,32.20800018310547,32.20800018310547
5.0,right,2,184,0.0,33.03900146484375,33.03900146484375
5.0,right,3,184,0.0,33.11000061035156,33.11000061035156
5.0,right,4,184,0.0,33.14400100708008,33.14400100708008
5.0,right,5,184,0.0,33.15399932861328,33.15399932861328
5.0,right,6,183,0.0,32.16400146484375,32.16400146484375
5.0,right,7,183,0.0,32.09299850463867,32.09299850463867
10.0,right,0,385,0.0,37.13999938964844,37.13999938964844
10.0,right,1,385,0.0,39.19900131225586,39.19900131225586
10.0,right,2,385,0.0,41.055999755859375,41.055999755859375
10.0,right,3,385,0.0,41.132999420166016,41.132999420166016
10.0,right,4,385,0.0,41.05500030517578,41.05500030517578
10.0,right,5,385,0.0,41.0099983215332,41.0099983215332
10.0,right,6,385,0.0,42.02299880981445,42.02299880981445
10.0,right,7,385,0.0,41.04399871826172,41.04399871826172
15.1,right,0,588,0.0,40.145999908447266,40.145999908447266
15.1,right,1,588,0.0,45.0,45.0
15.1,right,2,588,0.0,47.20000076293945,47.20000076293945
15.1,right,3,588,0.0,47.145999908447266,47.145999908447266
15.1,right,4,587,0.0,46.17100143432617,46.17100143432617
15.1,right,5,587,0.0,46.152000427246094,46.152000427246094
15.1,right,6,587,0.0,47.194000244140625,47.194000244140625
15.1,right,7,587,0.0,46.08599853515625,46.08599853515625
20.2,right,0,792,0.0,42.0989990234375,42.0989990234375
20.2,right,1,792,0.0,48.00699996948242,48.00699996948242
20.2,right,2,791,0.0,52.02000045776367,52.02000045776367
20.2,right,3,791,0.0,53.04199981689453,53.04199981689453
20.2,right,4,791,0.0,51.189998626708984,51.189998626708984
20.2,right,5,791,0.0,51.14099884033203,51.14099884033203
20.2,right,6,791,0.0,52.05500030517578,52.05500030517578
20.2,right,7,791,0.0,50.073001861572266,50.073001861572266
25.2,right,0,993,0.0,43.21099853515625,43.21099853515625
25.2,right,1,993,0.0,50.13399887084961,50.13399887084961
25.2,right,2,993,0.0,55.21799850463867,55.21799850463867
25.2,right,3,993,0.0,57.08300018310547,57.08300018310547
25.2,right,4,992,0.0,55.117000579833984,55.117000579833984
25.2,right,5,992,0.0,55.058998107910156,55.058998107910156
25.2,right,6,992,0.0,56.018001556396484,56.018001556396484
25.2,right,7,992,0.0,53.15999984741211,53.15999984741211
30.3,right,0,1195,0.0,44.167999267578125,44.167999267578125
30.3,right,1,1195,0.0,52.10599899291992,52.10599899291992
30.3,right,2,1195,0.0,58.24100112915039,58.24100112915039
30.3,right,3,1195,0.0,60.18600082397461,60.18600082397461
30.3,right,4,1195,0.0,58.10499954223633,58.244998931884766
30.3,right,5,1195,0.0,58.04100036621094,58.04100036621094
30.3,right,6,1195,0.0,59.159000396728516,59.159000396728516
30.3,right,7,1195,0.0,56.053001403808594,56.053001403808594
35.3,right,0,1397,0.0,45.10599899291992,45.10599899291992
35.3,right,1,1397,0.0,53.237998962402344,53.237998962402344
35.3,right,2,1396,0.0,61.090999603271484,61.090999603271484
35.3,right,3,1396,0.0,63.13399887084961,63.13399887084961
35.3,right,4,1396,0.0,60.25199890136719,60.25199890136719
35.3,right,5,1396,0.0,60.18299865722656,60.18299865722656
35.3,right,6,1396,0.0,61.18899917602539,61.18899917602539
35.3,right,7,1396,0.0,58.104000091552734,58.104000091552734
40.4,right,0,1600,0.0,45.22200012207031,45.22200012207031
40.4,right,1,1600,0.0,55.016998291015625,55.016998291015625
40.4,right,2,1600,0.0,63.02299880981445,63.02299880981445
40.4,right,3,1600,0.0,65.18399810791016,65.18399810791016
40.4,right,4,1600,0.0,63.007999420166016,63.007999420166016
40.4,right,5,1600,0.0,62.152000427246094,62.152000427246094
40.4,right,6,1600,0.0,64.02100372314453,64.02100372314453
40.4,right,7,1600,0.0,60.077999114990234,60.077999114990234
45.5,right,0,1800,0.1,46.0629997253418,46.0629997253418
45.5,right,1,1800,0.1,56.012001037597656,56.012001037597656
45.5,right,2,1800,0.1,65.03199768066406,65.03199768066406
45.5,right,3,1800,0.1,67.15599822998047,67.15599822998047
45.5,right,4,1800,0.1,64.17900085449219,64.17900085449219
45.5,right,5,1800,0.1,64.08200073242188,64.08200073242188
45.5,right,6,1800,0.1,65.1709976196289,65.1709976196289
45.5,right,7,1800,0.1,61.132999420166016,61.132999420166016
50.5,right,0,2005,0.0,46.15999984741211,46.15999984741211
50.5,right,1,2005,0.0,56.20600128173828,56.20600128173828
50.5,right,2,2005,0.0,66.08499908447266,66.08499908447266
50.5,right,3,2005,0.0,69.14700317382812,69.14700317382812
50.5,right,4,2005,0.0,66.09300231933594,66.09300231933594
50.5,right,5,2005,0.0,66.01200103759766,66.01200103759766
50.5,right,6,2005,0.0,67.0459976196289,67.0459976196289
50.5,right,7,2005,0.0,62.16899871826172,62.16899871826172
55.6,right,0,2208,0.0,47.0,47.0
55.6,right,1,2208,0.0,57.125,57.125
55.6,right,2,2208,0.0,67.13800048828125,67.13800048828125
55.6,right,3,2208,0.0,71.00299835205078,71.00299835205078
55.6,right,4,2207,0.0,67.12799835205078,67.12799835205078
55.6,right,5,2207,0.0,67.08300018310547,67.08300018310547
55.6,right,6,2207,0.0,68.15799713134766,68.15799713134766
55.6,right,7,2207,0.0,63.16600036621094,63.16600036621094
60.7,right,0,2410,0.0,47.058998107910156,47.058998107910156
60.7,right,1,2410,0.0,58.02399826049805,58.02399826049805
60.7,right,2,2410,0.0,68.1709976196289,68.1709976196289
60.7,right,3,2410,0.0,72.05699920654297,72.05699920654297
60.7,right,4,2410,0.0,68.16300201416016,68.16300201416016
60.7,right,5,2410,0.0,68.11499786376953,68.11499786376953
60.7,right,6,2410,0.0,69.19200134277344,69.19200134277344
60.7,right,7,2410,0.0,64.14299774169922,64.14299774169922
65.7,right,0,2612,0.0,47.09700012207031,47.09700012207031
65.7,right,1,2612,0.0,58.13999938964844,58.13999938964844
65.7,right,2,2611,0.0,69.16600036621094,69.16600036621094
65.7,right,3,2611,0.0,73.09100341796875,73.09100341796875
65.7,right,4,2611,0.0,69.17900085449219,69.17900085449219
65.7,right,5,2611,0.0,69.10900115966797,69.10900115966797
65.7,right,6,2611,0.0,70.24600219726562,70.24600219726562
65.7,right,7,2611,0.0,65.06199645996094,65.06199645996094
70.8,right,0,2815,0.0,47.154998779296875,47.154998779296875
70.8,right,1,2815,0.0,59.0,59.0
70.8,right,2,2815,0.0,70.12300109863281,70.12300109863281
70.8,right,3,2815,0.0,74.08699798583984,74.08699798583984
70.8,right,4,2815,0.0,70.15499877929688,70.15499877929688
70.8,right,5,2815,0.0,70.14099884033203,70.14099884033203
70.8,right,6,2815,0.0,71.22200012207031,71.22200012207031
70.8,right,7,2815,0.0,66.0,66.0
75.8,right,0,3017,0.0,47.2130012512207,47.2130012512207
75.8,right,1,3017,0.0,59.09700012207031,59.09700012207031
75.8,right,2,3016,0.0,71.0979995727539,71.0979995727539
75.8,right,3,3016,0.0,75.08200073242188,75.08200073242188
75.8,right,4,3016,0.0,71.09300231933594,71.09300231933594
75.8,right,5,3016,0.0,71.0780029296875,71.0780029296875
75.8,right,6,3016,0.0,72.08200073242188,72.08200073242188
75.8,right,7,3016,0.0,66.15599822998047,66.15599822998047
80.9,right,0,3219,0.0,47.25199890136719,47.25199890136719
80.9,right,1,3219,0.0,59.17499923706055,59.17499923706055
80.9,right,2,3219,0.0,71.19499969482422,71.19499969482422
80.9,right,3,3219,0.0,76.03900146484375,76.03900146484375
80.9,right,4,3219,0.0,72.03099822998047,72.03099822998047
80.9,right,5,3219,0.0,71.2509994506836,71.2509994506836
80.9,right,6,3218,0.0,72.23699951171875,72.23699951171875
80.9,right,7,3218,0.0,67.07499694824219,67.07499694824219
85.9,right,0,3420,0.0,48.03499984741211,48.03499984741211
85.9,right,1,3420,0.0,59.25199890136719,59.25199890136719
85.9,right,2,3420,0.0,72.05500030517578,72.05500030517578
85.9,right,3,3420,0.0,76.25199890136719,76.25199890136719
85.9,right,4,3420,0.0,72.14800262451172,72.14800262451172
85.9,right,5,3420,0.0,72.14900207519531,72.14900207519531
85.9,right,6,3420,0.0,73.19400024414062,73.19400024414062
85.9,right,7,3420,0.0,67.21099853515625,67.21099853515625
91.0,right,0,3622,0.0,48.05400085449219,48.05400085449219
91.0,right,1,3622,0.0,60.07400131225586,60.07400131225586
91.0,right,2,3621,0.0,72.24800109863281,72.24800109863281
91.0,right,3,3621,0.0,77.20899963378906,77.20899963378906
91.0,right,4,3621,0.0,72.2249984741211,72.2249984741211
91.0,right,5,3621,0.0,73.0459976196289,73.0459976196289
91.0,right,6,3621,0.0,74.16999816894531,74.16999816894531
91.0,right,7,3621,0.0,68.07099914550781,68.07099914550781
96.0,right,0,3825,0.0,48.09299850463867,48.09299850463867
96.0,right,1,3825,0.0,60.1510009765625,60.1510009765625
96.0,right,2,3825,0.0,73.12699890136719,73.12699890136719
96.0,right,3,3825,0.0,78.08799743652344,78.08799743652344
96.0,right,4,3825,0.0,73.1050033569336,73.1050033569336
96.0,right,5,3825,0.0,73.16200256347656,73.16200256347656
96.0,right,6,3825,0.0,75.01100158691406,75.01100158691406
96.0,right,7,3825,0.0,68.16899871826172,68.16899871826172
101.1,right,0,4030,0.0,48.13199996948242,48.13199996948242
101.1,right,1,4030,0.0,60.229000091552734,60.229000091552734
101.1,right,2,4030,0.0,74.0250015258789,74.0250015258789
101.1,right,3,4030,0.0,79.00700378417969,79.00700378417969
101.1,right,4,4030,0.0,74.06199645996094,74.06199645996094
101.1,right,5,4030,0.0,74.0979995727539,74.0979995727539
101.1,right,6,4030,0.0,75.08799743652344,75.08799743652344
101.1,right,7,4030,0.0,69.02899932861328,69.02899932861328
106.2,right,0,4232,0.0,48.17100143432617,48.17100143432617
106.2,right,1,4232,0.0,61.03099822998047,61.03099822998047
106.2,right,2,4231,0.0,74.14099884033203,74.14099884033203
106.2,right,3,4231,0.0,79.16200256347656,79.16200256347656
106.2,right,4,4231,0.0,74.17900085449219,74.17900085449219
106.2,right,5,4231,0.0,74.19400024414062,74.19400024414062
106.2,right,6,4231,0.0,75.18499755859375,75.18499755859375
106.2,right,7,4231,0.0,69.14600372314453,69.14600372314453
111.2,right,0,4433,0.0,48.189998626708984,48.189998626708984
111.2,right,1,4433,0.0,61.0890007019043,61.0890007019043
111.2,right,2,4433,0.0,74.23799896240234,74.23799896240234
111.2,right,3,4433,0.0,80.04100036621094,80.04100036621094
111.2,right,4,4432,0.0,75.05799865722656,75.05799865722656
111.2,right,5,4432,0.0,75.072998046875,75.072998046875
111.2,right,6,4432,0.0,76.06400299072266,76.06400299072266
111.2,right,7,4432,0.0,69.24299621582031,69.24299621582031
116.3,right,0,4635,0.0,48.229000091552734,48.229000091552734
116.3,right,1,4635,0.0,61.12799835205078,61.12799835205078
116.3,right,2,4635,0.0,75.0979995727539,75.0979995727539
116.3,right,3,4635,0.0,80.21499633789062,80.21499633789062
116.3,right,4,4635,0.0,75.15499877929688,75.15499877929688
116.3,right,5,4635,0.0,75.1500015258789,75.1500015258789
116.3,right,6,4635,0.0,76.18000030517578,76.18000030517578
116.3,right,7,4635,0.0,70.0260009765625,70.0260009765625
121.3,right,0,4835,0.0,49.01100158691406,49.01100158691406
121.3,right,1,4835,0.0,61.18600082397461,61.18600082397461
121.3,right,2,4835,0.0,75.15499877929688,75.15499877929688
121.3,right,3,4835,0.0,81.01699829101562,81.01699829101562
121.3,right,4,4835,0.0,76.03500366210938,76.03500366210938
121.3,right,5,4835,0.0,76.00900268554688,76.00900268554688
121.3,right,6,4835,0.0,77.02100372314453,77.02100372314453
121.3,right,7,4835,0.0,70.10399627685547,70.10399627685547
126.4,right,0,5038,0.0,49.03099822998047,49.04999923706055
126.4,right,1,5038,0.0,61.24399948120117,61.24399948120117
126.4,right,2,5038,0.0,75.21299743652344,75.21299743652344
126.4,right,3,5038,0.0,81.15299987792969,81.15299987792969
126.4,right,4,5037,0.0,76.11299896240234,76.11299896240234
126.4,right,5,5037,0.0,76.1050033569336,76.1050033569336
126.4,right,6,5037,0.0,77.11799621582031,77.11799621582031
126.4,right,7,5037,0.0,70.18099975585938,70.18099975585938
131.4,right,0,5240,0.0,49.069000244140625,49.069000244140625
131.4,right,1,5240,0.0,62.027000427246094,62.027000427246094
131.4,right,2,5240,0.0,76.03500366210938,76.03500366210938
131.4,right,3,5240,0.0,82.03199768066406,82.03199768066406
131.4,right,4,5240,0.0,76.22899627685547,76.22899627685547
131.4,right,5,5240,0.0,76.18199920654297,76.18199920654297
131.4,right,6,5240,0.0,77.19499969482422,77.19499969482422
131.4,right,7,5240,0.0,70.23999786376953,70.23999786376953
136.4,right,0,5440,0.0,49.0890007019043,49.0890007019043
136.4,right,1,5440,0.0,62.084999084472656,62.084999084472656
136.4,right,2,5440,0.0,76.09200286865234,76.09200286865234
136.4,right,3,5440,0.0,82.12899780273438,82.12899780273438
136.4,right,4,5440,0.0,77.03099822998047,77.03099822998047
136.4,right,5,5440,0.0,77.04100036621094,77.04100036621094
136.4,right,6,5440,0.0,78.03600311279297,78.03600311279297
136.4,right,7,5440,0.0,71.06199645996094,71.06199645996094
141.5,right,0,5643,0.0,49.12799835205078,49.12799835205078
141.5,right,1,5643,0.0,62.143001556396484,62.143001556396484
141.5,right,2,5643,0.0,76.18900299072266,76.18900299072266
141.5,right,3,5643,0.0,82.22599792480469,82.22599792480469
141.5,right,4,5642,0.0,77.12799835205078,77.12799835205078
141.5,right,5,5642,0.0,77.13700103759766,77.13700103759766
141.5,right,6,5642,0.0,78.13300323486328,78.13300323486328
141.5,right,7,5642,0.0,71.13899993896484,71.13899993896484
146.5,right,0,5845,0.0,49.14699935913086,49.14699935913086
146.5,right,1,5845,0.0,62.18199920654297,62.20100021362305
146.5,right,2,5845,0.0,77.01000213623047,77.01000213623047
146.5,right,3,5845,0.0,83.1050033569336,83.1050033569336
146.5,right,4,5845,0.0,77.24500274658203,77.24500274658203
146.5,right,5,5845,0.0,77.19499969482422,77.19499969482422
146.5,right,6,5845,0.0,78.22899627685547,78.22899627685547
146.5,right,7,5845,0.0,71.197998046875,71.21700286865234
151.6,right,0,6047,0.0,49.18600082397461,49.18600082397461
151.6,right,1,6047,0.0,62.2400016784668,62.2400016784668
151.6,right,2,6046,0.0,77.10700225830078,77.10700225830078
151.6,right,3,6046,0.0,83.18299865722656,83.18299865722656
151.6,right,4,6046,0.0,78.06600189208984,78.06600189208984
151.6,right,5,6046,0.0,78.03500366210938,78.03500366210938
151.6,right,6,6046,0.0,79.0510025024414,79.0510025024414
151.6,right,7,6046,0.0,72.0,72.0
156.7,right,0,6250,0.0,49.20500183105469,49.20500183105469
156.7,right,1,6250,0.0,63.02199935913086,63.02199935913086
156.7,right,2,6250,0.0,77.16500091552734,77.16500091552734
156.7,right,3,6250,0.0,84.00399780273438,84.00399780273438
156.7,right,4,6250,0.0,78.14399719238281,78.14399719238281
156.7,right,5,6250,0.0,78.1510009765625,78.1510009765625
156.7,right,6,6250,0.0,79.08899688720703,79.08899688720703
156.7,right,7,6250,0.0,72.05799865722656,72.05799865722656
161.7,right,0,6454,0.0,49.2239990234375,49.2239990234375
161.7,right,1,6454,0.0,63.04199981689453,63.06100082397461
161.7,right,2,6454,0.0,77.2229995727539,77.2229995727539
161.7,right,3,6454,0.0,84.08200073242188,84.08200073242188
161.7,right,4,6454,0.0,78.2020034790039,78.2020034790039
161.7,right,5,6454,0.0,78.20800018310547,78.20800018310547
161.7,right,6,6453,0.0,79.14700317382812,79.14700317382812
161.7,right,7,6453,0.0,72.09700012207031,72.09700012207031
166.8,right,0,6655,0.0,49.24399948120117,49.24399948120117
166.8,right,1,6655,0.0,63.08100128173828,63.08100128173828
166.8,right,2,6655,0.0,78.02400207519531,78.02400207519531
166.8,right,3,6655,0.0,84.1780014038086,84.1780014038086
166.8,right,4,6655,0.0,79.04299926757812,79.04299926757812
166.8,right,5,6655,0.0,79.02899932861328,79.02899932861328
166.8,right,6,6655,0.0,79.24400329589844,79.24400329589844
166.8,right,7,6655,0.0,72.13600158691406,72.13600158691406
171.9,right,0,6859,0.0,50.00699996948242,50.00699996948242
171.9,right,1,6859,0.0,63.11899948120117,63.11899948120117
171.9,right,2,6859,0.0,78.08200073242188,78.08200073242188
171.9,right,3,6859,0.0,85.0,85.0
171.9,right,4,6859,0.0,79.10099792480469,79.10099792480469
171.9,right,5,6859,0.0,79.08699798583984,79.08699798583984
171.9,right,6,6858,0.0,80.0270004272461,80.0270004272461
171.9,right,7,6858,0.0,72.15499877929688,72.15499877929688
176.9,right,0,7060,0.0,50.0260009765625,50.0260009765625
176.9,right,1,7060,0.0,63.138999938964844,63.15800094604492
176.9,right,2,7060,0.0,78.13999938964844,78.13999938964844
176.9,right,3,7060,0.0,85.0770034790039,85.0770034790039
176.9,right,4,7060,0.0,79.17900085449219,79.17900085449219
176.9,right,5,7060,0.0,79.1449966430664,79.1449966430664
176.9,right,6,7060,0.0,80.08499908447266,80.08499908447266
176.9,right,7,7060,0.0,72.21399688720703,72.21399688720703
181.9,right,0,7262,0.0,50.04600143432617,50.04600143432617
181.9,right,1,7262,0.0,63.15800094604492,63.15800094604492
181.9,right,2,7261,0.0,78.17900085449219,78.17900085449219
181.9,right,3,7261,0.0,85.15499877929688,85.15499877929688
181.9,right,4,7261,0.0,79.21700286865234,79.21700286865234
181.9,right,5,7261,0.0,79.2020034790039,79.2020034790039
181.9,right,6,7261,0.0,80.14299774169922,80.14299774169922
181.9,right,7,7261,0.0,72.25299835205078,72.25299835205078
187.0,right,0,7464,0.0,50.064998626708984,50.064998626708984
187.0,right,1,7464,0.0,63.176998138427734,63.176998138427734
187.0,right,2,7464,0.0,79.0,79.0
187.0,right,3,7464,0.0,85.23200225830078,85.23200225830078
187.0,right,4,7464,0.0,80.0199966430664,80.0199966430664
187.0,right,5,7464,0.0,80.00399780273438,80.00399780273438
187.0,right,6,7463,0.0,80.20099639892578,80.20099639892578
187.0,right,7,7463,0.0,73.03600311279297,73.03600311279297
192.0,right,0,7665,0.0,50.084999084472656,50.084999084472656
192.0,right,1,7665,0.0,63.196998596191406,63.196998596191406
192.0,right,2,7665,0.0,79.01899719238281,79.01899719238281
192.0,right,3,7665,0.0,86.05400085449219,86.05400085449219
192.0,right,4,7665,0.0,80.0780029296875,80.0780029296875
192.0,right,5,7665,0.0,80.04199981689453,80.04199981689453
192.0,right,6,7665,0.0,81.02200317382812,81.02200317382812
192.0,right,7,7665,0.0,73.09400177001953,73.09400177001953
197.2,right,0,7870,0.0,50.104000091552734,50.104000091552734
197.2,right,1,7870,0.0,64.01799774169922,64.01799774169922
197.2,right,2,7870,0.0,79.0770034790039,79.0770034790039
197.2,right,3,7870,0.0,86.1500015258789,86.1500015258789
197.2,right,4,7870,0.0,80.11699676513672,80.11699676513672
197.2,right,5,7870,0.0,80.0999984741211,80.0999984741211
197.2,right,6,7870,0.0,81.06099700927734,81.06099700927734
197.2,right,7,7870,0.0,73.13300323486328,73.13300323486328
202.2,right,0,8073,0.0,50.12300109863281,50.12300109863281
202.2,right,1,8073,0.0,64.03800201416016,64.03800201416016
202.2,right,2,8073,0.0,79.11599731445312,79.11599731445312
202.2,right,3,8073,0.0,86.18900299072266,86.18900299072266
202.2,right,4,8072,0.0,80.19400024414062,80.19400024414062
202.2,right,5,8072,0.0,80.15799713134766,80.15799713134766
202.2,right,6,8072,0.0,81.11900329589844,81.11900329589844
202.2,right,7,8072,0.0,73.1719970703125,73.1719970703125
207.2,right,0,8274,0.0,50.143001556396484,50.143001556396484
207.2,right,1,8274,0.0,64.05699920654297,64.05699920654297
207.2,right,2,8274,0.0,79.17400360107422,79.17400360107422
207.2,right,3,8274,0.0,86.22799682617188,86.22799682617188
207.2,right,4,8274,0.0,80.23300170898438,80.23300170898438
207.2,right,5,8274,0.0,80.21499633789062,80.21499633789062
207.2,right,6,8273,0.0,81.1969985961914,81.1969985961914
207.2,right,7,8273,0.0,73.2490005493164,73.2490005493164
212.3,right,0,8478,0.0,50.1619987487793,50.1619987487793
212.3,right,1,8478,0.0,64.07599639892578,64.07599639892578
212.3,right,2,8478,0.0,79.21199798583984,79.21199798583984
212.3,right,3,8478,0.0,87.06900024414062,87.06900024414062
212.3,right,4,8477,0.0,81.03500366210938,81.03500366210938
212.3,right,5,8477,0.0,81.01699829101562,81.01699829101562
212.3,right,6,8477,0.0,81.25499725341797,81.25499725341797
212.3,right,7,8477,0.0,73.2490005493164,73.2490005493164
217.4,right,0,8679,0.0,50.180999755859375,50.180999755859375
217.4,right,1,8679,0.0,64.09600067138672,64.11499786376953
217.4,right,2,8679,0.0,80.01399993896484,80.01399993896484
217.4,right,3,8679,0.0,87.10700225830078,87.10700225830078
217.4,right,4,8679,0.0,81.09300231933594,81.09300231933594
217.4,right,5,8679,0.0,81.07499694824219,81.07499694824219
217.4,right,6,8678,0.0,82.03700256347656,82.03700256347656
217.4,right,7,8678,0.0,74.052001953125,74.052001953125
222.4,right,0,8880,0.0,50.20100021362305,50.20100021362305
222.4,right,1,8880,0.0,64.11499786376953,64.13500213623047
222.4,right,2,8880,0.0,80.0719985961914,80.0719985961914
222.4,right,3,8880,0.0,87.2040023803711,87.2040023803711
222.4,right,4,8880,0.0,81.13200378417969,81.13200378417969
222.4,right,5,8880,0.0,81.13200378417969,81.13200378417969
222.4,right,6,8880,0.0,82.09500122070312,82.09500122070312
222.4,right,7,8880,0.0,74.11000061035156,74.11000061035156
227.5,right,0,9083,0.0,50.220001220703125,50.220001220703125
227.5,right,1,9083,0.0,64.15399932861328,64.15399932861328
227.5,right,2,9083,0.0,80.11100006103516,80.11100006103516
227.5,right,3,9083,0.0,87.24299621582031,87.24299621582031
227.5,right,4,9082,0.0,81.19000244140625,81.19000244140625
227.5,right,5,9082,0.0,81.19000244140625,81.19000244140625
227.5,right,6,9082,0.0,82.13400268554688,82.13400268554688
227.5,right,7,9082,0.0,74.12899780273438,74.12899780273438
232.6,right,0,9285,0.0,50.220001220703125,50.220001220703125
232.6,right,1,9285,0.0,64.1729965209961,64.1729965209961
232.6,right,2,9285,0.0,80.1500015258789,80.1500015258789
232.6,right,3,9285,0.0,88.0260009765625,88.0260009765625
232.6,right,4,9285,0.0,81.24800109863281,81.24800109863281
232.6,right,5,9285,0.0,81.22899627685547,81.22899627685547
232.6,right,6,9285,0.0,82.15299987792969,82.15299987792969
232.6,right,7,9285,0.0,74.16799926757812,74.16799926757812
237.6,right,0,9488,0.0,50.2400016784668,50.2400016784668
237.6,right,1,9488,0.0,64.19300079345703,64.19300079345703
237.6,right,2,9488,0.0,80.16899871826172,80.16899871826172
237.6,right,3,9488,0.0,88.06400299072266,88.06400299072266
237.6,right,4,9487,0.0,82.03099822998047,82.03099822998047
237.6,right,5,9487,0.0,82.01100158691406,82.01100158691406
237.6,right,6,9487,0.0,82.1729965209961,82.1729965209961
237.6,right,7,9487,0.0,74.18800354003906,74.18800354003906
242.7,right,0,9690,0.0,51.02199935913086,51.02199935913086
242.7,right,1,9690,0.0,64.23100280761719,64.23100280761719
242.7,right,2,9690,0.0,80.20700073242188,80.22699737548828
242.7,right,3,9690,0.0,88.12200164794922,88.12200164794922
242.7,right,4,9690,0.0,82.08899688720703,82.08899688720703
242.7,right,5,9690,0.0,82.04900360107422,82.04900360107422
242.7,right,6,9690,0.0,82.19200134277344,82.21099853515625
242.7,right,7,9690,0.0,74.20700073242188,74.20700073242188
247.7,right,0,9892,0.0,51.02199935913086,51.02199935913086
247.7,right,1,9892,0.0,64.2509994506836,64.2509994506836
247.7,right,2,9891,0.0,81.00900268554688,81.00900268554688
247.7,right,3,9891,0.0,88.16100311279297,88.16100311279297
247.7,right,4,9891,0.0,82.12799835205078,82.12799835205078
247.7,right,5,9891,0.0,82.08799743652344,82.08799743652344
247.7,right,6,9891,0.0,82.23100280761719,82.23100280761719
247.7,right,7,9891,0.0,74.22699737548828,74.22699737548828
252.7,right,0,10094,0.0,51.02199935913086,51.04199981689453
252.7,right,1,10094,0.0,64.2509994506836,64.2509994506836
252.7,right,2,10094,0.0,81.00900268554688,81.00900268554688
252.7,right,3,10094,0.0,88.19999694824219,88.19999694824219
252.7,right,4,10094,0.0,82.18599700927734,82.18599700927734
252.7,right,5,10094,0.0,82.14600372314453,82.14600372314453
252.7,right,6,10093,0.0,83.01399993896484,83.01399993896484
252.7,right,7,10093,0.0,74.24600219726562,74.24600219726562
257.8,right,0,10295,0.0,51.04199981689453,51.06100082397461
257.8,right,1,10295,0.0,65.03399658203125,65.03399658203125
257.8,right,2,10295,0.0,81.06700134277344,81.06700134277344
257.8,right,3,10295,0.0,89.00199890136719,89.00199890136719
257.8,right,4,10295,0.0,82.2249984741211,82.2249984741211
257.8,right,5,10295,0.0,82.16500091552734,82.16500091552734
257.8,right,6,10295,0.0,83.052001953125,83.052001953125
257.8,right,7,10295,0.0,75.02899932861328,75.02899932861328
262.8,right,0,10497,0.0,51.06100082397461,51.06100082397461
262.8,right,1,10497,0.0,65.09200286865234,65.09200286865234
262.8,right,2,10496,0.0,81.08699798583984,81.08699798583984
262.8,right,3,10496,0.0,89.02100372314453,89.02100372314453
262.8,right,4,10496,0.0,83.00800323486328,83.00800323486328
262.8,right,5,10496,0.0,82.2030029296875,82.2030029296875
262.8,right,6,10496,0.0,83.09100341796875,83.09100341796875
262.8,right,7,10496,0.0,75.06800079345703,75.06800079345703
267.9,right,0,10699,0.0,51.08000183105469,51.08000183105469
267.9,right,1,10699,0.0,65.09200286865234,65.09200286865234
267.9,right,2,10699,0.0,81.14399719238281,81.14399719238281
267.9,right,3,10699,0.0,89.0790023803711,89.0790023803711
267.9,right,4,10699,0.0,83.06600189208984,83.06600189208984
267.9,right,5,10699,0.0,82.24199676513672,82.24199676513672
267.9,right,6,10698,0.0,83.12999725341797,83.12999725341797
267.9,right,7,10698,0.0,75.08699798583984,75.08699798583984
272.9,right,0,10900,0.0,51.08000183105469,51.08000183105469
272.9,right,1,10900,0.0,65.11100006103516,65.11100006103516
272.9,right,2,10900,0.0,81.16400146484375,81.16400146484375
272.9,right,3,10900,0.0,89.0989990234375,89.0989990234375
272.9,right,4,10900,0.0,83.1050033569336,83.1050033569336
272.9,right,5,10900,0.0,83.02400207519531,83.02400207519531
272.9,right,6,10900,0.0,83.16799926757812,83.16799926757812
272.9,right,7,10900,0.0,75.1259994506836,75.1259994506836
278.0,right,0,11103,0.0,51.08000183105469,51.099998474121094
278.0,right,1,11103,0.0,65.1500015258789,65.1500015258789
278.0,right,2,11103,0.0,81.2020034790039,81.2020034790039
278.0,right,3,11103,0.0,89.15699768066406,89.15699768066406
278.0,right,4,11102,0.0,83.16300201416016,83.16300201416016
278.0,right,5,11102,0.0,83.04299926757812,83.04299926757812
278.0,right,6,11102,0.0,83.18800354003906,83.18800354003906
278.0,right,7,11102,0.0,75.16500091552734,75.16500091552734
283.0,right,0,11305,0.0,51.099998474121094,51.11899948120117
283.0,right,1,11305,0.0,65.1500015258789,65.1500015258789
283.0,right,2,11305,0.0,81.22200012207031,81.22200012207031
283.0,right,3,11305,0.0,89.19499969482422,89.19499969482422
283.0,right,4,11305,0.0,83.18299865722656,83.18299865722656
283.0,right,5,11305,0.0,83.10099792480469,83.10099792480469
283.0,right,6,11305,0.0,83.22599792480469,83.22599792480469
283.0,right,7,11305,0.0,75.18399810791016,75.2040023803711
288.1,right,0,11507,0.0,51.11899948120117,51.11899948120117
288.1,right,1,11507,0.0,65.16899871826172,65.16899871826172
288.1,right,2,11506,0.0,82.00399780273438,82.00399780273438
288.1,right,3,11506,0.0,89.25399780273438,89.25399780273438
288.1,right,4,11506,0.0,83.24099731445312,83.24099731445312
288.1,right,5,11506,0.0,83.13899993896484,83.13899993896484
288.1,right,6,11506,0.0,84.00900268554688,84.00900268554688
288.1,right,7,11506,0.0,75.2229995727539,75.2229995727539
293.1,right,0,11709,0.0,51.13800048828125,51.13800048828125
293.1,right,1,11709,0.0,65.16899871826172,65.18900299072266
293.1,right,2,11709,0.0,82.02400207519531,82.02400207519531
293.1,right,3,11709,0.0,90.03600311279297,90.03600311279297
293.1,right,4,11709,0.0,84.00399780273438,84.00399780273438
293.1,right,5,11709,0.0,83.15899658203125,83.15899658203125
293.1,right,6,11708,0.0,84.0479965209961,84.0479965209961
293.1,right,7,11708,0.0,76.00599670410156,76.00599670410156
298.2,right,0,11910,0.0,51.15800094604492,51.15800094604492
298.2,right,1,11910,0.0,65.20800018310547,65.20800018310547
298.2,right,2,11910,0.0,82.08200073242188,82.08200073242188
298.2,right,3,11910,0.0,90.09400177001953,90.09400177001953
298.2,right,4,11910,0.0,84.04299926757812,84.04299926757812
298.2,right,5,11910,0.0,83.1969985961914,83.1969985961914
298.2,right,6,11910,0.0,84.06700134277344,84.06700134277344
298.2,right,7,11910,0.0,76.0260009765625,76.0260009765625
303.3,right,0,12118,0.0,51.15800094604492,51.15800094604492
303.3,right,1,12118,0.0,65.22699737548828,65.22699737548828
303.3,right,2,12118,0.0,82.10099792480469,82.10099792480469
303.3,right,3,12118,0.0,90.13300323486328,90.13300323486328
303.3,right,4,12117,0.0,84.08200073242188,84.08200073242188
303.3,right,5,12117,0.0,83.21600341796875,83.21600341796875
303.3,right,6,12117,0.0,84.10600280761719,84.10600280761719
303.3,right,7,12117,0.0,76.04499816894531,76.04499816894531
308.5,right,0,12323,0.0,51.176998138427734,51.176998138427734
308.5,right,1,12323,0.0,65.22699737548828,65.24700164794922
308.5,right,2,12323,0.0,82.13899993896484,82.13899993896484
308.5,right,3,12323,0.0,90.1520004272461,90.1520004272461
308.5,right,4,12322,0.0,84.12000274658203,84.12000274658203
308.5,right,5,12322,0.0,83.25499725341797,83.25499725341797
308.5,right,6,12322,0.0,84.14399719238281,84.14399719238281
308.5,right,7,12322,0.0,76.10299682617188,76.10299682617188
313.5,right,0,12525,0.0,51.196998596191406,51.196998596191406
313.5,right,1,12525,0.0,65.24700164794922,66.01000213623047
313.5,right,2,12525,0.0,82.13899993896484,82.13899993896484
313.5,right,3,12525,0.0,90.20999908447266,90.20999908447266
313.5,right,4,12525,0.0,84.15899658203125,84.15899658203125
313.5,right,5,12525,0.0,84.05699920654297,84.05699920654297
313.5,right,6,12525,0.0,84.18299865722656,84.18299865722656
313.5,right,7,12525,0.0,76.12300109863281,76.12300109863281
318.6,right,0,12727,0.0,51.196998596191406,51.196998596191406
318.6,right,1,12727,0.0,66.01000213623047,66.01000213623047
318.6,right,2,12726,0.0,82.15899658203125,82.15899658203125
318.6,right,3,12726,0.0,90.2490005493164,91.01300048828125
318.6,right,4,12726,0.0,84.17900085449219,84.197998046875
318.6,right,5,12726,0.0,84.11399841308594,84.11399841308594
318.6,right,6,12726,0.0,84.2030029296875,84.2030029296875
318.6,right,7,12726,0.0,76.14199829101562,76.14199829101562
323.6,right,0,12929,0.0,51.215999603271484,51.215999603271484
323.6,right,1,12929,0.0,66.04900360107422,66.04900360107422
323.6,right,2,12929,0.0,82.1969985961914,82.1969985961914
323.6,right,3,12929,0.0,91.01300048828125,91.01300048828125
323.6,right,4,12929,0.0,84.23699951171875,84.23699951171875
323.6,right,5,12929,0.0,84.13300323486328,84.13300323486328
323.6,right,6,12928,0.0,84.24099731445312,84.24099731445312
323.6,right,7,12928,0.0,76.14199829101562,76.16200256347656
328.9,right,0,13138,0.0,51.23500061035156,51.23500061035156
328.9,right,1,13138,0.0,66.06800079345703,66.06800079345703
328.9,right,2,13138,0.0,82.1969985961914,82.21700286865234
328.9,right,3,13138,0.0,91.0510025024414,91.0510025024414
328.9,right,4,13137,0.0,85.0199966430664,85.0199966430664
328.9,right,5,13137,0.0,84.15299987792969,84.15299987792969
328.9,right,6,13137,0.0,85.02400207519531,85.02400207519531
328.9,right,7,13137,0.0,76.20099639892578,76.20099639892578
333.9,right,0,13340,0.0,51.23500061035156,51.23500061035156
333.9,right,1,13340,0.0,66.08799743652344,66.08799743652344
333.9,right,2,13340,0.0,83.01899719238281,83.01899719238281
333.9,right,3,13340,0.0,91.08999633789062,91.08999633789062
333.9,right,4,13340,0.0,85.03900146484375,85.03900146484375
333.9,right,5,13340,0.0,84.1719970703125,84.1719970703125
333.9,right,6,13340,0.0,85.04299926757812,85.04299926757812
333.9,right,7,13340,0.0,76.23899841308594,76.23899841308594
339.0,right,0,13543,0.0,51.255001068115234,51.255001068115234
339.0,right,1,13543,0.0,66.08799743652344,66.08799743652344
339.0,right,2,13543,0.0,82.25499725341797,83.01899719238281
339.0,right,3,13543,0.0,91.10900115966797,91.10900115966797
339.0,right,4,13542,0.0,85.03900146484375,85.05799865722656
339.0,right,5,13542,0.0,84.19100189208984,84.19100189208984
339.0,right,6,13542,0.0,85.12100219726562,85.12100219726562
339.0,right,7,13542,0.0,77.00299835205078,77.00299835205078
344.0,right,0,13745,0.0,51.255001068115234,51.255001068115234
344.0,right,1,13745,0.0,66.1259994506836,66.1259994506836
344.0,right,2,13745,0.0,83.03800201416016,83.03800201416016
344.0,right,3,13745,0.0,91.14800262451172,91.14800262451172
344.0,right,4,13745,0.0,85.0780029296875,85.0780029296875
344.0,right,5,13745,0.0,84.2300033569336,84.2300033569336
344.0,right,6,13745,0.0,85.12100219726562,85.12100219726562
344.0,right,7,13745,0.0,77.04199981689453,77.04199981689453
349.1,right,0,13947,0.0,51.255001068115234,52.018001556396484
349.1,right,1,13947,0.0,66.1259994506836,66.1259994506836
349.1,right,2,13946,0.0,83.05699920654297,83.05699920654297
349.1,right,3,13946,0.0,91.20600128173828,91.20600128173828
349.1,right,4,13946,0.0,85.11699676513672,85.11699676513672
349.1,right,5,13946,0.0,85.01200103759766,85.01200103759766
349.1,right,6,13946,0.0,85.13999938964844,85.13999938964844
349.1,right,7,13946,0.0,77.04199981689453,77.04199981689453
354.2,right,0,14152,0.0,52.018001556396484,52.018001556396484
354.2,right,1,14152,0.0,66.14600372314453,66.14600372314453
354.2,right,2,14151,0.0,83.0770034790039,83.0770034790039
354.2,right,3,14151,0.0,91.20600128173828,91.2249984741211
354.2,right,4,14151,0.0,85.15499877929688,85.15499877929688
354.2,right,5,14151,0.0,85.03099822998047,85.03099822998047
354.2,right,6,14151,0.0,85.15899658203125,85.15899658203125
354.2,right,7,14151,0.0,77.08100128173828,77.08100128173828
359.3,right,0,14354,0.0,52.0369987487793,52.0369987487793
359.3,right,1,14354,0.0,66.14600372314453,66.16500091552734
359.3,right,2,14354,0.0,83.11499786376953,83.11499786376953
359.3,right,3,14354,0.0,91.24500274658203,91.24500274658203
359.3,right,4,14354,0.0,85.19400024414062,85.19400024414062
359.3,right,5,14354,0.0,85.05000305175781,85.05000305175781
359.3,right,6,14353,0.0,85.15899658203125,85.17900085449219
359.3,right,7,14353,0.0,77.08100128173828,77.08100128173828
364.3,right,0,14555,0.0,52.0369987487793,52.0369987487793
364.3,right,1,14555,0.0,66.16500091552734,66.16500091552734
364.3,right,2,14555,0.0,83.13400268554688,83.13400268554688
364.3,right,3,14555,0.0,92.00800323486328,92.00800323486328
364.3,right,4,14555,0.0,85.23300170898438,85.23300170898438
364.3,right,5,14555,0.0,85.06999969482422,85.06999969482422
364.3,right,6,14555,0.0,85.197998046875,85.197998046875
364.3,right,7,14555,0.0,77.12000274658203,77.12000274658203
369.3,right,0,14758,0.0,52.0369987487793,52.05699920654297
369.3,right,1,14758,0.0,66.18399810791016,66.18399810791016
369.3,right,2,14758,0.0,83.15399932861328,83.15399932861328
369.3,right,3,14758,0.0,92.00800323486328,92.02799987792969
369.3,right,4,14757,0.0,85.25199890136719,85.25199890136719
369.3,right,5,14757,0.0,85.08899688720703,85.08899688720703
369.3,right,6,14757,0.0,85.21700286865234,85.21700286865234
369.3,right,7,14757,0.0,77.13899993896484,77.13899993896484
374.4,right,0,14960,0.0,52.05699920654297,52.05699920654297
374.4,right,1,14960,0.0,66.2040023803711,66.2040023803711
374.4,right,2,14960,0.0,83.19200134277344,83.19200134277344
374.4,right,3,14960,0.0,92.02799987792969,92.02799987792969
374.4,right,4,14960,0.0,86.03500366210938,86.03500366210938
374.4,right,5,14960,0.0,85.10800170898438,85.10800170898438
374.4,right,6,14960,0.0,85.21700286865234,85.21700286865234
374.4,right,7,14960,0.0,77.15799713134766,77.15799713134766
379.4,right,0,15160,0.0,52.05699920654297,52.07600021362305
379.4,right,1,15160,0.0,66.2229995727539,66.2229995727539
379.4,right,2,15160,0.0,83.21199798583984,83.21199798583984
379.4,right,3,15160,0.0,92.0469970703125,92.0469970703125
379.4,right,4,15160,0.0,86.0739974975586,86.0739974975586
379.4,right,5,15160,0.0,85.14700317382812,85.14700317382812
379.4,right,6,15160,0.0,85.23699951171875,85.23699951171875
379.4,right,7,15160,0.0,77.1780014038086,77.1780014038086
384.5,right,0,15365,0.0,52.07600021362305,52.07600021362305
384.5,right,1,15365,0.0,66.24299621582031,66.24299621582031
384.5,right,2,15365,0.0,83.23100280761719,83.23100280761719
384.5,right,3,15365,0.0,92.08599853515625,92.08599853515625
384.5,right,4,15365,0.0,86.09300231933594,86.09300231933594
384.5,right,5,15365,0.0,85.16600036621094,85.16600036621094
384.5,right,6,15365,0.0,86.0,86.0
384.5,right,7,15365,0.0,77.1780014038086,77.1780014038086
389.6,right,0,15569,0.0,52.07600021362305,52.07600021362305
389.6,right,1,15569,0.0,66.24299621582031,66.24299621582031
389.6,right,2,15569,0.0,83.25,83.25
389.6,right,3,15569,0.0,92.1050033569336,92.1050033569336
389.6,right,4,15569,0.0,86.13200378417969,86.1510009765625
389.6,right,5,15569,0.0,85.18499755859375,85.18499755859375
389.6,right,6,15568,0.0,86.01899719238281,86.01899719238281
389.6,right,7,15568,0.0,77.1969985961914,77.1969985961914
394.7,right,0,15774,0.0,52.095001220703125,52.095001220703125
394.7,right,1,15774,0.0,66.24299621582031,67.00599670410156
394.7,right,2,15774,0.0,84.03299713134766,84.03299713134766
394.7,right,3,15774,0.0,92.14399719238281,92.14399719238281
394.7,right,4,15774,0.0,86.19000244140625,86.19000244140625
394.7,right,5,15774,0.0,85.2229995727539,85.2229995727539
394.7,right,6,15773,0.0,86.01899719238281,86.03900146484375
394.7,right,7,15773,0.0,77.23600006103516,77.23600006103516
399.8,right,0,15975,0.0,52.095001220703125,52.095001220703125
399.8,right,1,15975,0.0,66.24299621582031,67.00599670410156
399.8,right,2,15975,0.0,84.03299713134766,84.052001953125
399.8,right,3,15975,0.0,92.16300201416016,92.16300201416016
399.8,right,4,15975,0.0,86.20999908447266,86.20999908447266
399.8,right,5,15975,0.0,86.00599670410156,86.00599670410156
399.8,right,6,15975,0.0,86.05799865722656,86.05799865722656
399.8,right,7,15975,0.0,77.23600006103516,77.23600006103516
404.8,right,0,16177,0.0,52.095001220703125,52.095001220703125
404.8,right,1,16177,0.0,67.0250015258789,67.0250015258789
404.8,right,2,16176,0.0,84.052001953125,84.052001953125
404.8,right,3,16176,0.0,92.2020034790039,92.2020034790039
404.8,right,4,16176,0.0,86.22899627685547,86.22899627685547
404.8,right,5,16176,0.0,86.04399871826172,86.04399871826172
404.8,right,6,16176,0.0,86.09700012207031,86.09700012207031
404.8,right,7,16176,0.0,77.23600006103516,78.0
409.9,right,0,16379,0.0,52.1150016784668,52.1150016784668
409.9,right,1,16379,0.0,67.0250015258789,67.0250015258789
409.9,right,2,16379,0.0,84.052001953125,84.07099914550781
409.9,right,3,16379,0.0,92.22100067138672,92.22100067138672
409.9,right,4,16379,0.0,86.24800109863281,86.24800109863281
409.9,right,5,16379,0.0,86.04399871826172,86.04399871826172
409.9,right,6,16378,0.0,86.09700012207031,86.11599731445312
409.9,right,7,16378,0.0,77.23600006103516,78.0
415.0,right,0,16582,0.0,52.1150016784668,52.1150016784668
415.0,right,1,16582,0.0,67.04499816894531,67.04499816894531
415.0,right,2,16581,0.0,84.07099914550781,84.07099914550781
415.0,right,3,16581,0.0,92.23999786376953,92.23999786376953
415.0,right,4,16581,0.0,87.01200103759766,87.01200103759766
415.0,right,5,16581,0.0,86.08300018310547,86.08300018310547
415.0,right,6,16581,0.0,86.15499877929688,86.15499877929688
415.0,right,7,16581,0.0,78.0,78.0
420.0,right,0,16784,0.0,52.1150016784668,52.1150016784668
420.0,right,1,16784,0.0,67.04499816894531,67.04499816894531
420.0,right,2,16784,0.0,84.09100341796875,84.09100341796875
420.0,right,3,16784,0.0,93.00399780273438,93.00399780273438
420.0,right,4,16784,0.0,87.03099822998047,87.03099822998047
420.0,right,5,16784,0.0,86.08300018310547,86.08300018310547
420.0,right,6,16783,0.0,86.15499877929688,86.15499877929688
420.0,right,7,16783,0.0,78.01899719238281,78.01899719238281
425.0,right,0,16985,0.0,52.13399887084961,52.13399887084961
425.0,right,1,16985,0.0,67.06400299072266,67.06400299072266
425.0,right,2,16985,0.0,84.11000061035156,84.11000061035156
425.0,right,3,16985,0.0,93.04299926757812,93.04299926757812
425.0,right,4,16985,0.0,87.06999969482422,87.06999969482422
425.0,right,5,16985,0.0,86.10199737548828,86.10199737548828
425.0,right,6,16985,0.0,86.17400360107422,86.17400360107422
425.0,right,7,16985,0.0,78.01899719238281,78.01899719238281
430.1,right,0,17190,0.0,52.13399887084961,52.13399887084961
430.1,right,1,17190,0.0,67.08399963378906,67.08399963378906
430.1,right,2,17190,0.0,84.12899780273438,84.12899780273438
430.1,right,3,17190,0.0,93.08100128173828,93.08100128173828
430.1,right,4,17190,0.0,87.12799835205078,87.12799835205078
430.1,right,5,17190,0.0,86.12100219726562,86.12100219726562
430.1,right,6,17190,0.0,86.17400360107422,86.19400024414062
430.1,right,7,17190,0.0,78.05799865722656,78.05799865722656
435.4,right,0,17399,0.0,52.15399932861328,52.15399932861328
435.4,right,1,17399,0.0,67.10299682617188,67.10299682617188
435.4,right,2,17399,0.0,84.14900207519531,84.14900207519531
435.4,right,3,17399,0.0,93.10099792480469,93.10099792480469
435.4,right,4,17399,0.0,87.16699981689453,87.16699981689453
435.4,right,5,17399,0.0,86.13999938964844,86.13999938964844
435.4,right,6,17398,0.0,86.19400024414062,86.19400024414062
435.4,right,7,17398,0.0,78.0770034790039,78.0770034790039
440.4,right,0,17600,0.0,52.15399932861328,52.17300033569336
440.4,right,1,17600,0.0,67.10299682617188,67.10299682617188
440.4,right,2,17600,0.0,84.16799926757812,84.16799926757812
440.4,right,3,17600,0.0,93.12000274658203,93.12000274658203
440.4,right,4,17600,0.0,87.18599700927734,87.18599700927734
440.4,right,5,17600,0.0,86.16000366210938,86.16000366210938
440.4,right,6,17600,0.0,86.23200225830078,86.23200225830078
440.4,right,7,17600,0.0,78.0770034790039,78.09700012207031
445.5,right,0,17803,0.0,52.17300033569336,52.17300033569336
445.5,right,1,17803,0.0,67.10299682617188,67.10299682617188
445.5,right,2,17803,0.0,84.20700073242188,84.20700073242188
445.5,right,3,17803,0.0,93.15899658203125,93.15899658203125
445.5,right,4,17802,0.0,87.20600128173828,87.20600128173828
445.5,right,5,17802,0.0,86.17900085449219,86.17900085449219
445.5,right,6,17802,0.0,86.25199890136719,87.01499938964844
445.5,right,7,17802,0.0,78.09700012207031,78.09700012207031
450.5,right,0,18005,0.0,52.17300033569336,52.17300033569336
450.5,right,1,18005,0.0,67.12200164794922,67.12200164794922
450.5,right,2,18005,0.0,84.20700073242188,84.20700073242188
450.5,right,3,18005,0.0,93.1780014038086,93.1780014038086
450.5,right,4,18005,0.0,87.2249984741211,87.2249984741211
450.5,right,5,18005,0.0,86.197998046875,86.197998046875
450.5,right,6,18005,0.0,87.01499938964844,87.01499938964844
450.5,right,7,18005,0.0,78.11599731445312,78.11599731445312
455.6,right,0,18205,0.0,52.17300033569336,52.19200134277344
455.6,right,1,18205,0.0,67.14199829101562,67.14199829101562
455.6,right,2,18205,0.0,84.22599792480469,84.22599792480469
455.6,right,3,18205,0.0,93.1969985961914,93.1969985961914
455.6,right,4,18205,0.0,87.24500274658203,87.24500274658203
455.6,right,5,18205,0.0,86.197998046875,86.197998046875
455.6,right,6,18205,0.0,87.05400085449219,87.05400085449219
455.6,right,7,18205,0.0,78.13600158691406,78.13600158691406
460.6,right,0,18409,0.0,52.19200134277344,52.19200134277344
460.6,right,1,18409,0.0,67.16100311279297,67.16100311279297
460.6,right,2,18409,0.0,84.22599792480469,84.24500274658203
460.6,right,3,18409,0.0,93.23600006103516,93.23600006103516
460.6,right,4,18409,0.0,88.00800323486328,88.00800323486328
460.6,right,5,18409,0.0,86.21700286865234,86.21700286865234
460.6,right,6,18408,0.0,87.072998046875,87.072998046875
460.6,right,7,18408,0.0,78.17500305175781,78.17500305175781
465.7,right,0,18612,0.0,52.19200134277344,52.21200180053711
465.7,right,1,18612,0.0,67.16100311279297,67.16100311279297
465.7,right,2,18611,0.0,84.24500274658203,85.00900268554688
465.7,right,3,18611,0.0,93.25499725341797,93.25499725341797
465.7,right,4,18611,0.0,88.0469970703125,88.0469970703125
465.7,right,5,18611,0.0,86.23699951171875,86.23699951171875
465.7,right,6,18611,0.0,87.072998046875,87.072998046875
465.7,right,7,18611,0.0,78.19400024414062,78.19400024414062
470.8,right,0,18815,0.0,52.19200134277344,52.21200180053711
470.8,right,1,18815,0.0,67.16100311279297,67.16100311279297
470.8,right,2,18815,0.0,85.00900268554688,85.00900268554688
470.8,right,3,18815,0.0,94.01899719238281,94.01899719238281
470.8,right,4,18815,0.0,88.08599853515625,88.08599853515625
470.8,right,5,18815,0.0,87.01899719238281,87.01899719238281
470.8,right,6,18815,0.0,87.072998046875,87.09200286865234
470.8,right,7,18815,0.0,78.19400024414062,78.21299743652344
475.8,right,0,19017,0.0,52.21200180053711,52.21200180053711
475.8,right,1,19017,0.0,67.18000030517578,67.18000030517578
475.8,right,2,19016,0.0,85.02799987792969,85.02799987792969
475.8,right,3,19016,0.0,94.03800201416016,94.03800201416016
475.8,right,4,19016,0.0,88.1240005493164,88.1240005493164
475.8,right,5,19016,0.0,87.01899719238281,87.03800201416016
475.8,right,6,19016,0.0,87.11199951171875,87.11199951171875
475.8,right,7,19016,0.0,78.21299743652344,78.23300170898438
480.9,right,0,19220,0.0,52.21200180053711,52.21200180053711
480.9,right,1,19220,0.0,67.18000030517578,67.18000030517578
480.9,right,2,19220,0.0,85.0469970703125,85.0469970703125
480.9,right,3,19220,0.0,94.0770034790039,94.0770034790039
480.9,right,4,19220,0.0,88.14399719238281,88.14399719238281
480.9,right,5,19220,0.0,87.03800201416016,87.03800201416016
480.9,right,6,19220,0.0,87.13099670410156,87.13099670410156
480.9,right,7,19220,0.0,78.23300170898438,78.23300170898438
485.9,right,0,19420,0.0,52.23099899291992,52.23099899291992
485.9,right,1,19420,0.0,67.21900177001953,67.21900177001953
485.9,right,2,19420,0.0,85.06600189208984,85.06600189208984
485.9,right,3,19420,0.0,94.09600067138672,94.09600067138672
485.9,right,4,19420,0.0,88.16300201416016,88.16300201416016
485.9,right,5,19420,0.0,87.0770034790039,87.0770034790039
485.9,right,6,19420,0.0,87.1500015258789,87.1500015258789
485.9,right,7,19420,0.0,78.23300170898438,78.25199890136719
491.0,right,0,19623,0.0,52.23099899291992,52.23099899291992
491.0,right,1,19623,0.0,67.21900177001953,67.21900177001953
491.0,right,2,19623,0.0,85.08599853515625,85.08599853515625
491.0,right,3,19623,0.0,94.11599731445312,94.11599731445312
491.0,right,4,19622,0.0,88.18199920654297,88.18199920654297
491.0,right,5,19622,0.0,87.09600067138672,87.09600067138672
491.0,right,6,19622,0.0,87.1500015258789,87.16999816894531
491.0,right,7,19622,0.0,78.25199890136719,78.25199890136719
496.0,right,0,19825,0.0,52.23099899291992,52.23099899291992
496.0,right,1,19825,0.0,67.23899841308594,67.23899841308594
496.0,right,2,19825,0.0,85.08599853515625,85.08599853515625
496.0,right,3,19825,0.0,94.13500213623047,94.13500213623047
496.0,right,4,19825,0.0,88.2020034790039,88.2020034790039
496.0,right,5,19825,0.0,87.11499786376953,87.11499786376953
496.0,right,6,19825,0.0,87.16999816894531,87.18900299072266
496.0,right,7,19825,0.0,79.01599884033203,79.01599884033203
501.1,right,0,20027,0.0,52.25,52.25
501.1,right,1,20027,0.0,67.23899841308594,67.23899841308594
501.1,right,2,20026,0.0,85.1050033569336,85.1050033569336
501.1,right,3,20026,0.0,94.15399932861328,94.15399932861328
501.1,right,4,20026,0.0,88.22100067138672,88.22100067138672
501.1,right,5,20026,0.0,87.11499786376953,87.13400268554688
501.1,right,6,20026,0.0,87.18900299072266,87.20800018310547
501.1,right,7,20026,0.0,79.03500366210938,79.03500366210938
506.1,right,0,20229,0.0,52.25,52.25
506.1,right,1,20229,0.0,68.00199890136719,68.00199890136719
506.1,right,2,20229,0.0,85.14399719238281,85.14399719238281
506.1,right,3,20229,0.0,94.19300079345703,94.19300079345703
506.1,right,4,20229,0.0,88.22100067138672,88.22100067138672
506.1,right,5,20229,0.0,87.13400268554688,87.13400268554688
506.1,right,6,20228,0.0,87.20800018310547,87.20800018310547
506.1,right,7,20228,0.0,79.05500030517578,79.05500030517578
511.1,right,0,20430,0.0,52.25,52.25
511.1,right,1,20430,0.0,68.00199890136719,68.00199890136719
511.1,right,2,20430,0.0,85.16300201416016,85.16300201416016
511.1,right,3,20430,0.0,94.21199798583984,94.21199798583984
511.1,right,4,20430,0.0,89.00399780273438,89.00399780273438
511.1,right,5,20430,0.0,87.15399932861328,87.15399932861328
511.1,right,6,20430,0.0,87.22799682617188,87.22799682617188
511.1,right,7,20430,0.0,79.09300231933594,79.09300231933594
516.2,right,0,20630,0.0,52.25,52.25
516.2,right,1,20630,0.0,68.00199890136719,68.00199890136719
516.2,right,2,20630,0.0,85.16300201416016,85.18199920654297
516.2,right,3,20630,0.0,94.23200225830078,94.23200225830078
516.2,right,4,20630,0.0,89.02300262451172,89.04299926757812
516.2,right,5,20630,0.0,87.15399932861328,87.15399932861328
516.2,right,6,20630,0.0,87.24700164794922,87.24700164794922
516.2,right,7,20630,0.0,79.11299896240234,79.11299896240234
521.2,right,0,20834,0.0,53.013999938964844,53.013999938964844
521.2,right,1,20834,0.0,68.00199890136719,68.02100372314453
521.2,right,2,20834,0.0,85.18199920654297,85.18199920654297
521.2,right,3,20834,0.0,94.2509994506836,94.2509994506836
521.2,right,4,20834,0.0,89.08200073242188,89.08200073242188
521.2,right,5,20834,0.0,87.15399932861328,87.15399932861328
521.2,right,6,20833,0.0,88.02999877929688,88.02999877929688
521.2,right,7,20833,0.0,79.13200378417969,79.13200378417969
526.3,right,0,21035,0.0,53.013999938964844,53.013999938964844
526.3,right,1,21035,0.0,68.02100372314453,68.02100372314453
526.3,right,2,21035,0.0,85.18199920654297,85.18199920654297
526.3,right,3,21035,0.0,94.23200225830078,94.2509994506836
526.3,right,4,21035,0.0,89.10099792480469,89.12000274658203
526.3,right,5,21035,0.0,87.1729965209961,87.1729965209961
526.3,right,6,21035,0.0,88.02999877929688,88.02999877929688
526.3,right,7,21035,0.0,79.13200378417969,79.1520004272461
531.3,right,0,21237,0.0,53.03300094604492,53.03300094604492
531.3,right,1,21237,0.0,68.02100372314453,68.04100036621094
531.3,right,2,21236,0.0,85.2020034790039,85.2020034790039
531.3,right,3,21236,0.0,95.01399993896484,95.01399993896484
531.3,right,4,21236,0.0,89.12000274658203,89.12000274658203
531.3,right,5,21236,0.0,87.21099853515625,87.21099853515625
531.3,right,6,21236,0.0,88.04900360107422,88.04900360107422
531.3,right,7,21236,0.0,79.1709976196289,79.1709976196289
536.4,right,0,21439,0.0,53.03300094604492,53.03300094604492
536.4,right,1,21439,0.0,68.02100372314453,68.04100036621094
536.4,right,2,21439,0.0,85.2020034790039,85.2020034790039
536.4,right,3,21439,0.0,95.03399658203125,95.03399658203125
536.4,right,4,21439,0.0,89.13999938964844,89.13999938964844
536.4,right,5,21439,0.0,87.25,87.25
536.4,right,6,21438,0.0,88.06900024414062,88.08799743652344
536.4,right,7,21438,0.0,79.1709976196289,79.19100189208984
541.4,right,0,21640,0.0,53.03300094604492,53.03300094604492
541.4,right,1,21640,0.0,68.04100036621094,68.04100036621094
541.4,right,2,21640,0.0,85.2020034790039,85.2020034790039
541.4,right,3,21640,0.0,95.0530014038086,95.0530014038086
541.4,right,4,21640,0.0,89.13999938964844,89.13999938964844
541.4,right,5,21640,0.0,88.01300048828125,88.03199768066406
541.4,right,6,21640,0.0,88.08799743652344,88.08799743652344
541.4,right,7,21640,0.0,79.1709976196289,79.19100189208984
546.5,right,0,21842,0.0,53.03300094604492,53.053001403808594
546.5,right,1,21842,0.0,68.05999755859375,68.05999755859375
546.5,right,2,21841,0.0,85.22100067138672,85.22100067138672
546.5,right,3,21841,0.0,95.072998046875,95.072998046875
546.5,right,4,21841,0.0,89.13999938964844,89.15899658203125
546.5,right,5,21841,0.0,88.03199768066406,88.0510025024414
546.5,right,6,21841,0.0,88.10700225830078,88.10700225830078
546.5,right,7,21841,0.0,79.19100189208984,79.19100189208984
551.5,right,0,22045,0.0,53.053001403808594,53.053001403808594
551.5,right,1,22045,0.0,68.05999755859375,68.05999755859375
551.5,right,2,22045,0.0,85.23999786376953,85.23999786376953
551.5,right,3,22045,0.0,95.09200286865234,95.09200286865234
551.5,right,4,22045,0.0,89.13999938964844,89.15899658203125
551.5,right,5,22045,0.0,88.03199768066406,88.0510025024414
551.5,right,6,22045,0.0,88.10700225830078,88.12699890136719
551.5,right,7,22045,0.0,79.20999908447266,79.20999908447266
556.6,right,0,22248,0.0,53.053001403808594,53.053001403808594
556.6,right,1,22248,0.0,68.05999755859375,68.05999755859375
556.6,right,2,22248,0.0,85.23999786376953,86.00299835205078
556.6,right,3,22248,0.0,95.11100006103516,95.11100006103516
556.6,right,4,22247,0.0,89.15899658203125,89.15899658203125
556.6,right,5,22247,0.0,88.0510025024414,88.0510025024414
556.6,right,6,22247,0.0,88.10700225830078,88.12699890136719
556.6,right,7,22247,0.0,79.19100189208984,79.20999908447266
561.7,right,0,22450,0.0,53.053001403808594,53.071998596191406
561.7,right,1,22450,0.0,68.05999755859375,68.0790023803711
561.7,right,2,22450,0.0,86.00299835205078,86.00299835205078
561.7,right,3,22450,0.0,95.13099670410156,95.13099670410156
561.7,right,4,22450,0.0,89.197998046875,89.197998046875
561.7,right,5,22450,0.0,88.07099914550781,88.07099914550781
561.7,right,6,22450,0.0,88.12699890136719,88.14600372314453
561.7,right,7,22450,0.0,79.20999908447266,79.20999908447266
566.7,right,0,22653,0.0,53.071998596191406,53.071998596191406
566.7,right,1,22653,0.0,68.0790023803711,68.0790023803711
566.7,right,2,22653,0.0,86.02300262451172,86.02300262451172
566.7,right,3,22653,0.0,95.1500015258789,95.1500015258789
566.7,right,4,22652,0.0,89.197998046875,89.197998046875
566.7,right,5,22652,0.0,88.08999633789062,88.08999633789062
566.7,right,6,22652,0.0,88.16500091552734,88.16500091552734
566.7,right,7,22652,0.0,79.20999908447266,79.20999908447266
571.8,right,0,22855,0.0,53.071998596191406,53.071998596191406
571.8,right,1,22855,0.0,68.0790023803711,68.0790023803711
571.8,right,2,22855,0.0,86.02300262451172,86.02300262451172
571.8,right,3,22855,0.0,95.1500015258789,95.1500015258789
571.8,right,4,22855,0.0,89.21700286865234,89.23699951171875
571.8,right,5,22855,0.0,88.10900115966797,88.10900115966797
571.8,right,6,22855,0.0,88.18499755859375,88.18499755859375
571.8,right,7,22855,0.0,79.2300033569336,79.2300033569336
576.8,right,0,23055,0.0,53.053001403808594,53.071998596191406
576.8,right,1,23055,0.0,68.0790023803711,68.0989990234375
576.8,right,2,23055,0.0,86.04199981689453,86.04199981689453
576.8,right,3,23055,0.0,95.16899871826172,95.16899871826172
576.8,right,4,23055,0.0,89.21700286865234,89.23699951171875
576.8,right,5,23055,0.0,88.12799835205078,88.12799835205078
576.8,right,6,23055,0.0,88.2040023803711,88.2229995727539
576.8,right,7,23055,0.0,79.2300033569336,79.2300033569336
581.9,right,0,23258,0.0,53.071998596191406,53.071998596191406
581.9,right,1,23258,0.0,68.0989990234375,68.0989990234375
581.9,right,2,23258,0.0,86.06099700927734,86.06099700927734
581.9,right,3,23258,0.0,95.18900299072266,95.18900299072266
581.9,right,4,23257,0.0,89.23699951171875,90.23699951171875
581.9,right,5,23257,0.0,88.12799835205078,88.12799835205078
581.9,right,6,23257,0.0,88.24299621582031,88.24299621582031
581.9,right,7,23257,0.0,79.2300033569336,79.2300033569336
586.9,right,0,23460,0.0,53.071998596191406,53.071998596191406
586.9,right,1,23460,0.0,68.11799621582031,68.11799621582031
586.9,right,2,23460,0.0,86.06099700927734,86.08100128173828
586.9,right,3,23460,0.0,95.20800018310547,95.20800018310547
586.9,right,4,23460,0.0,89.23699951171875,90.23699951171875
586.9,right,5,23460,0.0,88.14800262451172,88.14800262451172
586.9,right,6,23460,0.0,88.24299621582031,89.00599670410156
586.9,right,7,23460,0.0,80.01200103759766,80.01200103759766
592.0,right,0,23662,0.0,53.090999603271484,53.090999603271484
592.0,right,1,23662,0.0,68.11799621582031,68.11799621582031
592.0,right,2,23661,0.0,86.08100128173828,86.0999984741211
592.0,right,3,23661,0.0,95.20800018310547,95.22699737548828
592.0,right,4,23661,0.0,89.23699951171875,90.23699951171875
592.0,right,5,23661,0.0,88.14800262451172,88.16699981689453
592.0,right,6,23661,0.0,89.00599670410156,89.00599670410156
592.0,right,7,23661,0.0,80.01200103759766,80.01200103759766
597.0,right,0,23864,0.0,53.090999603271484,53.090999603271484
597.0,right,1,23864,0.0,68.11799621582031,68.13800048828125
597.0,right,2,23864,0.0,86.0999984741211,86.0999984741211
597.0,right,3,23864,0.0,95.24700164794922,95.24700164794922
597.0,right,4,23864,0.0,90.0,90.23699951171875
597.0,right,5,23864,0.0,88.16699981689453,88.16699981689453
597.0,right,6,23863,0.0,88.24299621582031,89.00599670410156
597.0,right,7,23863,0.0,80.03199768066406,80.03199768066406
602.1,right,0,24065,0.0,53.111000061035156,53.111000061035156
602.1,right,1,24065,0.0,68.13800048828125,68.13800048828125
602.1,right,2,24065,0.0,86.11900329589844,86.11900329589844
602.1,right,3,24065,0.0,95.24700164794922,95.24700164794922
602.1,right,4,24065,0.0,90.0199966430664,90.23699951171875
602.1,right,5,24065,0.0,88.14800262451172,88.16699981689453
602.1,right,6,24065,0.0,89.00599670410156,89.00599670410156
602.1,right,7,24065,0.0,80.0510025024414,80.0510025024414
607.1,right,0,24268,0.0,53.111000061035156,53.111000061035156
607.1,right,1,24268,0.0,68.13800048828125,68.13800048828125
607.1,right,2,24268,0.0,86.11900329589844,86.11900329589844
607.1,right,3,24268,0.0,96.01000213623047,96.01000213623047
607.1,right,4,24267,0.0,90.03900146484375,90.23699951171875
607.1,right,5,24267,0.0,88.16699981689453,88.16699981689453
607.1,right,6,24267,0.0,89.0250015258789,89.0250015258789
607.1,right,7,24267,0.0,80.0510025024414,80.0510025024414
612.1,right,0,24469,0.0,53.111000061035156,53.111000061035156
612.1,right,1,24469,0.0,68.15699768066406,68.15699768066406
612.1,right,2,24469,0.0,86.15799713134766,86.15799713134766
612.1,right,3,24469,0.0,96.02899932861328,96.02899932861328
612.1,right,4,24469,0.0,90.03900146484375,90.23699951171875
612.1,right,5,24469,0.0,88.16699981689453,88.16699981689453
612.1,right,6,24468,0.0,89.04499816894531,89.04499816894531
612.1,right,7,24468,0.0,80.0510025024414,80.07099914550781
617.2,right,0,24670,0.0,53.111000061035156,53.111000061035156
617.2,right,1,24670,0.0,68.15699768066406,68.15699768066406
617.2,right,2,24670,0.0,86.15799713134766,86.15799713134766
617.2,right,3,24670,0.0,96.04900360107422,96.04900360107422
617.2,right,4,24670,0.0,90.05799865722656,90.23699951171875
617.2,right,5,24670,0.0,88.16699981689453,88.16699981689453
617.2,right,6,24670,0.0,89.04499816894531,89.04499816894531
617.2,right,7,24670,0.0,80.07099914550781,80.08999633789062
622.2,right,0,24872,0.0,53.090999603271484,53.111000061035156
622.2,right,1,24872,0.0,68.15699768066406,68.15699768066406
622.2,right,2,24871,0.0,86.15799713134766,86.177001953125
622.2,right,3,24871,0.0,96.06800079345703,96.06800079345703
622.2,right,4,24871,0.0,90.05799865722656,90.23699951171875
622.2,right,5,24871,0.0,88.18599700927734,88.18599700927734
622.2,right,6,24871,0.0,89.06400299072266,89.06400299072266
622.2,right,7,24871,0.0,80.08999633789062,80.08999633789062
627.3,right,0,25075,0.0,53.111000061035156,53.111000061035156
627.3,right,1,25075,0.0,68.15699768066406,68.15699768066406
627.3,right,2,25075,0.0,86.1969985961914,86.1969985961914
627.3,right,3,25075,0.0,96.08799743652344,96.08799743652344
627.3,right,4,25075,0.0,90.05799865722656,90.23699951171875
627.3,right,5,25075,0.0,88.18599700927734,88.18599700927734
627.3,right,6,25075,0.0,89.04499816894531,89.06400299072266
627.3,right,7,25075,0.0,80.08999633789062,80.11000061035156
632.3,right,0,25277,0.0,53.111000061035156,53.111000061035156
632.3,right,1,25277,0.0,68.15699768066406,68.15699768066406
632.3,right,2,25276,0.0,86.1969985961914,86.1969985961914
632.3,right,3,25276,0.0,96.10700225830078,96.10700225830078
632.3,right,4,25276,0.0,90.0780029296875,90.23699951171875
632.3,right,5,25276,0.0,88.2239990234375,88.2239990234375
632.3,right,6,25276,0.0,89.06400299072266,89.06400299072266
632.3,right,7,25276,0.0,80.11000061035156,80.11000061035156
637.4,right,0,25479,0.0,53.111000061035156,53.130001068115234
637.4,right,1,25479,0.0,68.1760025024414,68.1760025024414
637.4,right,2,25479,0.0,86.1969985961914,86.21600341796875
637.4,right,3,25479,0.0,96.10700225830078,96.10700225830078
637.4,right,4,25479,0.0,90.09700012207031,90.23699951171875
637.4,right,5,25479,0.0,88.24400329589844,88.24400329589844
637.4,right,6,25478,0.0,89.06400299072266,89.08300018310547
637.4,right,7,25478,0.0,80.11000061035156,80.11000061035156
642.4,right,0,25680,0.0,53.130001068115234,53.130001068115234
642.4,right,1,25680,0.0,68.1760025024414,68.19599914550781
642.4,right,2,25680,0.0,86.21600341796875,86.23500061035156
642.4,right,3,25680,0.0,96.1259994506836,96.1259994506836
642.4,right,4,25680,0.0,90.09700012207031,90.23699951171875
642.4,right,5,25680,0.0,88.24400329589844,88.24400329589844
642.4,right,6,25680,0.0,89.08300018310547,89.08300018310547
642.4,right,7,25680,0.0,80.12899780273438,80.12899780273438
647.5,right,0,25882,0.0,53.130001068115234,53.130001068115234
647.5,right,1,25882,0.0,68.19599914550781,68.19599914550781
647.5,right,2,25881,0.0,86.23500061035156,86.23500061035156
647.5,right,3,25881,0.0,96.14600372314453,96.14600372314453
647.5,right,4,25881,0.0,90.09700012207031,90.23699951171875
647.5,right,5,25881,0.0,89.00700378417969,89.00700378417969
647.5,right,6,25881,0.0,89.08300018310547,89.08300018310547
647.5,right,7,25881,0.0,80.12899780273438,80.12899780273438
652.5,right,0,26085,0.0,53.130001068115234,53.130001068115234
652.5,right,1,26085,0.0,68.19599914550781,68.19599914550781
652.5,right,2,26085,0.0,86.23500061035156,86.25399780273438
652.5,right,3,26085,0.0,96.16500091552734,96.16500091552734
652.5,right,4,26085,0.0,90.09700012207031,90.23699951171875
652.5,right,5,26085,0.0,89.0260009765625,89.0260009765625
652.5,right,6,26085,0.0,89.12200164794922,89.12200164794922
652.5,right,7,26085,0.0,80.12899780273438,80.12899780273438
657.6,right,0,26288,0.0,53.14899826049805,53.14899826049805
657.6,right,1,26288,0.0,68.19599914550781,68.19599914550781
657.6,right,2,26288,0.0,87.01799774169922,87.01799774169922
657.6,right,3,26288,0.0,96.18399810791016,96.18399810791016
657.6,right,4,26287,0.0,90.11699676513672,90.23699951171875
657.6,right,5,26287,0.0,89.0260009765625,89.0260009765625
657.6,right,6,26287,0.0,89.12200164794922,89.14099884033203
657.6,right,7,26287,0.0,80.12899780273438,80.14800262451172
662.7,right,0,26490,0.0,53.14899826049805,53.14899826049805
662.7,right,1,26490,0.0,68.19599914550781,68.21499633789062
662.7,right,2,26490,0.0,86.25399780273438,87.01799774169922
662.7,right,3,26490,0.0,96.2040023803711,96.2040023803711
662.7,right,4,26490,0.0,90.13600158691406,90.23699951171875
662.7,right,5,26490,0.0,89.0260009765625,89.0260009765625
662.7,right,6,26490,0.0,89.14099884033203,89.14099884033203
662.7,right,7,26490,0.0,80.14800262451172,80.14800262451172
667.7,right,0,26692,0.0,53.14899826049805,53.16899871826172
667.7,right,1,26692,0.0,68.21499633789062,68.21499633789062
667.7,right,2,26691,0.0,86.25399780273438,87.01799774169922
667.7,right,3,26691,0.0,96.2229995727539,96.2229995727539
667.7,right,4,26691,0.0,90.13600158691406,90.23699951171875
667.7,right,5,26691,0.0,89.06500244140625,89.06500244140625
667.7,right,6,26691,0.0,89.14099884033203,89.14099884033203
667.7,right,7,26691,0.0,80.14800262451172,80.14800262451172
672.8,right,0,26895,0.0,53.14899826049805,53.16899871826172
672.8,right,1,26895,0.0,68.21499633789062,68.21499633789062
672.8,right,2,26895,0.0,87.01799774169922,87.03700256347656
672.8,right,3,26895,0.0,96.2229995727539,96.24199676513672
672.8,right,4,26895,0.0,90.15499877929688,90.23699951171875
672.8,right,5,26895,0.0,89.04499816894531,89.06500244140625
672.8,right,6,26895,0.0,89.16100311279297,89.16100311279297
672.8,right,7,26895,0.0,80.16799926757812,80.16799926757812
677.9,right,0,27098,0.0,53.16899871826172,53.16899871826172
677.9,right,1,27098,0.0,68.21499633789062,68.23400115966797
677.9,right,2,27098,0.0,87.03700256347656,87.03700256347656
677.9,right,3,27098,0.0,96.24199676513672,96.24199676513672
677.9,right,4,27097,0.0,90.15499877929688,90.23699951171875
677.9,right,5,27097,0.0,89.06500244140625,89.08399963378906
677.9,right,6,27097,0.0,89.14099884033203,89.16100311279297
677.9,right,7,27097,0.0,80.18699645996094,80.18699645996094
682.9,right,0,27299,0.0,53.16899871826172,53.16899871826172
682.9,right,1,27299,0.0,68.23400115966797,68.23400115966797
682.9,right,2,27299,0.0,87.05599975585938,87.05599975585938
682.9,right,3,27299,0.0,97.00599670410156,97.00599670410156
682.9,right,4,27299,0.0,90.15499877929688,90.23699951171875
682.9,right,5,27299,0.0,89.10299682617188,89.10299682617188
682.9,right,6,27298,0.0,89.16100311279297,89.16100311279297
682.9,right,7,27298,0.0,80.20700073242188,80.20700073242188
688.0,right,0,27502,0.0,53.1879997253418,53.1879997253418
688.0,right,1,27502,0.0,68.23400115966797,68.23400115966797
688.0,right,2,27501,0.0,87.05599975585938,87.07599639892578
688.0,right,3,27501,0.0,97.00599670410156,97.00599670410156
688.0,right,4,27501,0.0,90.17500305175781,90.23699951171875
688.0,right,5,27501,0.0,89.10299682617188,89.10299682617188
688.0,right,6,27501,0.0,89.16100311279297,89.18000030517578
688.0,right,7,27501,0.0,80.22599792480469,80.22599792480469
693.0,right,0,27705,0.0,53.1879997253418,53.1879997253418
693.0,right,1,27705,0.0,68.25399780273438,68.25399780273438
693.0,right,2,27705,0.0,87.07599639892578,87.07599639892578
693.0,right,3,27705,0.0,97.00599670410156,97.00599670410156
693.0,right,4,27705,0.0,90.17500305175781,90.23699951171875
693.0,right,5,27705,0.0,89.10299682617188,89.10299682617188
693.0,right,6,27705,0.0,89.18000030517578,89.18000030517578
693.0,right,7,27705,0.0,80.22599792480469,80.24600219726562
698.1,right,0,27908,0.0,53.1879997253418,53.1879997253418
698.1,right,1,27908,0.0,69.01699829101562,69.01699829101562
698.1,right,2,27908,0.0,87.07599639892578,87.09500122070312
698.1,right,3,27908,0.0,97.0250015258789,97.0250015258789
698.1,right,4,27907,0.0,90.17500305175781,90.23699951171875
698.1,right,5,27907,0.0,89.12200164794922,89.12200164794922
698.1,right,6,27907,0.0,89.19999694824219,89.19999694824219
698.1,right,7,27907,0.0,80.22599792480469,80.24600219726562
703.1,right,0,28110,0.0,53.1879997253418,53.207000732421875
703.1,right,1,28110,0.0,69.01699829101562,69.01699829101562
703.1,right,2,28110,0.0,87.09500122070312,87.09500122070312
703.1,right,3,28110,0.0,97.04399871826172,97.04399871826172
703.1,right,4,28110,0.0,90.19400024414062,90.23699951171875
703.1,right,5,28110,0.0,89.12200164794922,89.12200164794922
703.1,right,6,28110,0.0,89.19999694824219,89.21900177001953
703.1,right,7,28110,0.0,80.24600219726562,80.24600219726562
708.2,right,0,28312,0.0,53.1879997253418,53.207000732421875
708.2,right,1,28312,0.0,69.03700256347656,69.03700256347656
708.2,right,2,28311,0.0,87.11399841308594,87.11399841308594
708.2,right,3,28311,0.0,97.06400299072266,97.06400299072266
708.2,right,4,28311,0.0,90.19400024414062,90.23699951171875
708.2,right,5,28311,0.0,89.12200164794922,89.14199829101562
708.2,right,6,28311,0.0,89.21900177001953,89.21900177001953
708.2,right,7,28311,0.0,80.24600219726562,80.24600219726562
713.3,right,0,28514,0.0,53.207000732421875,53.207000732421875
713.3,right,1,28514,0.0,69.03700256347656,69.03700256347656
713.3,right,2,28514,0.0,87.13400268554688,87.13400268554688
713.3,right,3,28514,0.0,97.06400299072266,97.08300018310547
713.3,right,4,28514,0.0,90.19400024414062,90.23699951171875
713.3,right,5,28514,0.0,89.14199829101562,89.16100311279297
713.3,right,6,28513,0.0,89.21900177001953,89.21900177001953
713.3,right,7,28513,0.0,80.24600219726562,80.24600219726562
718.3,right,0,28715,0.0,53.207000732421875,53.207000732421875
718.3,right,1,28715,0.0,69.05599975585938,69.05599975585938
718.3,right,2,28715,0.0,87.13400268554688,87.15299987792969
718.3,right,3,28715,0.0,97.06400299072266,97.08300018310547
718.3,right,4,28715,0.0,90.21399688720703,90.23699951171875
718.3,right,5,28715,0.0,89.16100311279297,89.16100311279297
718.3,right,6,28715,0.0,89.23799896240234,89.23799896240234
718.3,right,7,28715,0.0,81.00900268554688,81.00900268554688
723.3,right,0,28917,0.0,53.207000732421875,53.207000732421875
723.3,right,1,28917,0.0,69.03700256347656,69.05599975585938
723.3,right,2,28916,0.0,87.13400268554688,87.15299987792969
723.3,right,3,28916,0.0,97.08300018310547,97.10299682617188
723.3,right,4,28916,0.0,90.21399688720703,90.23699951171875
723.3,right,5,28916,0.0,89.16100311279297,89.16100311279297
723.3,right,6,28916,0.0,90.00199890136719,90.00199890136719
723.3,right,7,28916,0.0,81.02899932861328,81.02899932861328
728.4,right,0,29118,0.0,53.207000732421875,53.207000732421875
728.4,right,1,29118,0.0,69.05599975585938,69.05599975585938
728.4,right,2,29118,0.0,87.13400268554688,87.15299987792969
728.4,right,3,29118,0.0,97.12200164794922,97.12200164794922
728.4,right,4,29117,0.0,90.25199890136719,90.25199890136719
728.4,right,5,29117,0.0,89.16100311279297,89.16100311279297
728.4,right,6,29117,0.0,89.23799896240234,90.00199890136719
728.4,right,7,29117,0.0,81.02899932861328,81.02899932861328
733.4,right,0,29320,0.0,53.22700119018555,53.22700119018555
733.4,right,1,29320,0.0,69.07499694824219,69.07499694824219
733.4,right,2,29320,0.0,87.1719970703125,87.1719970703125
733.4,right,3,29320,0.0,97.14099884033203,97.14099884033203
733.4,right,4,29320,0.0,91.01599884033203,91.01599884033203
733.4,right,5,29320,0.0,89.16100311279297,89.18000030517578
733.4,right,6,29320,0.0,90.00199890136719,90.00199890136719
733.4,right,7,29320,0.0,81.02899932861328,81.02899932861328
738.5,right,0,29522,0.0,53.207000732421875,53.22700119018555
738.5,right,1,29522,0.0,69.07499694824219,69.07499694824219
738.5,right,2,29521,0.0,87.1719970703125,87.1719970703125
738.5,right,3,29521,0.0,97.14099884033203,97.14099884033203
738.5,right,4,29521,0.0,91.03500366210938,91.03500366210938
738.5,right,5,29521,0.0,89.18000030517578,89.18000030517578
738.5,right,6,29521,0.0,89.23799896240234,90.00199890136719
738.5,right,7,29521,0.0,81.0479965209961,81.0479965209961
743.5,right,0,29725,0.0,53.207000732421875,53.22700119018555
743.5,right,1,29725,0.0,69.07499694824219,69.07499694824219
743.5,right,2,29725,0.0,87.1719970703125,87.1719970703125
743.5,right,3,29725,0.0,97.16100311279297,97.16100311279297
743.5,right,4,29725,0.0,91.05400085449219,91.05400085449219
743.5,right,5,29725,0.0,89.18000030517578,89.1989974975586
743.5,right,6,29725,0.0,89.21900177001953,90.00199890136719
743.5,right,7,29725,0.0,81.02899932861328,81.0479965209961
748.6,right,0,29929,0.0,53.22700119018555,53.22700119018555
748.6,right,1,29929,0.0,69.07499694824219,69.09500122070312
748.6,right,2,29929,0.0,87.1719970703125,87.1719970703125
748.6,right,3,29929,0.0,97.18000030517578,97.18000030517578
748.6,right,4,29929,0.0,91.05400085449219,91.05400085449219
748.6,right,5,29929,0.0,89.1989974975586,89.1989974975586
748.6,right,6,29928,0.0,90.00199890136719,90.00199890136719
748.6,right,7,29928,0.0,81.0479965209961,81.0479965209961
753.7,right,0,30130,0.0,53.22700119018555,53.22700119018555
753.7,right,1,30130,0.0,69.07499694824219,69.09500122070312
753.7,right,2,30130,0.0,87.1719970703125,87.1719970703125
753.7,right,3,30130,0.0,97.18000030517578,97.1989974975586
753.7,right,4,30130,0.0,91.0739974975586,91.0739974975586
753.7,right,5,30130,0.0,89.1989974975586,89.21800231933594
753.7,right,6,30130,0.0,90.00199890136719,90.00199890136719
753.7,right,7,30130,0.0,81.0479965209961,81.0479965209961
758.7,right,0,30332,0.0,53.22700119018555,53.22700119018555
758.7,right,1,30332,0.0,69.07499694824219,69.09500122070312
758.7,right,2,30331,0.0,87.19100189208984,87.19100189208984
758.7,right,3,30331,0.0,97.18000030517578,97.1989974975586
758.7,right,4,30331,0.0,91.0739974975586,91.09300231933594
758.7,right,5,30331,0.0,89.1989974975586,89.21800231933594
758.7,right,6,30331,0.0,90.00199890136719,90.00199890136719
758.7,right,7,30331,0.0,81.06700134277344,81.06700134277344
763.8,right,0,30534,0.0,53.24599838256836,53.24599838256836
763.8,right,1,30534,0.0,69.09500122070312,69.09500122070312
763.8,right,2,30534,0.0,87.19100189208984,87.19100189208984
763.8,right,3,30534,0.0,97.1989974975586,97.1989974975586
763.8,right,4,30534,0.0,91.09300231933594,91.09300231933594
763.8,right,5,30534,0.0,89.23799896240234,89.23799896240234
763.8,right,6,30533,0.0,90.02100372314453,90.02100372314453
763.8,right,7,30533,0.0,81.06700134277344,81.06700134277344
768.8,right,0,30735,0.0,53.24599838256836,53.24599838256836
768.8,right,1,30735,0.0,69.09500122070312,69.09500122070312
768.8,right,2,30735,0.0,87.19100189208984,87.19100189208984
768.8,right,3,30735,0.0,97.1989974975586,97.21900177001953
768.8,right,4,30735,0.0,91.09300231933594,91.09300231933594
768.8,right,5,30735,0.0,90.0009994506836,90.0009994506836
768.8,right,6,30735,0.0,90.02100372314453,90.04000091552734
768.8,right,7,30735,0.0,81.08699798583984,81.08699798583984
773.8,right,0,30938,0.0,53.24599838256836,53.24599838256836
773.8,right,1,30938,0.0,69.09500122070312,69.09500122070312
773.8,right,2,30938,0.0,87.19100189208984,87.21099853515625
773.8,right,3,30938,0.0,97.21900177001953,97.21900177001953
773.8,right,4,30937,0.0,91.11299896240234,91.11299896240234
773.8,right,5,30937,0.0,90.0199966430664,90.0199966430664
773.8,right,6,30937,0.0,90.04000091552734,90.04000091552734
773.8,right,7,30937,0.0,81.06700134277344,81.08699798583984
778.9,right,0,31139,0.0,53.24599838256836,53.24599838256836
778.9,right,1,31139,0.0,69.11399841308594,69.11399841308594
778.9,right,2,31139,0.0,87.21099853515625,87.21099853515625
778.9,right,3,31139,0.0,97.23799896240234,97.23799896240234
778.9,right,4,31139,0.0,91.09300231933594,91.11299896240234
778.9,right,5,31139,0.0,90.0199966430664,90.03900146484375
778.9,right,6,31138,0.0,90.05999755859375,90.05999755859375
778.9,right,7,31138,0.0,81.08699798583984,81.10600280761719
783.9,right,0,31342,0.0,53.24599838256836,53.24599838256836
783.9,right,1,31342,0.0,69.11399841308594,69.11399841308594
783.9,right,2,31341,0.0,87.2300033569336,87.2300033569336
783.9,right,3,31341,0.0,98.0009994506836,98.0009994506836
783.9,right,4,31341,0.0,91.13200378417969,91.13200378417969
783.9,right,5,31341,0.0,90.0009994506836,90.03900146484375
783.9,right,6,31341,0.0,90.05999755859375,90.05999755859375
783.9,right,7,31341,0.0,81.08699798583984,81.10600280761719
789.0,right,0,31543,0.0,53.24599838256836,53.24599838256836
789.0,right,1,31543,0.0,69.09500122070312,69.11399841308594
789.0,right,2,31543,0.0,87.2300033569336,87.2300033569336
789.0,right,3,31543,0.0,98.0009994506836,98.0009994506836
789.0,right,4,31542,0.0,91.13200378417969,91.13200378417969
789.0,right,5,31542,0.0,90.0199966430664,90.03900146484375
789.0,right,6,31542,0.0,90.0790023803711,90.0790023803711
789.0,right,7,31542,0.0,81.10600280761719,81.10600280761719
794.0,right,0,31745,0.0,53.24599838256836,53.24599838256836
794.0,right,1,31745,0.0,69.11399841308594,69.11399841308594
794.0,right,2,31745,0.0,87.2300033569336,87.2300033569336
794.0,right,3,31745,0.0,98.02100372314453,98.02100372314453
794.0,right,4,31745,0.0,91.13200378417969,91.13200378417969
794.0,right,5,31745,0.0,90.0199966430664,90.03900146484375
794.0,right,6,31745,0.0,90.0790023803711,90.0790023803711
794.0,right,7,31745,0.0,81.10600280761719,81.10600280761719
799.1,right,0,31948,0.0,53.24599838256836,54.0099983215332
799.1,right,1,31948,0.0,69.11399841308594,69.11399841308594
799.1,right,2,31948,0.0,87.2300033569336,87.2300033569336
799.1,right,3,31948,0.0,98.05899810791016,98.05899810791016
799.1,right,4,31947,0.0,91.13200378417969,91.13200378417969
799.1,right,5,31947,0.0,90.03900146484375,90.03900146484375
799.1,right,6,31947,0.0,90.0790023803711,90.0790023803711
799.1,right,7,31947,0.0,81.1449966430664,81.1449966430664
804.2,right,0,32153,0.0,54.0099983215332,54.0099983215332
804.2,right,1,32153,0.0,69.13300323486328,69.13300323486328
804.2,right,2,32153,0.0,87.2300033569336,87.2490005493164
804.2,right,3,32153,0.0,98.05899810791016,98.05899810791016
804.2,right,4,32152,0.0,91.13200378417969,91.13200378417969
804.2,right,5,32152,0.0,90.05899810791016,90.05899810791016
804.2,right,6,32152,0.0,90.0790023803711,90.0979995727539
804.2,right,7,32152,0.0,81.16500091552734,81.16500091552734
809.4,right,0,32360,0.0,54.0099983215332,54.0099983215332
809.4,right,1,32360,0.0,69.11399841308594,69.13300323486328
809.4,right,2,32360,0.0,87.2300033569336,87.2490005493164
809.4,right,3,32360,0.0,98.05899810791016,98.05899810791016
809.4,right,4,32360,0.0,91.1510009765625,91.1510009765625
809.4,right,5,32360,0.0,90.05899810791016,90.05899810791016
809.4,right,6,32360,0.0,90.0979995727539,90.0979995727539
809.4,right,7,32360,0.0,81.16500091552734,81.16500091552734
814.5,right,0,32562,0.0,54.0099983215332,54.0099983215332
814.5,right,1,32562,0.0,69.13300323486328,69.13300323486328
814.5,right,2,32561,0.0,87.2490005493164,87.2490005493164
814.5,right,3,32561,0.0,98.0790023803711,98.0790023803711
814.5,right,4,32561,0.0,91.1709976196289,91.1709976196289
814.5,right,5,32561,0.0,90.0780029296875,90.0780029296875
814.5,right,6,32561,0.0,90.0979995727539,90.11799621582031
814.5,right,7,32561,0.0,81.18399810791016,81.18399810791016
819.6,right,0,32765,0.0,54.0099983215332,54.02899932861328
819.6,right,1,32765,0.0,69.15299987792969,69.15299987792969
819.6,right,2,32765,0.0,88.01300048828125,88.01300048828125
819.6,right,3,32765,0.0,98.0979995727539,98.0979995727539
819.6,right,4,32765,0.0,91.1709976196289,91.1709976196289
819.6,right,5,32765,0.0,90.09700012207031,90.09700012207031
819.6,right,6,32765,0.0,90.11799621582031,90.11799621582031
819.6,right,7,32765,0.0,81.18399810791016,81.18399810791016
824.6,right,0,32969,0.0,54.02899932861328,54.02899932861328
824.6,right,1,32969,0.0,69.15299987792969,69.15299987792969
824.6,right,2,32969,0.0,88.01300048828125,88.01300048828125
824.6,right,3,32969,0.0,98.0979995727539,98.0979995727539
824.6,right,4,32969,0.0,91.19000244140625,91.19000244140625
824.6,right,5,32969,0.0,90.09700012207031,90.09700012207031
824.6,right,6,32968,0.0,90.11799621582031,90.11799621582031
824.6,right,7,32968,0.0,81.18399810791016,81.18399810791016
829.8,right,0,33175,0.0,54.0099983215332,54.02899932861328
829.8,right,1,33175,0.0,69.13300323486328,69.15299987792969
829.8,right,2,33175,0.0,88.01300048828125,88.03199768066406
829.8,right,3,33175,0.0,98.11799621582031,98.11799621582031
829.8,right,4,33175,0.0,91.20999908447266,91.20999908447266
829.8,right,5,33175,0.0,90.09700012207031,90.09700012207031
829.8,right,6,33175,0.0,90.13700103759766,90.13700103759766
829.8,right,7,33175,0.0,81.2040023803711,81.2040023803711
834.8,right,0,33375,0.0,54.0099983215332,54.02899932861328
834.8,right,1,33375,0.0,69.15299987792969,69.15299987792969
834.8,right,2,33375,0.0,88.03199768066406,88.03199768066406
834.8,right,3,33375,0.0,98.11799621582031,98.13700103759766
834.8,right,4,33375,0.0,91.20999908447266,91.22899627685547
834.8,right,5,33375,0.0,90.09700012207031,90.11599731445312
834.8,right,6,33375,0.0,90.11799621582031,90.13700103759766
834.8,right,7,33375,0.0,81.18399810791016,81.2040023803711
839.9,right,0,33578,0.0,54.02899932861328,54.02899932861328
839.9,right,1,33578,0.0,69.15299987792969,69.15299987792969
839.9,right,2,33578,0.0,88.03199768066406,88.03199768066406
839.9,right,3,33578,0.0,98.11799621582031,98.13700103759766
839.9,right,4,33577,0.0,91.24800109863281,91.24800109863281
839.9,right,5,33577,0.0,90.11599731445312,90.11599731445312
839.9,right,6,33577,0.0,90.13700103759766,90.13700103759766
839.9,right,7,33577,0.0,81.18399810791016,81.2229995727539
844.9,right,0,33780,0.0,54.02899932861328,54.02899932861328
844.9,right,1,33780,0.0,69.1719970703125,69.1719970703125
844.9,right,2,33780,0.0,88.03199768066406,88.03199768066406
844.9,right,3,33780,0.0,98.13700103759766,98.13700103759766
844.9,right,4,33780,0.0,91.24800109863281,91.24800109863281
844.9,right,5,33780,0.0,90.13500213623047,90.13500213623047
844.9,right,6,33780,0.0,90.1760025024414,90.1760025024414
844.9,right,7,33780,0.0,81.2040023803711,81.2229995727539
850.0,right,0,33982,0.0,54.02899932861328,54.04800033569336
850.0,right,1,33982,0.0,69.1719970703125,69.1719970703125
850.0,right,2,33981,0.0,88.03199768066406,88.03199768066406
850.0,right,3,33981,0.0,98.15599822998047,98.15599822998047
850.0,right,4,33981,0.0,92.01200103759766,92.01200103759766
850.0,right,5,33981,0.0,90.13500213623047,90.13500213623047
850.0,right,6,33981,0.0,90.15599822998047,90.1760025024414
850.0,right,7,33981,0.0,81.2229995727539,81.2229995727539
855.0,right,0,34183,0.0,54.04800033569336,54.04800033569336
855.0,right,1,34183,0.0,69.19200134277344,69.19200134277344
855.0,right,2,34183,0.0,88.03199768066406,88.0510025024414
855.0,right,3,34183,0.0,98.15599822998047,98.15599822998047
855.0,right,4,34182,0.0,92.01200103759766,92.03099822998047
855.0,right,5,34182,0.0,90.13500213623047,90.15499877929688
855.0,right,6,34182,0.0,90.19499969482422,90.19499969482422
855.0,right,7,34182,0.0,81.24199676513672,81.24199676513672
860.1,right,0,34385,0.0,54.04800033569336,54.04800033569336
860.1,right,1,34385,0.0,69.1719970703125,69.19200134277344
860.1,right,2,34385,0.0,88.0510025024414,88.0510025024414
860.1,right,3,34385,0.0,98.15599822998047,98.15599822998047
860.1,right,4,34385,0.0,92.0510025024414,92.0510025024414
860.1,right,5,34385,0.0,90.13500213623047,90.15499877929688
860.1,right,6,34385,0.0,90.1760025024414,90.19499969482422
860.1,right,7,34385,0.0,82.00599670410156,82.00599670410156
865.2,right,0,34590,0.0,54.04800033569336,54.04800033569336
865.2,right,1,34590,0.0,69.1719970703125,69.19200134277344
865.2,right,2,34590,0.0,88.0510025024414,88.0510025024414
865.2,right,3,34590,0.0,98.1760025024414,98.1760025024414
865.2,right,4,34590,0.0,92.0510025024414,92.0510025024414
865.2,right,5,34590,0.0,90.15499877929688,90.15499877929688
865.2,right,6,34590,0.0,90.19499969482422,90.19499969482422
865.2,right,7,34590,0.0,82.00599670410156,82.00599670410156
870.2,right,0,34793,0.0,54.06800079345703,54.06800079345703
870.2,right,1,34793,0.0,69.1719970703125,69.19200134277344
870.2,right,2,34793,0.0,88.07099914550781,88.07099914550781
870.2,right,3,34793,0.0,98.1760025024414,98.19499969482422
870.2,right,4,34792,0.0,92.06999969482422,92.06999969482422
870.2,right,5,34792,0.0,90.15499877929688,90.15499877929688
870.2,right,6,34792,0.0,90.19499969482422,90.19499969482422
870.2,right,7,34792,0.0,81.24199676513672,82.00599670410156
875.3,right,0,34995,0.0,54.04800033569336,54.06800079345703
875.3,right,1,34995,0.0,69.19200134277344,69.19200134277344
875.3,right,2,34995,0.0,88.07099914550781,88.08999633789062
875.3,right,3,34995,0.0,98.19499969482422,98.19499969482422
875.3,right,4,34995,0.0,92.06999969482422,92.06999969482422
875.3,right,5,34995,0.0,90.17400360107422,90.17400360107422
875.3,right,6,34995,0.0,90.23400115966797,90.23400115966797
875.3,right,7,34995,0.0,82.0250015258789,82.0250015258789
880.3,right,0,35198,0.0,54.06800079345703,54.06800079345703
880.3,right,1,35198,0.0,69.19200134277344,69.19200134277344
880.3,right,2,35198,0.0,88.08999633789062,88.08999633789062
880.3,right,3,35198,0.0,98.19499969482422,98.21399688720703
880.3,right,4,35197,0.0,92.08899688720703,92.08899688720703
880.3,right,5,35197,0.0,90.17400360107422,90.19300079345703
880.3,right,6,35197,0.0,90.19499969482422,90.23400115966797
880.3,right,7,35197,0.0,82.00599670410156,82.0250015258789
885.4,right,0,35400,0.0,54.04800033569336,54.06800079345703
885.4,right,1,35400,0.0,69.19200134277344,69.21099853515625
885.4,right,2,35400,0.0,88.08999633789062,88.08999633789062
885.4,right,3,35400,0.0,98.21399688720703,98.21399688720703
885.4,right,4,35400,0.0,92.08899688720703,92.08899688720703
885.4,right,5,35400,0.0,90.19300079345703,90.21199798583984
885.4,right,6,35400,0.0,90.23400115966797,90.25299835205078
885.4,right,7,35400,0.0,82.0250015258789,82.0250015258789
890.4,right,0,35600,0.0,54.04800033569336,54.06800079345703
890.4,right,1,35600,0.0,69.21099853515625,69.21099853515625
890.4,right,2,35600,0.0,88.10900115966797,88.10900115966797
890.4,right,3,35600,0.0,98.23400115966797,98.23400115966797
890.4,right,4,35600,0.0,92.08899688720703,92.08899688720703
890.4,right,5,35600,0.0,90.19300079345703,90.21199798583984
890.4,right,6,35600,0.0,90.23400115966797,90.25299835205078
890.4,right,7,35600,0.0,82.00599670410156,82.0250015258789
895.5,right,0,35803,0.0,54.06800079345703,54.06800079345703
895.5,right,1,35803,0.0,69.21099853515625,69.21099853515625
895.5,right,2,35803,0.0,88.10900115966797,88.10900115966797
895.5,right,3,35803,0.0,98.23400115966797,98.23400115966797
895.5,right,4,35802,0.0,92.10900115966797,92.10900115966797
895.5,right,5,35802,0.0,90.19300079345703,90.21199798583984
895.5,right,6,35802,0.0,90.23400115966797,90.25299835205078
895.5,right,7,35802,0.0,82.0250015258789,82.0250015258789
900.5,right,0,36005,0.0,54.06800079345703,54.06800079345703
900.5,right,1,36005,0.0,69.2300033569336,69.2300033569336
900.5,right,2,36005,0.0,88.12899780273438,88.12899780273438
900.5,right,3,36005,0.0,98.25299835205078,98.25299835205078
900.5,right,4,36005,0.0,92.10900115966797,92.10900115966797
900.5,right,5,36005,0.0,90.21199798583984,90.21199798583984
900.5,right,6,36005,0.0,90.23400115966797,90.25299835205078
900.5,right,7,36005,0.0,82.00599670410156,82.0250015258789
905.6,right,0,36209,0.0,54.06800079345703,54.06800079345703
905.6,right,1,36209,0.0,69.21099853515625,69.2300033569336
905.6,right,2,36209,0.0,88.10900115966797,88.12899780273438
905.6,right,3,36209,0.0,98.25299835205078,98.25299835205078
905.6,right,4,36209,0.0,92.10900115966797,92.10900115966797
905.6,right,5,36209,0.0,90.21199798583984,90.21199798583984
905.6,right,6,36208,0.0,90.23400115966797,90.25299835205078
905.6,right,7,36208,0.0,82.0250015258789,82.0250015258789
910.7,right,0,36410,0.0,54.06800079345703,54.06800079345703
910.7,right,1,36410,0.0,69.21099853515625,69.2300033569336
910.7,right,2,36410,0.0,88.12899780273438,88.12899780273438
910.7,right,3,36410,0.0,98.25299835205078,98.25299835205078
910.7,right,4,36410,0.0,92.10900115966797,92.10900115966797
910.7,right,5,36410,0.0,90.21199798583984,90.23200225830078
910.7,right,6,36410,0.0,90.25299835205078,90.25299835205078
910.7,right,7,36410,0.0,82.06400299072266,82.06400299072266
915.7,right,0,36612,0.0,54.06800079345703,54.06800079345703
915.7,right,1,36612,0.0,69.21099853515625,69.2300033569336
915.7,right,2,36611,0.0,88.12899780273438,88.14800262451172
915.7,right,3,36611,0.0,99.01599884033203,99.01599884033203
915.7,right,4,36611,0.0,92.10900115966797,92.10900115966797
915.7,right,5,36611,0.0,90.23200225830078,90.23200225830078
915.7,right,6,36611,0.0,91.01599884033203,91.01599884033203
915.7,right,7,36611,0.0,82.08399963378906,82.08399963378906
920.8,right,0,36815,0.0,54.08700180053711,54.08700180053711
920.8,right,1,36815,0.0,69.21099853515625,69.2300033569336
920.8,right,2,36815,0.0,88.14800262451172,88.14800262451172
920.8,right,3,36815,0.0,99.01599884033203,99.01599884033203
920.8,right,4,36815,0.0,92.10900115966797,92.12799835205078
920.8,right,5,36815,0.0,90.23200225830078,90.23200225830078
920.8,right,6,36815,0.0,91.03600311279297,91.05500030517578
920.8,right,7,36815,0.0,82.08399963378906,82.08399963378906
925.8,right,0,37017,0.0,54.08700180053711,54.08700180053711
925.8,right,1,37017,0.0,69.2300033569336,69.2300033569336
925.8,right,2,37016,0.0,88.14800262451172,88.16699981689453
925.8,right,3,37016,0.0,99.03600311279297,99.03600311279297
925.8,right,4,37016,0.0,92.12799835205078,92.12799835205078
925.8,right,5,37016,0.0,90.2509994506836,90.2509994506836
925.8,right,6,37016,0.0,91.03600311279297,91.05500030517578
925.8,right,7,37016,0.0,82.08399963378906,82.08399963378906
930.9,right,0,37219,0.0,54.08700180053711,54.08700180053711
930.9,right,1,37219,0.0,69.2300033569336,69.2300033569336
930.9,right,2,37219,0.0,88.14800262451172,88.16699981689453
930.9,right,3,37219,0.0,99.03600311279297,99.03600311279297
930.9,right,4,37219,0.0,92.12799835205078,92.14800262451172
930.9,right,5,37219,0.0,91.01399993896484,91.01399993896484
930.9,right,6,37218,0.0,91.05500030517578,91.05500030517578
930.9,right,7,37218,0.0,82.10299682617188,82.10299682617188
935.9,right,0,37422,0.0,54.10599899291992,54.10599899291992
935.9,right,1,37422,0.0,69.25,69.25
935.9,right,2,37421,0.0,88.16699981689453,88.16699981689453
935.9,right,3,37421,0.0,99.05500030517578,99.05500030517578
935.9,right,4,37421,0.0,92.14800262451172,92.14800262451172
935.9,right,5,37421,0.0,91.03299713134766,91.03299713134766
935.9,right,6,37421,0.0,91.05500030517578,91.07499694824219
935.9,right,7,37421,0.0,82.10299682617188,82.10299682617188
941.0,right,0,37624,0.0,54.08700180053711,54.10599899291992
941.0,right,1,37624,0.0,69.25,69.25
941.0,right,2,37624,0.0,88.16699981689453,88.18599700927734
941.0,right,3,37624,0.0,99.05500030517578,99.05500030517578
941.0,right,4,37624,0.0,92.16699981689453,92.16699981689453
941.0,right,5,37624,0.0,91.03299713134766,91.052001953125
941.0,right,6,37623,0.0,91.07499694824219,91.07499694824219
941.0,right,7,37623,0.0,82.10299682617188,82.10299682617188
946.1,right,0,37825,0.0,54.08700180053711,54.10599899291992
946.1,right,1,37825,0.0,69.2300033569336,69.25
946.1,right,2,37825,0.0,88.16699981689453,88.18599700927734
946.1,right,3,37825,0.0,99.05500030517578,99.05500030517578
946.1,right,4,37825,0.0,92.16699981689453,92.16699981689453
946.1,right,5,37825,0.0,91.052001953125,91.052001953125
946.1,right,6,37825,0.0,91.11299896240234,91.11299896240234
946.1,right,7,37825,0.0,82.08399963378906,82.10299682617188
951.1,right,0,38028,0.0,54.08700180053711,54.10599899291992
951.1,right,1,38028,0.0,69.25,69.25
951.1,right,2,38028,0.0,88.16699981689453,88.18599700927734
951.1,right,3,38028,0.0,99.0739974975586,99.0739974975586
951.1,right,4,38027,0.0,92.18599700927734,92.18599700927734
951.1,right,5,38027,0.0,91.03299713134766,91.052001953125
951.1,right,6,38027,0.0,91.07499694824219,91.11299896240234
951.1,right,7,38027,0.0,82.10299682617188,82.12200164794922
956.2,right,0,38230,0.0,54.08700180053711,54.10599899291992
956.2,right,1,38230,0.0,69.25,69.25
956.2,right,2,38230,0.0,88.18599700927734,88.18599700927734
956.2,right,3,38230,0.0,99.05500030517578,99.0739974975586
956.2,right,4,38230,0.0,92.18599700927734,92.18599700927734
956.2,right,5,38230,0.0,91.052001953125,91.052001953125
956.2,right,6,38230,0.0,91.09400177001953,91.11299896240234
956.2,right,7,38230,0.0,82.12200164794922,82.12200164794922
961.2,right,0,38432,0.0,54.10599899291992,54.10599899291992
961.2,right,1,38432,0.0,69.25,69.25
961.2,right,2,38431,0.0,88.18599700927734,88.18599700927734
961.2,right,3,38431,0.0,99.0739974975586,99.0739974975586
961.2,right,4,38431,0.0,92.18599700927734,92.18599700927734
961.2,right,5,38431,0.0,91.052001953125,91.052001953125
961.2,right,6,38431,0.0,91.07499694824219,91.11299896240234
961.2,right,7,38431,0.0,82.10299682617188,82.12200164794922
966.3,right,0,38635,0.0,54.10599899291992,54.10599899291992
966.3,right,1,38635,0.0,69.25,69.25
966.3,right,2,38635,0.0,88.20600128173828,88.20600128173828
966.3,right,3,38635,0.0,99.09400177001953,99.09400177001953
966.3,right,4,38635,0.0,92.18599700927734,92.18599700927734
966.3,right,5,38635,0.0,91.052001953125,91.052001953125
966.3,right,6,38635,0.0,91.09400177001953,91.11299896240234
966.3,right,7,38635,0.0,82.10299682617188,82.12200164794922
971.3,right,0,38837,0.0,54.10599899291992,54.10599899291992
971.3,right,1,38837,0.0,69.25,69.25
971.3,right,2,38836,0.0,88.20600128173828,88.20600128173828
971.3,right,3,38836,0.0,99.09400177001953,99.09400177001953
971.3,right,4,38836,0.0,92.20600128173828,92.20600128173828
971.3,right,5,38836,0.0,91.0719985961914,91.0719985961914
971.3,right,6,38836,0.0,91.13300323486328,91.13300323486328
971.3,right,7,38836,0.0,82.12200164794922,82.12200164794922
976.4,right,0,39038,0.0,54.10599899291992,54.10599899291992
976.4,right,1,39038,0.0,69.25,69.25
976.4,right,2,39038,0.0,88.2249984741211,88.2249984741211
976.4,right,3,39038,0.0,99.11299896240234,99.11299896240234
976.4,right,4,39037,0.0,92.2249984741211,92.2249984741211
976.4,right,5,39037,0.0,91.09100341796875,91.09100341796875
976.4,right,6,39037,0.0,91.13300323486328,91.1520004272461
976.4,right,7,39037,0.0,82.12200164794922,82.12200164794922
981.4,right,0,39240,0.0,54.10599899291992,54.125999450683594
981.4,right,1,39240,0.0,69.25,70.01300048828125
981.4,right,2,39240,0.0,88.2249984741211,88.2249984741211
981.4,right,3,39240,0.0,99.11299896240234,99.11299896240234
981.4,right,4,39240,0.0,92.2249984741211,92.2249984741211
981.4,right,5,39240,0.0,91.09100341796875,91.09100341796875
981.4,right,6,39240,0.0,91.13300323486328,91.1520004272461
981.4,right,7,39240,0.0,82.14199829101562,82.14199829101562
986.5,right,0,39442,0.0,54.10599899291992,54.125999450683594
986.5,right,1,39442,0.0,69.25,70.01300048828125
986.5,right,2,39441,0.0,88.24400329589844,88.24400329589844
986.5,right,3,39441,0.0,99.13300323486328,99.13300323486328
986.5,right,4,39441,0.0,92.2249984741211,92.2249984741211
986.5,right,5,39441,0.0,91.09100341796875,91.09100341796875
986.5,right,6,39441,0.0,91.13300323486328,91.1520004272461
986.5,right,7,39441,0.0,82.12200164794922,82.14199829101562
991.5,right,0,39644,0.0,54.10599899291992,54.125999450683594
991.5,right,1,39644,0.0,70.01300048828125,70.01300048828125
991.5,right,2,39644,0.0,88.24400329589844,88.24400329589844
991.5,right,3,39644,0.0,99.1520004272461,99.1520004272461
991.5,right,4,39644,0.0,92.2249984741211,92.24500274658203
991.5,right,5,39644,0.0,91.11000061035156,91.11000061035156
991.5,right,6,39643,0.0,91.1709976196289,91.1709976196289
991.5,right,7,39643,0.0,82.14199829101562,82.16100311279297
996.5,right,0,39845,0.0,54.10599899291992,54.125999450683594
996.5,right,1,39845,0.0,69.25,70.01300048828125
996.5,right,2,39845,0.0,88.2249984741211,88.24400329589844
996.5,right,3,39845,0.0,99.1520004272461,99.1520004272461
996.5,right,4,39845,0.0,92.2249984741211,92.24500274658203
996.5,right,5,39845,0.0,91.11000061035156,91.11000061035156
996.5,right,6,39845,0.0,91.1709976196289,91.1709976196289
996.5,right,7,39845,0.0,82.16100311279297,82.16100311279297
1001.6,right,0,40047,0.0,54.10599899291992,54.125999450683594
1001.6,right,1,40047,0.0,70.01300048828125,70.01300048828125
1001.6,right,2,40046,0.0,88.24400329589844,88.24400329589844
1001.6,right,3,40046,0.0,99.1520004272461,99.1520004272461
1001.6,right,4,40046,0.0,92.24500274658203,92.24500274658203
1001.6,right,5,40046,0.0,91.11000061035156,91.11000061035156
1001.6,right,6,40046,0.0,91.1709976196289,91.1709976196289
1001.6,right,7,40046,0.0,82.16100311279297,82.16100311279297
1006.6,right,0,40249,0.0,54.10599899291992,54.125999450683594
1006.6,right,1,40249,0.0,69.25,70.01300048828125
1006.6,right,2,40249,0.0,88.24400329589844,88.24400329589844
1006.6,right,3,40249,0.0,99.1709976196289,99.1709976196289
1006.6,right,4,40249,0.0,93.00800323486328,93.00800323486328
1006.6,right,5,40249,0.0,91.11000061035156,91.12899780273438
1006.6,right,6,40248,0.0,91.1709976196289,91.1709976196289
1006.6,right,7,40248,0.0,82.16100311279297,82.16100311279297
1011.7,right,0,40450,0.0,54.125999450683594,54.125999450683594
1011.7,right,1,40450,0.0,70.01300048828125,70.01300048828125
1011.7,right,2,40450,0.0,88.00800323486328,89.00800323486328
1011.7,right,3,40450,0.0,99.1709976196289,99.19100189208984
1011.7,right,4,40450,0.0,93.00800323486328,93.00800323486328
1011.7,right,5,40450,0.0,91.11000061035156,91.12899780273438
1011.7,right,6,40450,0.0,91.1709976196289,91.1709976196289
1011.7,right,7,40450,0.0,82.18099975585938,82.18099975585938
1016.7,right,0,40652,0.0,54.125999450683594,54.125999450683594
1016.7,right,1,40652,0.0,70.01300048828125,70.01300048828125
1016.7,right,2,40651,0.0,89.00800323486328,89.00800323486328
1016.7,right,3,40651,0.0,99.19100189208984,99.19100189208984
1016.7,right,4,40651,0.0,93.00800323486328,93.00800323486328
1016.7,right,5,40651,0.0,91.11000061035156,91.12899780273438
1016.7,right,6,40651,0.0,91.1709976196289,91.19100189208984
1016.7,right,7,40651,0.0,82.18099975585938,82.18099975585938
1021.8,right,0,40854,0.0,54.125999450683594,54.125999450683594
1021.8,right,1,40854,0.0,70.01300048828125,70.01300048828125
1021.8,right,2,40854,0.0,89.00800323486328,89.00800323486328
1021.8,right,3,40854,0.0,99.20999908447266,99.20999908447266
1021.8,right,4,40854,0.0,93.00800323486328,93.0270004272461
1021.8,right,5,40854,0.0,91.11000061035156,91.12899780273438
1021.8,right,6,40853,0.0,91.1709976196289,91.19100189208984
1021.8,right,7,40853,0.0,82.18099975585938,82.18099975585938
1026.8,right,0,41055,0.0,54.125999450683594,54.14500045776367
1026.8,right,1,41055,0.0,70.01300048828125,70.01300048828125
1026.8,right,2,41055,0.0,89.00800323486328,89.00800323486328
1026.8,right,3,41055,0.0,99.20999908447266,99.20999908447266
1026.8,right,4,41055,0.0,93.0270004272461,93.0270004272461
1026.8,right,5,41055,0.0,91.12899780273438,91.12899780273438
1026.8,right,6,41055,0.0,91.19100189208984,91.19100189208984
1026.8,right,7,41055,0.0,82.18099975585938,82.18099975585938
1031.9,right,0,41258,0.0,54.14500045776367,54.14500045776367
1031.9,right,1,41258,0.0,70.01300048828125,70.03199768066406
1031.9,right,2,41258,0.0,89.00800323486328,89.00800323486328
1031.9,right,3,41258,0.0,99.20999908447266,99.22899627685547
1031.9,right,4,41257,0.0,93.0270004272461,93.0270004272461
1031.9,right,5,41257,0.0,91.12899780273438,91.12899780273438
1031.9,right,6,41257,0.0,91.19100189208984,91.19100189208984
1031.9,right,7,41257,0.0,82.18099975585938,82.18099975585938
1036.9,right,0,41460,0.0,54.14500045776367,54.14500045776367
1036.9,right,1,41460,0.0,70.01300048828125,70.03199768066406
1036.9,right,2,41460,0.0,89.00800323486328,89.0270004272461
1036.9,right,3,41460,0.0,99.22899627685547,99.22899627685547
1036.9,right,4,41460,0.0,93.0469970703125,93.0469970703125
1036.9,right,5,41460,0.0,91.12899780273438,91.12899780273438
1036.9,right,6,41460,0.0,91.1709976196289,91.19100189208984
1036.9,right,7,41460,0.0,82.18099975585938,82.18099975585938
1042.0,right,0,41663,0.0,54.14500045776367,54.14500045776367
1042.0,right,1,41663,0.0,70.01300048828125,70.03199768066406
1042.0,right,2,41663,0.0,89.0459976196289,89.0459976196289
1042.0,right,3,41663,0.0,99.20999908447266,99.22899627685547
1042.0,right,4,41662,0.0,93.0469970703125,93.0469970703125
1042.0,right,5,41662,0.0,91.14900207519531,91.14900207519531
1042.0,right,6,41662,0.0,91.19100189208984,91.19100189208984
1042.0,right,7,41662,0.0,82.18099975585938,82.18099975585938
1047.0,right,0,41865,0.0,54.14500045776367,54.14500045776367
1047.0,right,1,41865,0.0,70.03199768066406,70.03199768066406
1047.0,right,2,41865,0.0,89.0459976196289,89.0459976196289
1047.0,right,3,41865,0.0,99.22899627685547,99.22899627685547
1047.0,right,4,41865,0.0,93.0469970703125,93.0469970703125
1047.0,right,5,41865,0.0,91.16799926757812,91.16799926757812
1047.0,right,6,41865,0.0,91.20999908447266,91.20999908447266
1047.0,right,7,41865,0.0,82.19999694824219,82.19999694824219
1052.1,right,0,42068,0.0,54.14500045776367,54.14500045776367
1052.1,right,1,42068,0.0,70.03199768066406,70.03199768066406
1052.1,right,2,42068,0.0,89.00800323486328,89.0459976196289
1052.1,right,3,42068,0.0,99.2490005493164,99.2490005493164
1052.1,right,4,42067,0.0,93.0469970703125,93.0469970703125
1052.1,right,5,42067,0.0,91.16799926757812,91.16799926757812
1052.1,right,6,42067,0.0,91.20999908447266,91.20999908447266
1052.1,right,7,42067,0.0,82.19999694824219,82.19999694824219
1057.1,right,0,42269,0.0,54.14500045776367,54.14500045776367
1057.1,right,1,42269,0.0,70.01300048828125,70.03199768066406
1057.1,right,2,42269,0.0,89.0459976196289,89.0459976196289
1057.1,right,3,42269,0.0,99.22899627685547,99.2490005493164
1057.1,right,4,42269,0.0,93.06600189208984,93.06600189208984
1057.1,right,5,42269,0.0,91.16799926757812,91.16799926757812
1057.1,right,6,42268,0.0,91.20999908447266,91.20999908447266
1057.1,right,7,42268,0.0,82.19999694824219,82.19999694824219
1062.2,right,0,42470,0.0,54.14500045776367,54.14500045776367
1062.2,right,1,42470,0.0,70.03199768066406,70.03199768066406
1062.2,right,2,42470,0.0,89.0459976196289,89.06600189208984
1062.2,right,3,42470,0.0,99.2490005493164,100.01200103759766
1062.2,right,4,42470,0.0,93.08499908447266,93.08499908447266
1062.2,right,5,42470,0.0,91.14900207519531,91.16799926757812
1062.2,right,6,42470,0.0,91.20999908447266,91.22899627685547
1062.2,right,7,42470,0.0,82.19999694824219,82.19999694824219
1067.2,right,0,42672,0.0,54.14500045776367,54.14500045776367
1067.2,right,1,42672,0.0,70.01300048828125,70.03199768066406
1067.2,right,2,42671,0.0,89.0459976196289,89.06600189208984
1067.2,right,3,42671,0.0,99.2490005493164,100.01200103759766
1067.2,right,4,42671,0.0,93.08499908447266,93.08499908447266
1067.2,right,5,42671,0.0,91.16799926757812,91.16799926757812
1067.2,right,6,42671,0.0,91.20999908447266,91.22899627685547
1067.2,right,7,42671,0.0,82.22000122070312,82.22000122070312
1072.3,right,0,42874,0.0,54.14500045776367,54.14500045776367
1072.3,right,1,42874,0.0,70.03199768066406,70.03199768066406
1072.3,right,2,42874,0.0,89.0459976196289,89.06600189208984
1072.3,right,3,42874,0.0,100.01200103759766,100.01200103759766
1072.3,right,4,42874,0.0,93.08499908447266,93.08499908447266
1072.3,right,5,42874,0.0,91.16799926757812,91.16799926757812
1072.3,right,6,42873,0.0,91.20999908447266,91.22899627685547
1072.3,right,7,42873,0.0,82.19999694824219,82.22000122070312
1077.3,right,0,43077,0.0,54.14500045776367,54.165000915527344
1077.3,right,1,43077,0.0,70.03199768066406,70.03199768066406
1077.3,right,2,43076,0.0,89.0459976196289,89.06600189208984
1077.3,right,3,43076,0.0,100.03099822998047,100.03099822998047
1077.3,right,4,43076,0.0,93.1050033569336,93.1050033569336
1077.3,right,5,43076,0.0,91.16799926757812,91.18699645996094
1077.3,right,6,43076,0.0,91.22899627685547,91.22899627685547
1077.3,right,7,43076,0.0,82.19999694824219,82.22000122070312
1082.4,right,0,43280,0.0,54.165000915527344,54.165000915527344
1082.4,right,1,43280,0.0,70.03199768066406,70.03199768066406
1082.4,right,2,43280,0.0,89.08499908447266,89.08499908447266
1082.4,right,3,43280,0.0,100.03099822998047,100.0510025024414
1082.4,right,4,43280,0.0,93.1050033569336,93.1050033569336
1082.4,right,5,43280,0.0,91.18699645996094,91.18699645996094
1082.4,right,6,43280,0.0,91.22899627685547,91.2490005493164
1082.4,right,7,43280,0.0,82.23899841308594,82.23899841308594
1087.5,right,0,43482,0.0,54.165000915527344,54.165000915527344
1087.5,right,1,43482,0.0,70.03199768066406,70.03199768066406
1087.5,right,2,43481,0.0,89.10399627685547,89.12300109863281
1087.5,right,3,43481,0.0,100.0510025024414,100.0510025024414
1087.5,right,4,43481,0.0,93.1240005493164,93.1240005493164
1087.5,right,5,43481,0.0,91.18699645996094,91.18699645996094
1087.5,right,6,43481,0.0,91.22899627685547,91.2490005493164
1087.5,right,7,43481,0.0,82.22000122070312,82.23899841308594
1092.5,right,0,43684,0.0,54.165000915527344,54.165000915527344
1092.5,right,1,43684,0.0,70.03199768066406,70.03199768066406
1092.5,right,2,43684,0.0,89.12300109863281,89.12300109863281
1092.5,right,3,43684,0.0,100.0510025024414,100.0510025024414
1092.5,right,4,43684,0.0,93.1240005493164,93.1240005493164
1092.5,right,5,43684,0.0,91.18699645996094,91.18699645996094
1092.5,right,6,43683,0.0,91.2490005493164,91.2490005493164
1092.5,right,7,43683,0.0,82.22000122070312,82.23899841308594
1097.6,right,0,43887,0.0,54.165000915527344,54.165000915527344
1097.6,right,1,43887,0.0,70.03199768066406,70.03199768066406
1097.6,right,2,43886,0.0,89.12300109863281,89.12300109863281
1097.6,right,3,43886,0.0,100.0510025024414,100.0510025024414
1097.6,right,4,43886,0.0,93.1240005493164,93.1240005493164
1097.6,right,5,43886,0.0,91.18699645996094,91.18699645996094
1097.6,right,6,43886,0.0,91.2490005493164,91.2490005493164
1097.6,right,7,43886,0.0,82.22000122070312,82.23899841308594
1102.6,right,0,44089,0.0,54.165000915527344,54.165000915527344
1102.6,right,1,44089,0.0,70.03199768066406,70.03199768066406
1102.6,right,2,44089,0.0,89.12300109863281,89.14299774169922
1102.6,right,3,44089,0.0,100.0510025024414,100.0510025024414
1102.6,right,4,44089,0.0,93.1240005493164,93.14399719238281
1102.6,right,5,44089,0.0,91.20600128173828,91.20600128173828
1102.6,right,6,44088,0.0,91.2490005493164,91.2490005493164
1102.6,right,7,44088,0.0,82.22000122070312,82.23899841308594
1107.7,right,0,44292,0.0,54.165000915527344,54.165000915527344
1107.7,right,1,44292,0.0,70.052001953125,70.052001953125
1107.7,right,2,44291,0.0,89.12300109863281,89.14299774169922
1107.7,right,3,44291,0.0,100.06999969482422,100.06999969482422
1107.7,right,4,44291,0.0,93.1240005493164,93.14399719238281
1107.7,right,5,44291,0.0,91.20600128173828,91.20600128173828
1107.7,right,6,44291,0.0,91.2490005493164,92.01200103759766
1107.7,right,7,44291,0.0,82.23899841308594,82.23899841308594
1112.8,right,0,44495,0.0,54.165000915527344,54.183998107910156
1112.8,right,1,44495,0.0,70.03199768066406,70.052001953125
1112.8,right,2,44495,0.0,89.12300109863281,89.14299774169922
1112.8,right,3,44495,0.0,100.0510025024414,100.06999969482422
1112.8,right,4,44495,0.0,93.14399719238281,93.14399719238281
1112.8,right,5,44495,0.0,91.22599792480469,91.22599792480469
1112.8,right,6,44495,0.0,91.2490005493164,92.01200103759766
1112.8,right,7,44495,0.0,82.23899841308594,82.23899841308594
1117.8,right,0,44697,0.0,54.165000915527344,54.183998107910156
1117.8,right,1,44697,0.0,70.03199768066406,70.052001953125
1117.8,right,2,44696,0.0,89.14299774169922,89.14299774169922
1117.8,right,3,44696,0.0,100.06999969482422,100.06999969482422
1117.8,right,4,44696,0.0,93.16300201416016,93.16300201416016
1117.8,right,5,44696,0.0,91.22599792480469,91.22599792480469
1117.8,right,6,44696,0.0,92.01200103759766,92.01200103759766
1117.8,right,7,44696,0.0,83.00299835205078,83.00299835205078
1122.9,right,0,44899,0.0,54.165000915527344,54.183998107910156
1122.9,right,1,44899,0.0,70.03199768066406,70.052001953125
1122.9,right,2,44899,0.0,89.14299774169922,89.14299774169922
1122.9,right,3,44899,0.0,100.06999969482422,100.06999969482422
1122.9,right,4,44899,0.0,93.16300201416016,93.16300201416016
1122.9,right,5,44899,0.0,91.22599792480469,91.22599792480469
1122.9,right,6,44898,0.0,92.01200103759766,92.01200103759766
1122.9,right,7,44898,0.0,83.00299835205078,83.02200317382812
1127.9,right,0,45100,0.0,54.183998107910156,54.183998107910156
1127.9,right,1,45100,0.0,70.052001953125,70.052001953125
1127.9,right,2,45100,0.0,89.14299774169922,89.14299774169922
1127.9,right,3,45100,0.0,100.06999969482422,100.08899688720703
1127.9,right,4,45100,0.0,93.14399719238281,93.16300201416016
1127.9,right,5,45100,0.0,91.24500274658203,91.24500274658203
1127.9,right,6,45100,0.0,92.03099822998047,92.03099822998047
1127.9,right,7,45100,0.0,83.02200317382812,83.02200317382812
1133.0,right,0,45303,0.0,54.183998107910156,54.183998107910156
1133.0,right,1,45303,0.0,70.052001953125,70.07099914550781
1133.0,right,2,45303,0.0,89.14299774169922,89.14299774169922
1133.0,right,3,45303,0.0,100.08899688720703,100.08899688720703
1133.0,right,4,45302,0.0,93.16300201416016,93.16300201416016
1133.0,right,5,45302,0.0,91.24500274658203,92.00800323486328
1133.0,right,6,45302,0.0,92.03099822998047,92.03099822998047
1133.0,right,7,45302,0.0,83.02200317382812,83.04100036621094
1138.0,right,0,45505,0.0,54.183998107910156,54.183998107910156
1138.0,right,1,45505,0.0,70.052001953125,70.07099914550781
1138.0,right,2,45505,0.0,89.16200256347656,89.16200256347656
1138.0,right,3,45505,0.0,100.10900115966797,100.10900115966797
1138.0,right,4,45505,0.0,93.18199920654297,93.18199920654297
1138.0,right,5,45505,0.0,92.00800323486328,92.00800323486328
1138.0,right,6,45505,0.0,92.01200103759766,92.03099822998047
1138.0,right,7,45505,0.0,83.00299835205078,83.04100036621094
1143.1,right,0,45705,0.0,54.183998107910156,54.183998107910156
1143.1,right,1,45705,0.0,70.052001953125,70.07099914550781
1143.1,right,2,45705,0.0,89.16200256347656,89.16200256347656
1143.1,right,3,45705,0.0,100.10900115966797,100.12799835205078
1143.1,right,4,45705,0.0,93.2020034790039,93.2020034790039
1143.1,right,5,45705,0.0,91.24500274658203,92.00800323486328
1143.1,right,6,45705,0.0,92.0510025024414,92.0510025024414
1143.1,right,7,45705,0.0,83.02200317382812,83.04100036621094
1148.2,right,0,45910,0.0,54.183998107910156,54.183998107910156
1148.2,right,1,45910,0.0,70.07099914550781,70.07099914550781
1148.2,right,2,45910,0.0,89.16200256347656,89.16200256347656
1148.2,right,3,45910,0.0,100.12799835205078,100.12799835205078
1148.2,right,4,45910,0.0,93.2020034790039,93.2020034790039
1148.2,right,5,45910,0.0,92.00800323486328,92.00800323486328
1148.2,right,6,45910,0.0,92.03099822998047,92.0510025024414
1148.2,right,7,45910,0.0,83.00299835205078,83.04100036621094
1153.2,right,0,46113,0.0,54.183998107910156,54.183998107910156
1153.2,right,1,46113,0.0,70.07099914550781,70.07099914550781
1153.2,right,2,46113,0.0,89.16200256347656,89.16200256347656
1153.2,right,3,46113,0.0,100.12799835205078,100.12799835205078
1153.2,right,4,46112,0.0,93.2020034790039,93.2020034790039
1153.2,right,5,46112,0.0,92.00800323486328,92.00800323486328
1153.2,right,6,46112,0.0,92.03099822998047,92.0510025024414
1153.2,right,7,46112,0.0,83.00299835205078,83.04100036621094
1158.3,right,0,46315,0.0,54.183998107910156,54.183998107910156
1158.3,right,1,46315,0.0,70.09100341796875,70.09100341796875
1158.3,right,2,46315,0.0,89.18099975585938,89.18099975585938
1158.3,right,3,46315,0.0,100.14800262451172,100.14800262451172
1158.3,right,4,46315,0.0,93.2020034790039,93.2020034790039
1158.3,right,5,46315,0.0,92.00800323486328,92.00800323486328
1158.3,right,6,46315,0.0,92.0510025024414,92.0510025024414
1158.3,right,7,46315,0.0,83.04100036621094,83.04100036621094
1163.3,right,0,46517,0.0,54.183998107910156,54.183998107910156
1163.3,right,1,46517,0.0,70.07099914550781,70.09100341796875
1163.3,right,2,46516,0.0,89.16200256347656,89.18099975585938
1163.3,right,3,46516,0.0,100.14800262451172,100.14800262451172
1163.3,right,4,46516,0.0,93.2020034790039,93.2020034790039
1163.3,right,5,46516,0.0,91.24500274658203,92.00800323486328
1163.3,right,6,46516,0.0,92.0510025024414,92.0510025024414
1163.3,right,7,46516,0.0,83.04100036621094,83.04100036621094
1168.4,right,0,46719,0.0,54.183998107910156,54.183998107910156
1168.4,right,1,46719,0.0,70.07099914550781,70.09100341796875
1168.4,right,2,46719,0.0,89.18099975585938,89.18099975585938
1168.4,right,3,46719,0.0,100.14800262451172,100.14800262451172
1168.4,right,4,46719,0.0,93.2020034790039,93.2020034790039
1168.4,right,5,46719,0.0,92.00800323486328,92.00800323486328
1168.4,right,6,46718,0.0,92.0510025024414,92.0510025024414
1168.4,right,7,46718,0.0,83.04100036621094,83.06099700927734
1173.5,right,0,46922,0.0,54.183998107910156,54.183998107910156
1173.5,right,1,46922,0.0,70.07099914550781,70.09100341796875
1173.5,right,2,46921,0.0,89.18099975585938,89.18099975585938
1173.5,right,3,46921,0.0,100.16699981689453,100.16699981689453
1173.5,right,4,46921,0.0,93.22100067138672,93.22100067138672
1173.5,right,5,46921,0.0,92.0270004272461,92.0270004272461
1173.5,right,6,46921,0.0,92.03099822998047,92.0510025024414
1173.5,right,7,46921,0.0,83.04100036621094,83.06099700927734
1178.5,right,0,47124,0.0,54.183998107910156,54.183998107910156
1178.5,right,1,47124,0.0,70.07099914550781,70.09100341796875
1178.5,right,2,47124,0.0,89.18099975585938,89.18099975585938
1178.5,right,3,47124,0.0,100.16699981689453,100.16699981689453
1178.5,right,4,47124,0.0,93.24099731445312,93.24099731445312
1178.5,right,5,47124,0.0,92.0270004272461,92.0459976196289
1178.5,right,6,47123,0.0,92.0510025024414,92.0510025024414
1178.5,right,7,47123,0.0,83.06099700927734,83.06099700927734
1183.6,right,0,47327,0.0,54.183998107910156,54.202999114990234
1183.6,right,1,47327,0.0,70.07099914550781,70.09100341796875
1183.6,right,2,47326,0.0,89.20099639892578,89.22000122070312
1183.6,right,3,47326,0.0,100.18599700927734,100.18599700927734
1183.6,right,4,47326,0.0,93.24099731445312,93.24099731445312
1183.6,right,5,47326,0.0,92.00800323486328,92.0459976196289
1183.6,right,6,47326,0.0,92.0510025024414,92.0510025024414
1183.6,right,7,47326,0.0,83.06099700927734,83.06099700927734
1188.6,right,0,47529,0.0,54.183998107910156,54.202999114990234
1188.6,right,1,47529,0.0,70.09100341796875,70.09100341796875
1188.6,right,2,47529,0.0,89.20099639892578,89.22000122070312
1188.6,right,3,47529,0.0,100.18599700927734,100.20600128173828
1188.6,right,4,47529,0.0,93.24099731445312,93.24099731445312
1188.6,right,5,47529,0.0,92.0270004272461,92.0459976196289
1188.6,right,6,47528,0.0,92.0510025024414,92.0510025024414
1188.6,right,7,47528,0.0,83.04100036621094,83.06099700927734
1193.7,right,0,47730,0.0,54.183998107910156,54.202999114990234
1193.7,right,1,47730,0.0,70.09100341796875,70.11000061035156
1193.7,right,2,47730,0.0,89.20099639892578,89.22000122070312
1193.7,right,3,47730,0.0,100.20600128173828,100.20600128173828
1193.7,right,4,47730,0.0,94.00399780273438,94.00399780273438
1193.7,right,5,47730,0.0,92.0270004272461,92.0459976196289
1193.7,right,6,47730,0.0,92.0510025024414,92.0510025024414
1193.7,right,7,47730,0.0,83.06099700927734,83.06099700927734
1198.7,right,0,47933,0.0,54.183998107910156,54.202999114990234
1198.7,right,1,47933,0.0,70.07099914550781,70.11000061035156
1198.7,right,2,47933,0.0,89.20099639892578,89.22000122070312
1198.7,right,3,47933,0.0,100.20600128173828,100.20600128173828
1198.7,right,4,47932,0.0,94.00399780273438,94.00399780273438
1198.7,right,5,47932,0.0,92.0459976196289,92.0459976196289
1198.7,right,6,47932,0.0,92.06999969482422,92.06999969482422
1198.7,right,7,47932,0.0,83.06099700927734,83.08000183105469
1203.8,right,0,48135,0.0,54.183998107910156,54.202999114990234
1203.8,right,1,48135,0.0,70.07099914550781,70.11000061035156
1203.8,right,2,48135,0.0,89.20099639892578,89.22000122070312
1203.8,right,3,48135,0.0,100.20600128173828,100.20600128173828
1203.8,right,4,48135,0.0,94.00399780273438,94.02300262451172
1203.8,right,5,48135,0.0,92.0459976196289,92.0459976196289
1203.8,right,6,48135,0.0,92.08899688720703,92.08899688720703
1203.8,right,7,48135,0.0,83.08000183105469,83.08000183105469
1208.8,right,0,48337,0.0,54.202999114990234,54.202999114990234
1208.8,right,1,48337,0.0,70.11000061035156,70.11000061035156
1208.8,right,2,48336,0.0,89.22000122070312,89.22000122070312
1208.8,right,3,48336,0.0,100.20600128173828,100.20600128173828
1208.8,right,4,48336,0.0,94.02300262451172,94.02300262451172
1208.8,right,5,48336,0.0,92.0459976196289,92.0459976196289
1208.8,right,6,48336,0.0,92.08899688720703,92.08899688720703
1208.8,right,7,48336,0.0,83.08000183105469,83.08000183105469
1213.9,right,0,48539,0.0,54.183998107910156,54.202999114990234
1213.9,right,1,48539,0.0,70.11000061035156,70.11000061035156
1213.9,right,2,48539,0.0,89.22000122070312,89.22000122070312
1213.9,right,3,48539,0.0,100.2249984741211,100.2249984741211
1213.9,right,4,48539,0.0,94.02300262451172,94.02300262451172
1213.9,right,5,48539,0.0,92.0459976196289,92.0459976196289
1213.9,right,6,48538,0.0,92.08899688720703,92.08899688720703
1213.9,right,7,48538,0.0,83.0999984741211,83.0999984741211
1219.0,right,0,48742,0.0,54.183998107910156,54.202999114990234
1219.0,right,1,48742,0.0,70.11000061035156,70.11000061035156
1219.0,right,2,48741,0.0,89.22000122070312,89.22000122070312
1219.0,right,3,48741,0.0,100.2249984741211,100.2249984741211
1219.0,right,4,48741,0.0,94.04299926757812,94.04299926757812
1219.0,right,5,48741,0.0,92.06600189208984,92.06600189208984
1219.0,right,6,48741,0.0,92.08899688720703,92.08899688720703
1219.0,right,7,48741,0.0,83.0999984741211,83.0999984741211
1224.0,right,0,48944,0.0,54.202999114990234,54.202999114990234
1224.0,right,1,48944,0.0,70.09100341796875,70.11000061035156
1224.0,right,2,48944,0.0,89.22000122070312,89.22000122070312
1224.0,right,3,48944,0.0,100.24400329589844,100.24400329589844
1224.0,right,4,48944,0.0,94.02300262451172,94.04299926757812
1224.0,right,5,48944,0.0,92.08499908447266,92.08499908447266
1224.0,right,6,48943,0.0,92.06999969482422,92.08899688720703
1224.0,right,7,48943,0.0,83.06099700927734,83.0999984741211
1229.1,right,0,49147,0.0,54.202999114990234,54.202999114990234
1229.1,right,1,49147,0.0,70.11000061035156,70.11000061035156
1229.1,right,2,49146,0.0,89.22000122070312,89.22000122070312
1229.1,right,3,49146,0.0,100.24400329589844,100.24400329589844
1229.1,right,4,49146,0.0,94.04299926757812,94.04299926757812
1229.1,right,5,49146,0.0,92.06600189208984,92.08499908447266
1229.1,right,6,49146,0.0,92.08899688720703,92.08899688720703
1229.1,right,7,49146,0.0,83.08000183105469,83.0999984741211
1234.2,right,0,49350,0.0,54.222999572753906,54.222999572753906
1234.2,right,1,49350,0.0,70.11000061035156,70.11000061035156
1234.2,right,2,49350,0.0,89.22000122070312,89.23899841308594
1234.2,right,3,49350,0.0,100.24400329589844,100.24400329589844
1234.2,right,4,49350,0.0,94.04299926757812,94.04299926757812
1234.2,right,5,49350,0.0,92.06600189208984,92.08499908447266
1234.2,right,6,49350,0.0,92.08899688720703,92.08899688720703
1234.2,right,7,49350,0.0,83.0999984741211,83.0999984741211
1239.2,right,0,49554,0.0,54.202999114990234,54.222999572753906
1239.2,right,1,49554,0.0,70.12899780273438,70.12899780273438
1239.2,right,2,49554,0.0,89.23899841308594,89.23899841308594
1239.2,right,3,49554,0.0,100.24400329589844,101.00800323486328
1239.2,right,4,49554,0.0,94.04299926757812,94.06199645996094
1239.2,right,5,49554,0.0,92.06600189208984,92.08499908447266
1239.2,right,6,49553,0.0,92.08899688720703,92.08899688720703
1239.2,right,7,49553,0.0,83.0999984741211,83.0999984741211
1244.3,right,0,49757,0.0,54.222999572753906,54.222999572753906
1244.3,right,1,49757,0.0,70.12899780273438,70.12899780273438
1244.3,right,2,49756,0.0,89.23899841308594,89.23899841308594
1244.3,right,3,49756,0.0,101.00800323486328,101.00800323486328
1244.3,right,4,49756,0.0,94.06199645996094,94.06199645996094
1244.3,right,5,49756,0.0,92.08499908447266,92.08499908447266
1244.3,right,6,49756,0.0,92.08899688720703,92.08899688720703
1244.3,right,7,49756,0.0,83.11900329589844,83.11900329589844
1249.4,right,0,49959,0.0,54.202999114990234,54.222999572753906
1249.4,right,1,49959,0.0,70.12899780273438,70.14900207519531
1249.4,right,2,49959,0.0,89.23899841308594,89.23899841308594
1249.4,right,3,49959,0.0,101.00800323486328,101.00800323486328
1249.4,right,4,49959,0.0,94.06199645996094,94.06199645996094
1249.4,right,5,49959,0.0,92.08499908447266,92.10399627685547
1249.4,right,6,49958,0.0,92.08899688720703,92.10900115966797
1249.4,right,7,49958,0.0,83.11900329589844,83.11900329589844
1254.4,right,0,50160,0.0,54.222999572753906,54.222999572753906
1254.4,right,1,50160,0.0,70.12899780273438,70.14900207519531
1254.4,right,2,50160,0.0,89.23899841308594,89.23899841308594
1254.4,right,3,50160,0.0,101.00800323486328,101.0270004272461
1254.4,right,4,50160,0.0,94.06199645996094,94.06199645996094
1254.4,right,5,50160,0.0,92.10399627685547,92.10399627685547
1254.4,right,6,50160,0.0,92.08899688720703,92.10900115966797
1254.4,right,7,50160,0.0,83.11900329589844,83.11900329589844
1259.5,right,0,50363,0.0,54.222999572753906,54.222999572753906
1259.5,right,1,50363,0.0,70.12899780273438,70.14900207519531
1259.5,right,2,50363,0.0,89.23899841308594,89.23899841308594
1259.5,right,3,50363,0.0,101.00800323486328,101.0270004272461
1259.5,right,4,50362,0.0,94.06199645996094,94.06199645996094
1259.5,right,5,50362,0.0,92.10399627685547,92.10399627685547
1259.5,right,6,50362,0.0,92.08899688720703,92.10900115966797
1259.5,right,7,50362,0.0,83.11900329589844,83.13899993896484
1264.6,right,0,50565,0.0,54.222999572753906,54.222999572753906
1264.6,right,1,50565,0.0,70.14900207519531,70.14900207519531
1264.6,right,2,50565,0.0,89.23899841308594,89.23899841308594
1264.6,right,3,50565,0.0,101.00800323486328,101.0270004272461
1264.6,right,4,50565,0.0,94.08200073242188,94.08200073242188
1264.6,right,5,50565,0.0,92.10399627685547,92.10399627685547
1264.6,right,6,50565,0.0,92.08899688720703,92.10900115966797
1264.6,right,7,50565,0.0,83.11900329589844,83.13899993896484
1269.7,right,0,50770,0.0,54.222999572753906,54.222999572753906
1269.7,right,1,50770,0.0,70.14900207519531,70.14900207519531
1269.7,right,2,50770,0.0,89.23899841308594,89.23899841308594
1269.7,right,3,50770,0.0,101.0270004272461,101.0270004272461
1269.7,right,4,50770,0.0,94.06199645996094,94.08200073242188
1269.7,right,5,50770,0.0,92.10399627685547,92.10399627685547
1269.7,right,6,50770,0.0,92.10900115966797,92.10900115966797
1269.7,right,7,50770,0.0,83.13899993896484,83.13899993896484
1274.7,right,0,50973,0.0,54.202999114990234,54.222999572753906
1274.7,right,1,50973,0.0,70.16799926757812,70.16799926757812
1274.7,right,2,50973,0.0,89.23899841308594,89.23899841308594
1274.7,right,3,50973,0.0,101.0459976196289,101.0459976196289
1274.7,right,4,50972,0.0,94.06199645996094,94.08200073242188
1274.7,right,5,50972,0.0,92.10399627685547,92.10399627685547
1274.7,right,6,50972,0.0,92.12799835205078,92.12799835205078
1274.7,right,7,50972,0.0,83.15799713134766,83.15799713134766
1279.8,right,0,51175,0.0,54.222999572753906,54.222999572753906
1279.8,right,1,51175,0.0,70.16799926757812,70.16799926757812
1279.8,right,2,51175,0.0,89.23899841308594,89.23899841308594
1279.8,right,3,51175,0.0,101.0270004272461,101.0459976196289
1279.8,right,4,51175,0.0,94.06199645996094,94.08200073242188
1279.8,right,5,51175,0.0,92.12300109863281,92.12300109863281
1279.8,right,6,51175,0.0,92.12799835205078,92.12799835205078
1279.8,right,7,51175,0.0,83.15799713134766,83.177001953125
1284.9,right,0,51379,0.0,54.242000579833984,54.242000579833984
1284.9,right,1,51379,0.0,70.16799926757812,70.16799926757812
1284.9,right,2,51379,0.0,89.23899841308594,90.00299835205078
1284.9,right,3,51379,0.0,101.0270004272461,101.0459976196289
1284.9,right,4,51379,0.0,94.08200073242188,94.08200073242188
1284.9,right,5,51379,0.0,92.12300109863281,92.12300109863281
1284.9,right,6,51378,0.0,92.12799835205078,92.12799835205078
1284.9,right,7,51378,0.0,83.13899993896484,83.177001953125
1290.0,right,0,51584,0.0,54.242000579833984,54.242000579833984
1290.0,right,1,51584,0.0,70.16799926757812,70.16799926757812
1290.0,right,2,51584,0.0,90.00299835205078,90.00299835205078
1290.0,right,3,51584,0.0,101.0459976196289,101.0459976196289
1290.0,right,4,51584,0.0,94.08200073242188,94.08200073242188
1290.0,right,5,51584,0.0,92.12300109863281,92.14299774169922
1290.0,right,6,51583,0.0,92.10900115966797,92.12799835205078
1290.0,right,7,51583,0.0,83.177001953125,83.177001953125
1295.1,right,0,51785,0.0,54.242000579833984,54.242000579833984
1295.1,right,1,51785,0.0,70.16799926757812,70.16799926757812
1295.1,right,2,51785,0.0,89.23899841308594,90.00299835205078
1295.1,right,3,51785,0.0,101.0459976196289,101.0459976196289
1295.1,right,4,51785,0.0,94.10099792480469,94.10099792480469
1295.1,right,5,51785,0.0,92.14299774169922,92.14299774169922
1295.1,right,6,51785,0.0,92.12799835205078,92.12799835205078
1295.1,right,7,51785,0.0,83.15799713134766,83.177001953125
1300.2,right,0,51990,0.0,54.242000579833984,54.242000579833984
1300.2,right,1,51990,0.0,70.16799926757812,70.16799926757812
1300.2,right,2,51990,0.0,90.00299835205078,90.00299835205078
1300.2,right,3,51990,0.0,101.0459976196289,101.0459976196289
1300.2,right,4,51990,0.0,94.10099792480469,94.10099792480469
1300.2,right,5,51990,0.0,92.14299774169922,92.14299774169922
1300.2,right,6,51990,0.0,92.12799835205078,92.12799835205078
1300.2,right,7,51990,0.0,83.177001953125,83.177001953125
1305.2,right,0,52190,0.0,54.242000579833984,54.242000579833984
1305.2,right,1,52190,0.0,70.16799926757812,70.16799926757812
1305.2,right,2,52190,0.0,90.00299835205078,90.00299835205078
1305.2,right,3,52190,0.0,101.0459976196289,101.0459976196289
1305.2,right,4,52190,0.0,94.10099792480469,94.10099792480469
1305.2,right,5,52190,0.0,92.14299774169922,92.14299774169922
1305.2,right,6,52190,0.0,92.12799835205078,92.14700317382812
1305.2,right,7,52190,0.0,83.15799713134766,83.177001953125
1310.3,right,0,52395,0.0,54.222999572753906,54.242000579833984
1310.3,right,1,52395,0.0,70.18699645996094,70.18699645996094
1310.3,right,2,52395,0.0,90.00299835205078,90.00299835205078
1310.3,right,3,52395,0.0,101.0459976196289,101.0459976196289
1310.3,right,4,52395,0.0,94.10099792480469,94.10099792480469
1310.3,right,5,52395,0.0,92.14299774169922,92.14299774169922
1310.3,right,6,52395,0.0,92.12799835205078,92.14700317382812
1310.3,right,7,52395,0.0,83.15799713134766,83.177001953125
1315.3,right,0,52597,0.0,54.242000579833984,54.242000579833984
1315.3,right,1,52597,0.0,70.18699645996094,70.18699645996094
1315.3,right,2,52596,0.0,90.00299835205078,90.00299835205078
1315.3,right,3,52596,0.0,101.06600189208984,101.06600189208984
1315.3,right,4,52596,0.0,94.12000274658203,94.12000274658203
1315.3,right,5,52596,0.0,92.14299774169922,92.14299774169922
1315.3,right,6,52596,0.0,92.12799835205078,92.14700317382812
1315.3,right,7,52596,0.0,83.13899993896484,83.177001953125
1320.4,right,0,52799,0.0,54.242000579833984,54.242000579833984
1320.4,right,1,52799,0.0,70.16799926757812,70.18699645996094
1320.4,right,2,52799,0.0,90.00299835205078,90.00299835205078
1320.4,right,3,52799,0.0,101.06600189208984,101.06600189208984
1320.4,right,4,52799,0.0,94.13999938964844,94.13999938964844
1320.4,right,5,52799,0.0,92.14299774169922,92.14299774169922
1320.4,right,6,52798,0.0,92.12799835205078,92.14700317382812
1320.4,right,7,52798,0.0,83.15799713134766,83.177001953125
1325.4,right,0,53000,0.0,54.222999572753906,54.242000579833984
1325.4,right,1,53000,0.0,70.16799926757812,70.18699645996094
1325.4,right,2,53000,0.0,90.00299835205078,90.00299835205078
1325.4,right,3,53000,0.0,101.06600189208984,101.08499908447266
1325.4,right,4,53000,0.0,94.12000274658203,94.13999938964844
1325.4,right,5,53000,0.0,92.14299774169922,92.14299774169922
1325.4,right,6,53000,0.0,92.14700317382812,92.14700317382812
1325.4,right,7,53000,0.0,83.15799713134766,83.1969985961914
1330.5,right,0,53202,0.0,54.242000579833984,54.242000579833984
1330.5,right,1,53202,0.0,70.16799926757812,70.18699645996094
1330.5,right,2,53201,0.0,90.00299835205078,90.00299835205078
1330.5,right,3,53201,0.0,101.06600189208984,101.08499908447266
1330.5,right,4,53201,0.0,94.13999938964844,94.13999938964844
1330.5,right,5,53201,0.0,92.16200256347656,92.16200256347656
1330.5,right,6,53201,0.0,92.14700317382812,92.14700317382812
1330.5,right,7,53201,0.0,83.1969985961914,83.1969985961914
1335.5,right,0,53404,0.0,54.242000579833984,54.242000579833984
1335.5,right,1,53404,0.0,70.16799926757812,70.18699645996094
1335.5,right,2,53404,0.0,90.00299835205078,90.02200317382812
1335.5,right,3,53404,0.0,101.06600189208984,101.08499908447266
1335.5,right,4,53404,0.0,94.13999938964844,94.13999938964844
1335.5,right,5,53404,0.0,92.16200256347656,92.16200256347656
1335.5,right,6,53403,0.0,92.16699981689453,92.16699981689453
1335.5,right,7,53403,0.0,83.1969985961914,83.1969985961914
1340.6,right,0,53605,0.0,55.005001068115234,55.005001068115234
1340.6,right,1,53605,0.0,70.16799926757812,70.18699645996094
1340.6,right,2,53605,0.0,90.00299835205078,90.02200317382812
1340.6,right,3,53605,0.0,101.10399627685547,101.10399627685547
1340.6,right,4,53605,0.0,94.15899658203125,94.15899658203125
1340.6,right,5,53605,0.0,92.14299774169922,92.16200256347656
1340.6,right,6,53605,0.0,92.16699981689453,92.16699981689453
1340.6,right,7,53605,0.0,83.1969985961914,83.1969985961914
1345.6,right,0,53809,0.0,55.005001068115234,55.005001068115234
1345.6,right,1,53809,0.0,70.18699645996094,70.18699645996094
1345.6,right,2,53809,0.0,90.02200317382812,90.02200317382812
1345.6,right,3,53809,0.0,101.10399627685547,101.10399627685547
1345.6,right,4,53809,0.0,94.15899658203125,94.17900085449219
1345.6,right,5,53809,0.0,92.16200256347656,92.16200256347656
1345.6,right,6,53808,0.0,92.16699981689453,92.16699981689453
1345.6,right,7,53808,0.0,83.21600341796875,83.21600341796875
1350.7,right,0,54010,0.0,55.005001068115234,55.005001068115234
1350.7,right,1,54010,0.0,70.18699645996094,70.18699645996094
1350.7,right,2,54010,0.0,90.02200317382812,90.02200317382812
1350.7,right,3,54010,0.0,101.10399627685547,101.10399627685547
1350.7,right,4,54010,0.0,94.17900085449219,94.17900085449219
1350.7,right,5,54010,0.0,92.18099975585938,92.18099975585938
1350.7,right,6,54010,0.0,92.16699981689453,92.18599700927734
1350.7,right,7,54010,0.0,83.21600341796875,83.21600341796875
1355.7,right,0,54213,0.0,55.005001068115234,55.005001068115234
1355.7,right,1,54213,0.0,70.18699645996094,70.20700073242188
1355.7,right,2,54213,0.0,90.04100036621094,90.04100036621094
1355.7,right,3,54213,0.0,101.10399627685547,101.1240005493164
1355.7,right,4,54212,0.0,94.15899658203125,94.17900085449219
1355.7,right,5,54212,0.0,92.18099975585938,92.18099975585938
1355.7,right,6,54212,0.0,92.16699981689453,92.18599700927734
1355.7,right,7,54212,0.0,83.1969985961914,83.21600341796875
1360.8,right,0,54415,0.0,55.005001068115234,55.005001068115234
1360.8,right,1,54415,0.0,70.18699645996094,70.20700073242188
1360.8,right,2,54415,0.0,90.04100036621094,90.04100036621094
1360.8,right,3,54415,0.0,101.10399627685547,101.1240005493164
1360.8,right,4,54415,0.0,94.197998046875,94.197998046875
1360.8,right,5,54415,0.0,92.18099975585938,92.18099975585938
1360.8,right,6,54415,0.0,92.16699981689453,92.18599700927734
1360.8,right,7,54415,0.0,83.21600341796875,83.21600341796875
1365.9,right,0,54618,0.0,55.005001068115234,55.005001068115234
1365.9,right,1,54618,0.0,70.18699645996094,70.20700073242188
1365.9,right,2,54618,0.0,90.04100036621094,90.04100036621094
1365.9,right,3,54618,0.0,101.1240005493164,101.1240005493164
1365.9,right,4,54617,0.0,94.197998046875,94.197998046875
1365.9,right,5,54617,0.0,92.18099975585938,92.18099975585938
1365.9,right,6,54617,0.0,92.16699981689453,92.18599700927734
1365.9,right,7,54617,0.0,83.1969985961914,83.21600341796875
1370.9,right,0,54820,0.0,55.005001068115234,55.005001068115234
1370.9,right,1,54820,0.0,70.18699645996094,70.20700073242188
1370.9,right,2,54820,0.0,90.02200317382812,90.04100036621094
1370.9,right,3,54820,0.0,101.1240005493164,101.1240005493164
1370.9,right,4,54820,0.0,94.197998046875,94.197998046875
1370.9,right,5,54820,0.0,92.19999694824219,92.19999694824219
1370.9,right,6,54820,0.0,92.16699981689453,92.18599700927734
1370.9,right,7,54820,0.0,83.21600341796875,83.21600341796875
1375.9,right,0,55020,0.0,55.005001068115234,55.005001068115234
1375.9,right,1,55020,0.0,70.18699645996094,70.20700073242188
1375.9,right,2,55020,0.0,90.06099700927734,90.06099700927734
1375.9,right,3,55020,0.0,101.1240005493164,101.1240005493164
1375.9,right,4,55020,0.0,94.197998046875,94.21700286865234
1375.9,right,5,55020,0.0,92.19999694824219,92.19999694824219
1375.9,right,6,55020,0.0,92.16699981689453,92.18599700927734
1375.9,right,7,55020,0.0,83.21600341796875,83.21600341796875
1381.0,right,0,55223,0.0,55.005001068115234,55.242000579833984
1381.0,right,1,55223,0.0,70.18699645996094,70.20700073242188
1381.0,right,2,55223,0.0,90.04100036621094,90.06099700927734
1381.0,right,3,55223,0.0,101.14299774169922,101.14299774169922
1381.0,right,4,55222,0.0,94.21700286865234,94.21700286865234
1381.0,right,5,55222,0.0,92.19999694824219,92.21900177001953
1381.0,right,6,55222,0.0,92.18599700927734,92.18599700927734
1381.0,right,7,55222,0.0,83.21600341796875,83.21600341796875
1386.0,right,0,55424,0.0,55.005001068115234,55.242000579833984
1386.0,right,1,55424,0.0,70.20700073242188,70.20700073242188
1386.0,right,2,55424,0.0,90.06099700927734,90.06099700927734
1386.0,right,3,55424,0.0,101.14299774169922,101.14299774169922
1386.0,right,4,55424,0.0,94.21700286865234,94.21700286865234
1386.0,right,5,55424,0.0,92.21900177001953,92.21900177001953
1386.0,right,6,55423,0.0,92.18599700927734,92.18599700927734
1386.0,right,7,55423,0.0,83.21600341796875,83.21600341796875
1391.1,right,0,55625,0.0,55.005001068115234,55.242000579833984
1391.1,right,1,55625,0.0,70.20700073242188,70.20700073242188
1391.1,right,2,55625,0.0,90.06099700927734,90.06099700927734
1391.1,right,3,55625,0.0,101.16300201416016,101.16300201416016
1391.1,right,4,55625,0.0,94.197998046875,94.21700286865234
1391.1,right,5,55625,0.0,92.21900177001953,92.21900177001953
1391.1,right,6,55625,0.0,92.18599700927734,92.18599700927734
1391.1,right,7,55625,0.0,83.21600341796875,83.23600006103516
1396.1,right,0,55828,0.0,55.005001068115234,55.242000579833984
1396.1,right,1,55828,0.0,70.20700073242188,70.20700073242188
1396.1,right,2,55828,0.0,90.08000183105469,90.08000183105469
1396.1,right,3,55828,0.0,101.16300201416016,101.16300201416016
1396.1,right,4,55827,0.0,94.21700286865234,94.21700286865234
1396.1,right,5,55827,0.0,92.21900177001953,92.21900177001953
1396.1,right,6,55827,0.0,92.18599700927734,92.18599700927734
1396.1,right,7,55827,0.0,83.23600006103516,83.23600006103516
1401.2,right,0,56030,0.0,55.005001068115234,55.242000579833984
1401.2,right,1,56030,0.0,70.20700073242188,70.20700073242188
1401.2,right,2,56030,0.0,90.08000183105469,90.0989990234375
1401.2,right,3,56030,0.0,101.16300201416016,101.18199920654297
1401.2,right,4,56030,0.0,94.23699951171875,94.23699951171875
1401.2,right,5,56030,0.0,92.21900177001953,92.23899841308594
1401.2,right,6,56030,0.0,92.18599700927734,92.18599700927734
1401.2,right,7,56030,0.0,83.23600006103516,83.23600006103516
1406.2,right,0,56232,0.0,55.005001068115234,55.242000579833984
1406.2,right,1,56232,0.0,70.20700073242188,70.20700073242188
1406.2,right,2,56231,0.0,90.0989990234375,90.0989990234375
1406.2,right,3,56231,0.0,101.16300201416016,101.18199920654297
1406.2,right,4,56231,0.0,94.21700286865234,94.23699951171875
1406.2,right,5,56231,0.0,92.23899841308594,92.23899841308594
1406.2,right,6,56231,0.0,92.18599700927734,92.18599700927734
1406.2,right,7,56231,0.0,83.25499725341797,83.25499725341797
1411.3,right,0,56435,0.0,55.005001068115234,55.242000579833984
1411.3,right,1,56435,0.0,70.20700073242188,70.20700073242188
1411.3,right,2,56435,0.0,90.0989990234375,90.0989990234375
1411.3,right,3,56435,0.0,101.18199920654297,101.18199920654297
1411.3,right,4,56435,0.0,94.23699951171875,94.23699951171875
1411.3,right,5,56435,0.0,92.23899841308594,92.23899841308594
1411.3,right,6,56435,0.0,92.18599700927734,92.20500183105469
1411.3,right,7,56435,0.0,83.25499725341797,83.25499725341797
1416.3,right,0,56637,0.0,55.005001068115234,55.242000579833984
1416.3,right,1,56637,0.0,70.20700073242188,70.20700073242188
1416.3,right,2,56636,0.0,90.0989990234375,90.0989990234375
1416.3,right,3,56636,0.0,101.18199920654297,101.18199920654297
1416.3,right,4,56636,0.0,94.23699951171875,95.0
1416.3,right,5,56636,0.0,92.23899841308594,92.23899841308594
1416.3,right,6,56636,0.0,92.18599700927734,92.20500183105469
1416.3,right,7,56636,0.0,83.25499725341797,83.25499725341797
1421.4,right,0,56839,0.0,55.005001068115234,55.242000579833984
1421.4,right,1,56839,0.0,70.20700073242188,70.20700073242188
1421.4,right,2,56839,0.0,90.0989990234375,90.0989990234375
1421.4,right,3,56839,0.0,101.16300201416016,101.20099639892578
1421.4,right,4,56839,0.0,95.0,95.0
1421.4,right,5,56839,0.0,92.23899841308594,92.23899841308594
1421.4,right,6,56838,0.0,92.20500183105469,92.20500183105469
1421.4,right,7,56838,0.0,84.01899719238281,84.01899719238281
1426.4,right,0,57040,0.0,55.005001068115234,55.242000579833984
1426.4,right,1,57040,0.0,70.20700073242188,70.20700073242188
1426.4,right,2,57040,0.0,90.08000183105469,90.0989990234375
1426.4,right,3,57040,0.0,101.18199920654297,101.20099639892578
1426.4,right,4,57040,0.0,95.0,95.0
1426.4,right,5,57040,0.0,92.23899841308594,93.00199890136719
1426.4,right,6,57040,0.0,92.20500183105469,92.20500183105469
1426.4,right,7,57040,0.0,84.03800201416016,84.03800201416016
1431.5,right,0,57243,0.0,55.005001068115234,55.242000579833984
1431.5,right,1,57243,0.0,70.18699645996094,70.20700073242188
1431.5,right,2,57243,0.0,90.06099700927734,90.0989990234375
1431.5,right,3,57243,0.0,101.18199920654297,101.20099639892578
1431.5,right,4,57242,0.0,95.0,95.0
1431.5,right,5,57242,0.0,92.23899841308594,93.00199890136719
1431.5,right,6,57242,0.0,92.20500183105469,92.2249984741211
1431.5,right,7,57242,0.0,84.01899719238281,84.03800201416016
1436.5,right,0,57445,0.0,55.005001068115234,55.242000579833984
1436.5,right,1,57445,0.0,70.20700073242188,70.20700073242188
1436.5,right,2,57445,0.0,90.08000183105469,90.0989990234375
1436.5,right,3,57445,0.0,101.20099639892578,101.20099639892578
1436.5,right,4,57445,0.0,94.23699951171875,95.0
1436.5,right,5,57445,0.0,92.23899841308594,93.00199890136719
1436.5,right,6,57445,0.0,92.2249984741211,92.2249984741211
1436.5,right,7,57445,0.0,84.01899719238281,84.03800201416016
1441.6,right,0,57649,0.0,55.025001525878906,55.242000579833984
1441.6,right,1,57649,0.0,70.20700073242188,70.20700073242188
1441.6,right,2,57649,0.0,90.08000183105469,90.0989990234375
1441.6,right,3,57649,0.0,101.20099639892578,101.20099639892578
1441.6,right,4,57649,0.0,94.23699951171875,95.0
1441.6,right,5,57649,0.0,93.00199890136719,93.02100372314453
1441.6,right,6,57648,0.0,92.2249984741211,92.2249984741211
1441.6,right,7,57648,0.0,84.01899719238281,84.03800201416016
1446.7,right,0,57850,0.0,55.005001068115234,55.242000579833984
1446.7,right,1,57850,0.0,70.20700073242188,70.20700073242188
1446.7,right,2,57850,0.0,90.08000183105469,90.0989990234375
1446.7,right,3,57850,0.0,101.20099639892578,101.20099639892578
1446.7,right,4,57850,0.0,95.0,95.0
1446.7,right,5,57850,0.0,93.02100372314453,93.02100372314453
1446.7,right,6,57850,0.0,92.2249984741211,92.2249984741211
1446.7,right,7,57850,0.0,84.01899719238281,84.03800201416016
1451.7,right,0,58052,0.0,55.025001525878906,55.242000579833984
1451.7,right,1,58052,0.0,70.20700073242188,70.20700073242188
1451.7,right,2,58051,0.0,90.0989990234375,90.0989990234375
1451.7,right,3,58051,0.0,101.20099639892578,101.22100067138672
1451.7,right,4,58051,0.0,95.0,95.0
1451.7,right,5,58051,0.0,93.02100372314453,93.02100372314453
1451.7,right,6,58051,0.0,92.2249984741211,92.2249984741211
1451.7,right,7,58051,0.0,84.01899719238281,84.03800201416016
1456.7,right,0,58254,0.0,55.025001525878906,55.242000579833984
1456.7,right,1,58254,0.0,70.20700073242188,70.20700073242188
1456.7,right,2,58254,0.0,90.0989990234375,90.0989990234375
1456.7,right,3,58254,0.0,101.22100067138672,101.22100067138672
1456.7,right,4,58254,0.0,95.0,95.0
1456.7,right,5,58254,0.0,93.04000091552734,93.04000091552734
1456.7,right,6,58253,0.0,92.24400329589844,92.24400329589844
1456.7,right,7,58253,0.0,83.25499725341797,84.03800201416016
1461.8,right,0,58455,0.0,55.04399871826172,55.242000579833984
1461.8,right,1,58455,0.0,70.20700073242188,70.22599792480469
1461.8,right,2,58455,0.0,90.0989990234375,90.0989990234375
1461.8,right,3,58455,0.0,101.22100067138672,101.22100067138672
1461.8,right,4,58455,0.0,95.0,95.0
1461.8,right,5,58455,0.0,93.04000091552734,93.04000091552734
1461.8,right,6,58455,0.0,92.24400329589844,92.24400329589844
1461.8,right,7,58455,0.0,84.01899719238281,84.03800201416016
1466.9,right,0,58658,0.0,55.04399871826172,55.242000579833984
1466.9,right,1,58658,0.0,70.20700073242188,70.22599792480469
1466.9,right,2,58658,0.0,90.0989990234375,90.0989990234375
1466.9,right,3,58658,0.0,101.23999786376953,101.23999786376953
1466.9,right,4,58657,0.0,95.0199966430664,95.0199966430664
1466.9,right,5,58657,0.0,93.02100372314453,93.04000091552734
1466.9,right,6,58657,0.0,92.24400329589844,92.24400329589844
1466.9,right,7,58657,0.0,84.01899719238281,84.03800201416016
1471.9,right,0,58859,0.0,55.04399871826172,55.242000579833984
1471.9,right,1,58859,0.0,70.20700073242188,70.22599792480469
1471.9,right,2,58859,0.0,90.11799621582031,90.11799621582031
1471.9,right,3,58859,0.0,101.23999786376953,101.23999786376953
1471.9,right,4,58859,0.0,95.0199966430664,95.0199966430664
1471.9,right,5,58859,0.0,93.04000091552734,93.04000091552734
1471.9,right,6,58858,0.0,92.2249984741211,92.24400329589844
1471.9,right,7,58858,0.0,84.01899719238281,84.03800201416016
1476.9,right,0,59062,0.0,55.025001525878906,55.242000579833984
1476.9,right,1,59062,0.0,70.20700073242188,70.22599792480469
1476.9,right,2,59061,0.0,90.13800048828125,90.13800048828125
1476.9,right,3,59061,0.0,101.22100067138672,101.23999786376953
1476.9,right,4,59061,0.0,95.0,95.0199966430664
1476.9,right,5,59061,0.0,93.04000091552734,93.04000091552734
1476.9,right,6,59061,0.0,92.2249984741211,92.24400329589844
1476.9,right,7,59061,0.0,84.01899719238281,84.03800201416016
1482.0,right,0,59263,0.0,55.04399871826172,55.242000579833984
1482.0,right,1,59263,0.0,70.22599792480469,70.22599792480469
1482.0,right,2,59263,0.0,90.13800048828125,90.15699768066406
1482.0,right,3,59263,0.0,101.22100067138672,101.23999786376953
1482.0,right,4,59262,0.0,95.0199966430664,95.0199966430664
1482.0,right,5,59262,0.0,93.04000091552734,93.04000091552734
1482.0,right,6,59262,0.0,92.24400329589844,92.24400329589844
1482.0,right,7,59262,0.0,84.03800201416016,84.05799865722656
1487.0,right,0,59465,0.0,55.04399871826172,55.242000579833984
1487.0,right,1,59465,0.0,70.22599792480469,70.22599792480469
1487.0,right,2,59465,0.0,90.13800048828125,90.15699768066406
1487.0,right,3,59465,0.0,101.23999786376953,101.23999786376953
1487.0,right,4,59465,0.0,95.0199966430664,95.0199966430664
1487.0,right,5,59465,0.0,93.05999755859375,93.05999755859375
1487.0,right,6,59465,0.0,92.24400329589844,93.00800323486328
1487.0,right,7,59465,0.0,84.05799865722656,84.05799865722656
1492.1,right,0,59667,0.0,55.04399871826172,55.242000579833984
1492.1,right,1,59667,0.0,70.20700073242188,70.22599792480469
1492.1,right,2,59666,0.0,90.13800048828125,90.15699768066406
1492.1,right,3,59666,0.0,101.23999786376953,101.23999786376953
1492.1,right,4,59666,0.0,95.0199966430664,95.0199966430664
1492.1,right,5,59666,0.0,93.04000091552734,93.05999755859375
1492.1,right,6,59666,0.0,92.24400329589844,93.00800323486328
1492.1,right,7,59666,0.0,84.05799865722656,84.05799865722656
1497.1,right,0,59868,0.0,55.04399871826172,55.242000579833984
1497.1,right,1,59868,0.0,70.20700073242188,70.22599792480469
1497.1,right,2,59868,0.0,90.13800048828125,90.15699768066406
1497.1,right,3,59868,0.0,102.00299835205078,102.00299835205078
1497.1,right,4,59867,0.0,95.03900146484375,95.03900146484375
1497.1,right,5,59867,0.0,93.04000091552734,93.05999755859375
1497.1,right,6,59867,0.0,92.2249984741211,93.00800323486328
1497.1,right,7,59867,0.0,84.05799865722656,84.0770034790039
