t_s,side,cam,frames,silent_s,temp_c,temp_max_c
5.0,right,0,183,0.0,36.20199966430664,36.20199966430664
5.0,right,1,183,0.0,39.15999984741211,39.15999984741211
5.0,right,2,183,0.0,42.01300048828125,42.01300048828125
5.0,right,3,183,0.0,43.16299819946289,43.16299819946289
5.0,right,4,182,0.0,43.16299819946289,43.16299819946289
5.0,right,5,182,0.0,42.19599914550781,42.19599914550781
5.0,right,6,182,0.0,42.02299880981445,42.02299880981445
5.0,right,7,182,0.0,41.08300018310547,41.08300018310547
10.0,right,0,384,0.0,42.02199935913086,42.02199935913086
10.0,right,1,384,0.0,46.05400085449219,46.05400085449219
10.0,right,2,384,0.0,49.1510009765625,49.1510009765625
10.0,right,3,384,0.0,51.05099868774414,51.05099868774414
10.0,right,4,384,0.0,50.194000244140625,50.194000244140625
10.0,right,5,384,0.0,49.21099853515625,49.21099853515625
10.0,right,6,383,0.0,50.237998962402344,50.237998962402344
10.0,right,7,383,0.0,49.19200134277344,49.19200134277344
15.1,right,0,585,0.0,45.14400100708008,45.14400100708008
15.1,right,1,585,0.0,51.090999603271484,51.090999603271484
15.1,right,2,585,0.0,56.07699966430664,56.07699966430664
15.1,right,3,585,0.0,57.10200119018555,57.10200119018555
15.1,right,4,585,0.0,56.112998962402344,56.112998962402344
15.1,right,5,585,0.0,55.117000579833984,55.117000579833984
15.1,right,6,585,0.0,56.15299987792969,56.15299987792969
15.1,right,7,585,0.0,55.0369987487793,55.0369987487793
20.2,right,0,790,0.0,47.077999114990234,47.077999114990234
20.2,right,1,790,0.0,54.137001037597656,54.137001037597656
20.2,right,2,790,0.0,60.17300033569336,60.17300033569336
20.2,right,3,790,0.0,62.255001068115234,62.255001068115234
20.2,right,4,790,0.0,61.17100143432617,61.17100143432617
20.2,right,5,790,0.0,60.125,60.125
20.2,right,6,790,0.0,61.05400085449219,61.05400085449219
20.2,right,7,790,0.0,59.042999267578125,59.042999267578125
25.2,right,0,990,0.0,48.13199996948242,48.13199996948242
25.2,right,1,990,0.0,56.22600173950195,56.22600173950195
25.2,right,2,990,0.0,63.255001068115234,63.255001068115234
25.2,right,3,990,0.0,66.16000366210938,66.16000366210938
25.2,right,4,990,0.0,65.0199966430664,65.0199966430664
25.2,right,5,990,0.0,63.202999114990234,63.202999114990234
25.2,right,6,990,0.0,65.03600311279297,65.03600311279297
25.2,right,7,990,0.0,62.16899871826172,62.16899871826172
30.2,right,0,1192,0.0,49.108001708984375,49.108001708984375
30.2,right,1,1192,0.0,58.159000396728516,58.159000396728516
30.2,right,2,1191,0.0,66.20099639892578,66.20099639892578
30.2,right,3,1191,0.0,69.2239990234375,69.2239990234375
30.2,right,4,1191,0.0,67.2249984741211,67.2249984741211
30.2,right,5,1191,0.0,66.14600372314453,66.14600372314453
30.2,right,6,1191,0.0,68.02200317382812,68.02200317382812
30.2,right,7,1191,0.0,65.02300262451172,65.02300262451172
35.3,right,0,1395,0.0,49.24399948120117,49.24399948120117
35.3,right,1,1395,0.0,60.01499938964844,60.01499938964844
35.3,right,2,1395,0.0,69.06999969482422,69.06999969482422
35.3,right,3,1395,0.0,72.13400268554688,72.13400268554688
35.3,right,4,1395,0.0,70.11699676513672,70.11699676513672
35.3,right,5,1395,0.0,69.03199768066406,69.03199768066406
35.3,right,6,1395,0.0,70.16799926757812,70.16799926757812
35.3,right,7,1395,0.0,66.17500305175781,66.17500305175781
40.4,right,0,1598,0.0,50.104000091552734,50.104000091552734
40.4,right,1,1598,0.0,61.03099822998047,61.03099822998047
40.4,right,2,1598,0.0,71.0979995727539,71.0979995727539
40.4,right,3,1598,0.0,74.16400146484375,74.16400146484375
40.4,right,4,1597,0.0,72.08899688720703,72.08899688720703
40.4,right,5,1597,0.0,71.0199966430664,71.0199966430664
40.4,right,6,1597,0.0,72.10099792480469,72.10099792480469
40.4,right,7,1597,0.0,68.18800354003906,68.18800354003906
45.4,right,0,1799,0.0,50.220001220703125,50.220001220703125
45.4,right,1,1799,0.0,62.027000427246094,62.027000427246094
45.4,right,2,1799,0.0,72.1510009765625,72.1510009765625
45.4,right,3,1799,0.0,76.15499877929688,76.15499877929688
45.4,right,4,1799,0.0,73.1050033569336,73.1050033569336
45.4,right,5,1799,0.0,72.14900207519531,72.14900207519531
45.4,right,6,1798,0.0,74.01499938964844,74.01499938964844
45.4,right,7,1798,0.0,70.0260009765625,70.0260009765625
50.5,right,0,2000,0.0,51.02199935913086,51.02199935913086
50.5,right,1,2000,0.0,62.18199920654297,62.18199920654297
50.5,right,2,2000,0.0,74.0250015258789,74.0250015258789
50.5,right,3,2000,0.0,78.10800170898438,78.10800170898438
50.5,right,4,2000,0.0,75.0199966430664,75.0199966430664
50.5,right,5,2000,0.0,73.23899841308594,73.23899841308594
50.5,right,6,2000,0.0,75.06900024414062,75.06900024414062
50.5,right,7,2000,0.0,71.04199981689453,71.04199981689453
55.5,right,0,2203,0.0,51.08000183105469,51.08000183105469
55.5,right,1,2203,0.0,63.08100128173828,63.08100128173828
55.5,right,2,2203,0.0,75.0780029296875,75.0780029296875
55.5,right,3,2203,0.0,79.22000122070312,79.22000122070312
55.5,right,4,2202,0.0,76.11299896240234,76.11299896240234
55.5,right,5,2202,0.0,75.09200286865234,75.09200286865234
55.5,right,6,2202,0.0,76.14199829101562,76.14199829101562
55.5,right,7,2202,0.0,72.03900146484375,72.03900146484375
60.5,right,0,2404,0.0,51.13800048828125,51.13800048828125
60.5,right,1,2404,0.0,63.15800094604492,63.15800094604492
60.5,right,2,2404,0.0,76.25199890136719,76.25199890136719
60.5,right,3,2404,0.0,81.03700256347656,81.03700256347656
60.5,right,4,2404,0.0,77.10900115966797,77.10900115966797
60.5,right,5,2404,0.0,76.1050033569336,76.1050033569336
60.5,right,6,2403,0.0,77.1760025024414,77.1760025024414
60.5,right,7,2403,0.0,72.21399688720703,72.21399688720703
65.6,right,0,2605,0.0,51.176998138427734,51.176998138427734
65.6,right,1,2605,0.0,64.03800201416016,64.03800201416016
65.6,right,2,2605,0.0,76.24700164794922,76.25199890136719
65.6,right,3,2605,0.0,82.052001953125,82.052001953125
65.6,right,4,2605,0.0,78.08599853515625,78.08599853515625
65.6,right,5,2605,0.0,77.06099700927734,77.06099700927734
65.6,right,6,2605,0.0,78.19100189208984,78.19100189208984
65.6,right,7,2605,0.0,73.1520004272461,73.1520004272461
70.6,right,0,2807,0.0,51.215999603271484,51.215999603271484
70.6,right,1,2807,0.0,64.11499786376953,64.11499786376953
70.6,right,2,2806,0.0,77.18399810791016,77.18399810791016
70.6,right,3,2806,0.0,83.125,83.125
70.6,right,4,2806,0.0,79.10099792480469,79.10099792480469
70.6,right,5,2806,0.0,78.09300231933594,78.09300231933594
70.6,right,6,2806,0.0,79.12799835205078,79.12799835205078
70.6,right,7,2806,0.0,74.03199768066406,74.03199768066406
75.7,right,0,3010,0.0,51.255001068115234,51.255001068115234
75.7,right,1,3010,0.0,64.19300079345703,64.19300079345703
75.7,right,2,3010,0.0,78.12100219726562,78.12100219726562
75.7,right,3,3010,0.0,84.04299926757812,84.04299926757812
75.7,right,4,3010,0.0,80.0,80.0
75.7,right,5,3010,0.0,79.02899932861328,79.02899932861328
75.7,right,6,3010,0.0,80.06600189208984,80.06600189208984
75.7,right,7,3010,0.0,74.18800354003906,74.18800354003906
80.7,right,0,3212,0.0,52.0369987487793,52.0369987487793
80.7,right,1,3212,0.0,64.2509994506836,64.2509994506836
80.7,right,2,3211,0.0,79.01899719238281,79.01899719238281
80.7,right,3,3211,0.0,85.0,85.0
80.7,right,4,3211,0.0,80.15499877929688,80.15499877929688
80.7,right,5,3211,0.0,79.2020034790039,79.2020034790039
80.7,right,6,3211,0.0,80.23999786376953,80.23999786376953
80.7,right,7,3211,0.0,75.02899932861328,75.02899932861328
85.8,right,0,3413,0.0,52.0369987487793,52.0369987487793
85.8,right,1,3413,0.0,65.0719985961914,65.0719985961914
85.8,right,2,3413,0.0,79.15499877929688,79.15499877929688
85.8,right,3,3413,0.0,85.23200225830078,85.23200225830078
85.8,right,4,3412,0.0,81.0739974975586,81.0739974975586
85.8,right,5,3412,0.0,80.0999984741211,80.0999984741211
85.8,right,6,3412,0.0,81.13899993896484,81.13899993896484
85.8,right,7,3412,0.0,75.1259994506836,75.1259994506836
90.8,right,0,3615,0.0,52.07600021362305,52.07600021362305
90.8,right,1,3615,0.0,65.1500015258789,65.1500015258789
90.8,right,2,3615,0.0,80.03399658203125,80.03399658203125
90.8,right,3,3615,0.0,86.16999816894531,86.16999816894531
90.8,right,4,3615,0.0,81.22899627685547,81.22899627685547
90.8,right,5,3615,0.0,80.23500061035156,80.23500061035156
90.8,right,6,3615,0.0,82.05699920654297,82.05699920654297
90.8,right,7,3615,0.0,76.00599670410156,76.00599670410156
95.9,right,0,3817,0.0,52.095001220703125,52.095001220703125
95.9,right,1,3817,0.0,65.18900299072266,65.18900299072266
95.9,right,2,3816,0.0,80.16899871826172,80.16899871826172
95.9,right,3,3816,0.0,87.08799743652344,87.08799743652344
95.9,right,4,3816,0.0,82.10900115966797,82.10900115966797
95.9,right,5,3816,0.0,81.1709976196289,81.1709976196289
95.9,right,6,3816,0.0,82.15299987792969,82.15299987792969
95.9,right,7,3816,0.0,76.10299682617188,76.10299682617188
100.9,right,0,4019,0.0,52.13399887084961,52.13399887084961
100.9,right,1,4019,0.0,65.24700164794922,65.24700164794922
100.9,right,2,4019,0.0,81.00900268554688,81.00900268554688
100.9,right,3,4019,0.0,88.00599670410156,88.00599670410156
100.9,right,4,4019,0.0,82.20600128173828,82.20600128173828
100.9,right,5,4019,0.0,82.02999877929688,82.02999877929688
100.9,right,6,4018,0.0,82.25,82.25
100.9,right,7,4018,0.0,76.22000122070312,76.22000122070312
106.0,right,0,4220,0.0,52.15399932861328,52.15399932861328
106.0,right,1,4220,0.0,66.04900360107422,66.04900360107422
106.0,right,2,4220,0.0,81.125,81.125
106.0,right,3,4220,0.0,88.12200164794922,88.12200164794922
106.0,right,4,4220,0.0,83.08599853515625,83.08599853515625
106.0,right,5,4220,0.0,82.14600372314453,82.14600372314453
106.0,right,6,4220,0.0,83.12999725341797,83.12999725341797
106.0,right,7,4220,0.0,77.04199981689453,77.04199981689453
111.1,right,0,4425,0.0,52.19200134277344,52.19200134277344
111.1,right,1,4425,0.0,66.08799743652344,66.08799743652344
111.1,right,2,4425,0.0,81.2020034790039,81.2020034790039
111.1,right,3,4425,0.0,88.23899841308594,88.23899841308594
111.1,right,4,4425,0.0,83.22100067138672,83.22100067138672
111.1,right,5,4425,0.0,82.24199676513672,82.24199676513672
111.1,right,6,4425,0.0,83.24600219726562,83.24600219726562
111.1,right,7,4425,0.0,77.12000274658203,77.12000274658203
116.1,right,0,4628,0.0,52.21200180053711,52.21200180053711
116.1,right,1,4628,0.0,66.14600372314453,66.14600372314453
116.1,right,2,4628,0.0,82.04299926757812,82.04299926757812
116.1,right,3,4628,0.0,89.0790023803711,89.0790023803711
116.1,right,4,4627,0.0,84.02300262451172,84.02300262451172
116.1,right,5,4627,0.0,83.08200073242188,83.08200073242188
116.1,right,6,4627,0.0,84.06700134277344,84.06700134277344
116.1,right,7,4627,0.0,77.1780014038086,77.1780014038086
121.2,right,0,4830,0.0,52.23099899291992,52.23099899291992
121.2,right,1,4830,0.0,66.18399810791016,66.18399810791016
121.2,right,2,4830,0.0,82.12000274658203,82.12000274658203
121.2,right,3,4830,0.0,89.19499969482422,89.19499969482422
121.2,right,4,4830,0.0,84.13999938964844,84.13999938964844
121.2,right,5,4830,0.0,83.1780014038086,83.1780014038086
121.2,right,6,4830,0.0,84.2030029296875,84.2030029296875
121.2,right,7,4830,0.0,77.23600006103516,77.23600006103516
126.2,right,0,5032,0.0,52.23099899291992,52.23099899291992
126.2,right,1,5032,0.0,66.2229995727539,66.2229995727539
126.2,right,2,5031,0.0,82.1969985961914,82.1969985961914
126.2,right,3,5031,0.0,90.05599975585938,90.05599975585938
126.2,right,4,5031,0.0,84.23699951171875,84.23699951171875
126.2,right,5,5031,0.0,84.01799774169922,84.01799774169922
126.2,right,6,5031,0.0,85.02400207519531,85.02400207519531
126.2,right,7,5031,0.0,78.03800201416016,78.03800201416016
131.3,right,0,5234,0.0,52.25,52.25
131.3,right,1,5234,0.0,66.24299621582031,66.24299621582031
131.3,right,2,5234,0.0,82.23600006103516,82.23600006103516
131.3,right,3,5234,0.0,90.1520004272461,90.1520004272461
131.3,right,4,5234,0.0,85.03900146484375,85.03900146484375
131.3,right,5,5234,0.0,84.13300323486328,84.13300323486328
131.3,right,6,5233,0.0,85.12100219726562,85.12100219726562
131.3,right,7,5233,0.0,78.11599731445312,78.11599731445312
136.3,right,0,5435,0.0,53.013999938964844,53.013999938964844
136.3,right,1,5435,0.0,67.0250015258789,67.0250015258789
136.3,right,2,5435,0.0,83.0770034790039,83.0770034790039
136.3,right,3,5435,0.0,90.2490005493164,91.01300048828125
136.3,right,4,5435,0.0,85.13600158691406,85.13600158691406
136.3,right,5,5435,0.0,84.19100189208984,84.19100189208984
136.3,right,6,5435,0.0,85.197998046875,85.197998046875
136.3,right,7,5435,0.0,78.15499877929688,78.15499877929688
141.4,right,0,5637,0.0,53.013999938964844,53.013999938964844
141.4,right,1,5637,0.0,67.04499816894531,67.04499816894531
141.4,right,2,5636,0.0,83.11499786376953,83.11499786376953
141.4,right,3,5636,0.0,91.07099914550781,91.07099914550781
141.4,right,4,5636,0.0,85.21399688720703,85.21399688720703
141.4,right,5,5636,0.0,85.01200103759766,85.01200103759766
141.4,right,6,5636,0.0,85.21700286865234,85.21700286865234
141.4,right,7,5636,0.0,78.23300170898438,78.23300170898438
146.5,right,0,5840,0.0,53.03300094604492,53.03300094604492
146.5,right,1,5840,0.0,67.08399963378906,67.08399963378906
146.5,right,2,5840,0.0,83.1729965209961,83.1729965209961
146.5,right,3,5840,0.0,91.14800262451172,91.14800262451172
146.5,right,4,5840,0.0,86.03500366210938,86.03500366210938
146.5,right,5,5840,0.0,85.06999969482422,85.06999969482422
146.5,right,6,5840,0.0,86.01899719238281,86.01899719238281
146.5,right,7,5840,0.0,79.03500366210938,79.03500366210938
151.5,right,0,6044,0.0,53.053001403808594,53.053001403808594
151.5,right,1,6044,0.0,67.10299682617188,67.10299682617188
151.5,right,2,6044,0.0,83.23100280761719,83.23100280761719
151.5,right,3,6044,0.0,91.20600128173828,91.20600128173828
151.5,right,4,6044,0.0,86.11299896240234,86.11299896240234
151.5,right,5,6044,0.0,85.14700317382812,85.14700317382812
151.5,right,6,6043,0.0,86.0770034790039,86.0770034790039
151.5,right,7,6043,0.0,79.09300231933594,79.09300231933594
156.6,right,0,6245,0.0,53.071998596191406,53.071998596191406
156.6,right,1,6245,0.0,67.12200164794922,67.12200164794922
156.6,right,2,6245,0.0,84.03299713134766,84.03299713134766
156.6,right,3,6245,0.0,92.00800323486328,92.00800323486328
156.6,right,4,6245,0.0,86.19000244140625,86.19000244140625
156.6,right,5,6245,0.0,85.18499755859375,85.18499755859375
156.6,right,6,6245,0.0,86.13600158691406,86.13600158691406
156.6,right,7,6245,0.0,79.13200378417969,79.13200378417969
161.6,right,0,6447,0.0,53.071998596191406,53.071998596191406
161.6,right,1,6447,0.0,67.16100311279297,67.16100311279297
161.6,right,2,6446,0.0,84.07099914550781,84.07099914550781
161.6,right,3,6446,0.0,92.0469970703125,92.0469970703125
161.6,right,4,6446,0.0,86.24800109863281,86.24800109863281
161.6,right,5,6446,0.0,86.00599670410156,86.00599670410156
161.6,right,6,6446,0.0,86.19400024414062,86.19400024414062
161.6,right,7,6446,0.0,79.1709976196289,79.1709976196289
166.7,right,0,6650,0.0,53.090999603271484,53.090999603271484
166.7,right,1,6650,0.0,67.18000030517578,67.18000030517578
166.7,right,2,6650,0.0,84.11000061035156,84.11000061035156
166.7,right,3,6650,0.0,92.1050033569336,92.1050033569336
166.7,right,4,6650,0.0,87.03099822998047,87.03099822998047
166.7,right,5,6650,0.0,86.06400299072266,86.06400299072266
166.7,right,6,6650,0.0,87.01499938964844,87.01499938964844
166.7,right,7,6650,0.0,79.19100189208984,79.19100189208984
171.7,right,0,6852,0.0,53.111000061035156,53.111000061035156
171.7,right,1,6852,0.0,67.19999694824219,67.19999694824219
171.7,right,2,6851,0.0,84.16799926757812,84.16799926757812
171.7,right,3,6851,0.0,92.2020034790039,92.2020034790039
171.7,right,4,6851,0.0,87.10900115966797,87.10900115966797
171.7,right,5,6851,0.0,86.10199737548828,86.10199737548828
171.7,right,6,6851,0.0,87.03399658203125,87.03399658203125
171.7,right,7,6851,0.0,79.2300033569336,79.2300033569336
176.8,right,0,7053,0.0,53.130001068115234,53.130001068115234
176.8,right,1,7053,0.0,67.23899841308594,67.23899841308594
176.8,right,2,7053,0.0,84.20700073242188,84.20700073242188
176.8,right,3,7053,0.0,93.00399780273438,93.00399780273438
176.8,right,4,7052,0.0,87.18599700927734,87.18599700927734
176.8,right,5,7052,0.0,86.16000366210938,86.16000366210938
176.8,right,6,7052,0.0,87.09200286865234,87.09200286865234
176.8,right,7,7052,0.0,79.2490005493164,79.2490005493164
181.8,right,0,7255,0.0,53.130001068115234,53.130001068115234
181.8,right,1,7255,0.0,68.00199890136719,68.00199890136719
181.8,right,2,7255,0.0,84.24500274658203,84.24500274658203
181.8,right,3,7255,0.0,93.06199645996094,93.06199645996094
181.8,right,4,7255,0.0,87.2249984741211,87.2249984741211
181.8,right,5,7255,0.0,86.17900085449219,86.17900085449219
181.8,right,6,7255,0.0,87.1500015258789,87.1500015258789
181.8,right,7,7255,0.0,80.03199768066406,80.03199768066406
186.9,right,0,7457,0.0,53.14899826049805,53.14899826049805
186.9,right,1,7457,0.0,68.00199890136719,68.02100372314453
186.9,right,2,7456,0.0,85.02799987792969,85.0469970703125
186.9,right,3,7456,0.0,93.12000274658203,93.12000274658203
186.9,right,4,7456,0.0,88.0270004272461,88.24500274658203
186.9,right,5,7456,0.0,86.23699951171875,86.23699951171875
186.9,right,6,7456,0.0,87.20800018310547,87.20800018310547
186.9,right,7,7456,0.0,80.07099914550781,80.07099914550781
191.9,right,0,7659,0.0,53.14899826049805,53.14899826049805
191.9,right,1,7659,0.0,68.04100036621094,68.04100036621094
191.9,right,2,7659,0.0,85.06600189208984,85.06600189208984
191.9,right,3,7659,0.0,93.1969985961914,93.1969985961914
191.9,right,4,7659,0.0,88.1050033569336,88.24500274658203
191.9,right,5,7659,0.0,87.01899719238281,87.01899719238281
191.9,right,6,7658,0.0,88.01100158691406,88.01100158691406
191.9,right,7,7658,0.0,80.11000061035156,80.11000061035156
197.0,right,0,7860,0.0,53.14899826049805,53.16899871826172
197.0,right,1,7860,0.0,68.04100036621094,68.04100036621094
197.0,right,2,7860,0.0,85.1050033569336,85.1050033569336
197.0,right,3,7860,0.0,93.23600006103516,93.23600006103516
197.0,right,4,7860,0.0,88.18199920654297,88.24500274658203
197.0,right,5,7860,0.0,87.09600067138672,87.09600067138672
197.0,right,6,7860,0.0,88.04900360107422,88.04900360107422
197.0,right,7,7860,0.0,80.14800262451172,80.14800262451172
202.0,right,0,8063,0.0,53.16899871826172,53.16899871826172
202.0,right,1,8063,0.0,68.05999755859375,68.0790023803711
202.0,right,2,8063,0.0,85.16300201416016,85.16300201416016
202.0,right,3,8063,0.0,94.03800201416016,94.03800201416016
202.0,right,4,8062,0.0,88.2020034790039,88.24500274658203
202.0,right,5,8062,0.0,87.11499786376953,87.11499786376953
202.0,right,6,8062,0.0,88.12699890136719,88.12699890136719
202.0,right,7,8062,0.0,80.16799926757812,80.16799926757812
207.1,right,0,8265,0.0,53.1879997253418,53.1879997253418
207.1,right,1,8265,0.0,68.0790023803711,68.0989990234375
207.1,right,2,8265,0.0,85.18199920654297,85.2020034790039
207.1,right,3,8265,0.0,94.09600067138672,94.09600067138672
207.1,right,4,8265,0.0,88.24099731445312,88.24500274658203
207.1,right,5,8265,0.0,87.13400268554688,87.13400268554688
207.1,right,6,8265,0.0,88.16500091552734,88.16500091552734
207.1,right,7,8265,0.0,80.20700073242188,80.20700073242188
212.1,right,0,8467,0.0,53.1879997253418,53.1879997253418
212.1,right,1,8467,0.0,68.0989990234375,68.0989990234375
212.1,right,2,8466,0.0,85.2020034790039,85.2020034790039
212.1,right,3,8466,0.0,94.13500213623047,94.13500213623047
212.1,right,4,8466,0.0,89.08200073242188,89.08200073242188
212.1,right,5,8466,0.0,87.19200134277344,87.19200134277344
212.1,right,6,8466,0.0,88.18499755859375,88.18499755859375
212.1,right,7,8466,0.0,80.22599792480469,80.22599792480469
217.3,right,0,8674,0.0,53.207000732421875,53.207000732421875
217.3,right,1,8674,0.0,68.11799621582031,68.13800048828125
217.3,right,2,8674,0.0,85.23999786376953,85.23999786376953
217.3,right,3,8674,0.0,94.17400360107422,94.17400360107422
217.3,right,4,8674,0.0,89.12000274658203,89.12000274658203
217.3,right,5,8674,0.0,88.01300048828125,88.01300048828125
217.3,right,6,8673,0.0,88.2040023803711,88.2040023803711
217.3,right,7,8673,0.0,80.24600219726562,80.24600219726562
222.3,right,0,8875,0.0,53.207000732421875,53.207000732421875
222.3,right,1,8875,0.0,68.13800048828125,68.15699768066406
222.3,right,2,8875,0.0,86.00299835205078,86.00299835205078
222.3,right,3,8875,0.0,94.21199798583984,94.23200225830078
222.3,right,4,8875,0.0,89.13999938964844,89.13999938964844
222.3,right,5,8875,0.0,88.0510025024414,88.0510025024414
222.3,right,6,8875,0.0,88.2229995727539,88.2229995727539
222.3,right,7,8875,0.0,81.00900268554688,81.00900268554688
227.4,right,0,9077,0.0,53.22700119018555,53.22700119018555
227.4,right,1,9077,0.0,68.15699768066406,68.15699768066406
227.4,right,2,9076,0.0,86.02300262451172,86.02300262451172
227.4,right,3,9076,0.0,95.01399993896484,95.01399993896484
227.4,right,4,9076,0.0,89.15899658203125,89.15899658203125
227.4,right,5,9076,0.0,88.08999633789062,88.08999633789062
227.4,right,6,9076,0.0,88.24299621582031,88.24299621582031
227.4,right,7,9076,0.0,81.02899932861328,81.02899932861328
232.5,right,0,9284,0.0,53.22700119018555,53.22700119018555
232.5,right,1,9284,0.0,68.1760025024414,68.1760025024414
232.5,right,2,9284,0.0,86.08100128173828,86.08100128173828
232.5,right,3,9284,0.0,95.0530014038086,95.0530014038086
232.5,right,4,9284,0.0,89.197998046875,89.197998046875
232.5,right,5,9284,0.0,88.12799835205078,88.12799835205078
232.5,right,6,9283,0.0,89.0250015258789,89.0250015258789
232.5,right,7,9283,0.0,81.0479965209961,81.0479965209961
237.6,right,0,9485,0.0,53.24599838256836,53.24599838256836
237.6,right,1,9485,0.0,68.19599914550781,68.19599914550781
237.6,right,2,9485,0.0,86.0999984741211,86.0999984741211
237.6,right,3,9485,0.0,95.09200286865234,95.09200286865234
237.6,right,4,9485,0.0,89.21700286865234,89.21700286865234
237.6,right,5,9485,0.0,88.14800262451172,88.14800262451172
237.6,right,6,9485,0.0,89.06400299072266,89.06400299072266
237.6,right,7,9485,0.0,81.06700134277344,81.06700134277344
242.6,right,0,9688,0.0,53.24599838256836,53.24599838256836
242.6,right,1,9688,0.0,68.19599914550781,68.19599914550781
242.6,right,2,9688,0.0,86.13899993896484,86.13899993896484
242.6,right,3,9688,0.0,95.13099670410156,95.13099670410156
242.6,right,4,9687,0.0,89.23699951171875,89.23699951171875
242.6,right,5,9687,0.0,88.16699981689453,88.16699981689453
242.6,right,6,9687,0.0,89.08300018310547,89.08300018310547
242.6,right,7,9687,0.0,81.1259994506836,81.1259994506836
247.7,right,0,9890,0.0,53.24599838256836,53.24599838256836
247.7,right,1,9890,0.0,68.21499633789062,68.21499633789062
247.7,right,2,9890,0.0,86.15799713134766,86.15799713134766
247.7,right,3,9890,0.0,95.1500015258789,95.1500015258789
247.7,right,4,9890,0.0,90.0,90.0
247.7,right,5,9890,0.0,88.16699981689453,88.16699981689453
247.7,right,6,9890,0.0,89.10299682617188,89.10299682617188
247.7,right,7,9890,0.0,81.1449966430664,81.1449966430664
252.8,right,0,10093,0.0,54.0099983215332,54.0099983215332
252.8,right,1,10093,0.0,68.21499633789062,68.23400115966797
252.8,right,2,10093,0.0,86.177001953125,86.177001953125
252.8,right,3,10093,0.0,95.18900299072266,95.18900299072266
252.8,right,4,10092,0.0,90.0199966430664,90.0199966430664
252.8,right,5,10092,0.0,88.18599700927734,88.18599700927734
252.8,right,6,10092,0.0,89.12200164794922,89.12200164794922
252.8,right,7,10092,0.0,81.16500091552734,81.16500091552734
257.8,right,0,10294,0.0,54.0099983215332,54.0099983215332
257.8,right,1,10294,0.0,68.23400115966797,68.23400115966797
257.8,right,2,10294,0.0,86.23500061035156,86.23500061035156
257.8,right,3,10294,0.0,95.22699737548828,95.22699737548828
257.8,right,4,10294,0.0,90.03900146484375,90.03900146484375
257.8,right,5,10294,0.0,88.20500183105469,88.2239990234375
257.8,right,6,10293,0.0,89.16100311279297,89.16100311279297
257.8,right,7,10293,0.0,81.2040023803711,81.2040023803711
262.9,right,0,10497,0.0,54.02899932861328,54.02899932861328
262.9,right,1,10497,0.0,69.03700256347656,69.03700256347656
262.9,right,2,10496,0.0,86.25399780273438,86.25399780273438
262.9,right,3,10496,0.0,96.01000213623047,96.01000213623047
262.9,right,4,10496,0.0,90.03900146484375,90.05799865722656
262.9,right,5,10496,0.0,89.00700378417969,89.00700378417969
262.9,right,6,10496,0.0,89.18000030517578,89.18000030517578
262.9,right,7,10496,0.0,81.2229995727539,81.2229995727539
267.9,right,0,10698,0.0,54.02899932861328,54.02899932861328
267.9,right,1,10698,0.0,69.03700256347656,69.03700256347656
267.9,right,2,10698,0.0,87.01799774169922,87.01799774169922
267.9,right,3,10698,0.0,96.04900360107422,96.04900360107422
267.9,right,4,10697,0.0,90.09700012207031,90.09700012207031
267.9,right,5,10697,0.0,89.0260009765625,89.0260009765625
267.9,right,6,10697,0.0,89.18000030517578,89.18000030517578
267.9,right,7,10697,0.0,81.24199676513672,81.24199676513672
272.9,right,0,10900,0.0,54.02899932861328,54.02899932861328
272.9,right,1,10900,0.0,69.03700256347656,69.03700256347656
272.9,right,2,10900,0.0,87.03700256347656,87.03700256347656
272.9,right,3,10900,0.0,96.06800079345703,96.06800079345703
272.9,right,4,10900,0.0,90.09700012207031,90.11699676513672
272.9,right,5,10900,0.0,89.06500244140625,89.06500244140625
272.9,right,6,10900,0.0,89.19999694824219,89.19999694824219
272.9,right,7,10900,0.0,82.00599670410156,82.00599670410156
278.0,right,0,11100,0.0,54.02899932861328,54.04800033569336
278.0,right,1,11100,0.0,69.05599975585938,69.05599975585938
278.0,right,2,11100,0.0,87.07599639892578,87.07599639892578
278.0,right,3,11100,0.0,96.10700225830078,96.10700225830078
278.0,right,4,11100,0.0,90.11699676513672,90.11699676513672
278.0,right,5,11100,0.0,89.06500244140625,89.06500244140625
278.0,right,6,11100,0.0,89.19999694824219,89.19999694824219
278.0,right,7,11100,0.0,82.0250015258789,82.0250015258789
283.0,right,0,11304,0.0,54.04800033569336,54.04800033569336
283.0,right,1,11304,0.0,69.07499694824219,69.07499694824219
283.0,right,2,11304,0.0,87.09500122070312,87.09500122070312
283.0,right,3,11304,0.0,96.14600372314453,96.14600372314453
283.0,right,4,11304,0.0,90.13600158691406,90.13600158691406
283.0,right,5,11304,0.0,89.10299682617188,89.10299682617188
283.0,right,6,11303,0.0,89.19999694824219,89.21900177001953
283.0,right,7,11303,0.0,82.0250015258789,82.0250015258789
288.1,right,0,11505,0.0,54.06800079345703,54.06800079345703
288.1,right,1,11505,0.0,69.07499694824219,69.07499694824219
288.1,right,2,11505,0.0,87.11399841308594,87.11399841308594
288.1,right,3,11505,0.0,96.18399810791016,96.18399810791016
288.1,right,4,11505,0.0,90.15499877929688,90.15499877929688
288.1,right,5,11505,0.0,89.12200164794922,89.12200164794922
288.1,right,6,11505,0.0,89.23799896240234,89.23799896240234
288.1,right,7,11505,0.0,82.04499816894531,82.04499816894531
293.1,right,0,11707,0.0,54.06800079345703,54.06800079345703
293.1,right,1,11707,0.0,69.09500122070312,69.09500122070312
293.1,right,2,11706,0.0,87.13400268554688,87.13400268554688
293.1,right,3,11706,0.0,96.2229995727539,96.2229995727539
293.1,right,4,11706,0.0,90.15499877929688,90.15499877929688
293.1,right,5,11706,0.0,89.14199829101562,89.14199829101562
293.1,right,6,11706,0.0,89.23799896240234,90.00199890136719
293.1,right,7,11706,0.0,82.06400299072266,82.06400299072266
298.2,right,0,11910,0.0,54.06800079345703,54.06800079345703
298.2,right,1,11910,0.0,69.09500122070312,69.09500122070312
298.2,right,2,11910,0.0,87.15299987792969,87.15299987792969
298.2,right,3,11910,0.0,96.2229995727539,96.24199676513672
298.2,right,4,11910,0.0,90.17500305175781,90.17500305175781
298.2,right,5,11910,0.0,89.16100311279297,89.16100311279297
298.2,right,6,11910,0.0,90.02100372314453,90.02100372314453
298.2,right,7,11910,0.0,82.06400299072266,82.08399963378906
303.2,right,0,12112,0.0,54.08700180053711,54.08700180053711
303.2,right,1,12112,0.0,69.09500122070312,69.09500122070312
303.2,right,2,12111,0.0,87.1719970703125,87.1719970703125
303.2,right,3,12111,0.0,97.00599670410156,97.00599670410156
303.2,right,4,12111,0.0,90.19400024414062,90.21399688720703
303.2,right,5,12111,0.0,89.18000030517578,89.18000030517578
303.2,right,6,12111,0.0,90.04000091552734,90.04000091552734
303.2,right,7,12111,0.0,82.08399963378906,82.08399963378906
308.3,right,0,12315,0.0,54.08700180053711,54.08700180053711
308.3,right,1,12315,0.0,69.11399841308594,69.11399841308594
308.3,right,2,12315,0.0,87.1719970703125,87.19100189208984
308.3,right,3,12315,0.0,97.0250015258789,97.0250015258789
308.3,right,4,12315,0.0,90.23300170898438,90.23300170898438
308.3,right,5,12315,0.0,89.1989974975586,89.1989974975586
308.3,right,6,12315,0.0,90.05999755859375,90.05999755859375
308.3,right,7,12315,0.0,82.10299682617188,82.10299682617188
313.4,right,0,12517,0.0,54.08700180053711,54.10599899291992
313.4,right,1,12517,0.0,69.13300323486328,69.13300323486328
313.4,right,2,12516,0.0,87.19100189208984,87.19100189208984
313.4,right,3,12516,0.0,97.06400299072266,97.06400299072266
313.4,right,4,12516,0.0,91.01599884033203,91.01599884033203
313.4,right,5,12516,0.0,89.1989974975586,89.1989974975586
313.4,right,6,12516,0.0,90.05999755859375,90.05999755859375
313.4,right,7,12516,0.0,82.10299682617188,82.12200164794922
318.4,right,0,12719,0.0,54.10599899291992,54.10599899291992
318.4,right,1,12719,0.0,69.13300323486328,69.13300323486328
318.4,right,2,12719,0.0,87.2300033569336,87.2300033569336
318.4,right,3,12719,0.0,97.08300018310547,97.08300018310547
318.4,right,4,12719,0.0,91.03500366210938,91.03500366210938
318.4,right,5,12719,0.0,89.21800231933594,89.21800231933594
318.4,right,6,12718,0.0,90.0979995727539,90.0979995727539
318.4,right,7,12718,0.0,82.14199829101562,82.14199829101562
323.5,right,0,12922,0.0,54.10599899291992,54.10599899291992
323.5,right,1,12922,0.0,69.15299987792969,69.15299987792969
323.5,right,2,12921,0.0,87.2300033569336,87.2300033569336
323.5,right,3,12921,0.0,97.10299682617188,97.10299682617188
323.5,right,4,12921,0.0,91.05400085449219,91.05400085449219
323.5,right,5,12921,0.0,89.23799896240234,90.0009994506836
323.5,right,6,12921,0.0,90.11799621582031,90.11799621582031
323.5,right,7,12921,0.0,82.16100311279297,82.16100311279297
328.5,right,0,13124,0.0,54.10599899291992,54.10599899291992
328.5,right,1,13124,0.0,69.15299987792969,69.15299987792969
328.5,right,2,13124,0.0,87.2490005493164,87.2490005493164
328.5,right,3,13124,0.0,97.14099884033203,97.14099884033203
328.5,right,4,13124,0.0,91.0739974975586,91.0739974975586
328.5,right,5,13124,0.0,90.0199966430664,90.0199966430664
328.5,right,6,13123,0.0,90.13700103759766,90.13700103759766
328.5,right,7,13123,0.0,82.16100311279297,82.18099975585938
333.6,right,0,13327,0.0,54.125999450683594,54.125999450683594
333.6,right,1,13327,0.0,69.15299987792969,69.1719970703125
333.6,right,2,13326,0.0,88.01300048828125,88.01300048828125
333.6,right,3,13326,0.0,97.18000030517578,97.18000030517578
333.6,right,4,13326,0.0,91.09300231933594,91.09300231933594
333.6,right,5,13326,0.0,90.05899810791016,90.05899810791016
333.6,right,6,13326,0.0,90.15599822998047,90.15599822998047
333.6,right,7,13326,0.0,82.18099975585938,82.18099975585938
338.6,right,0,13528,0.0,54.125999450683594,54.125999450683594
338.6,right,1,13528,0.0,69.1719970703125,69.1719970703125
338.6,right,2,13528,0.0,88.03199768066406,88.03199768066406
338.6,right,3,13528,0.0,97.18000030517578,97.18000030517578
338.6,right,4,13527,0.0,91.11299896240234,91.11299896240234
338.6,right,5,13527,0.0,90.05899810791016,90.0780029296875
338.6,right,6,13527,0.0,90.1760025024414,90.1760025024414
338.6,right,7,13527,0.0,82.18099975585938,82.18099975585938
343.7,right,0,13730,0.0,54.125999450683594,54.14500045776367
343.7,right,1,13730,0.0,69.19200134277344,69.19200134277344
343.7,right,2,13730,0.0,88.01300048828125,88.03199768066406
343.7,right,3,13730,0.0,97.1989974975586,97.1989974975586
343.7,right,4,13730,0.0,91.13200378417969,91.13200378417969
343.7,right,5,13730,0.0,90.09700012207031,90.09700012207031
343.7,right,6,13730,0.0,90.19499969482422,90.19499969482422
343.7,right,7,13730,0.0,82.18099975585938,82.18099975585938
348.8,right,0,13934,0.0,54.14500045776367,54.14500045776367
348.8,right,1,13934,0.0,69.21099853515625,69.21099853515625
348.8,right,2,13934,0.0,88.03199768066406,88.0510025024414
348.8,right,3,13934,0.0,97.23799896240234,97.23799896240234
348.8,right,4,13934,0.0,91.1510009765625,91.1510009765625
348.8,right,5,13934,0.0,90.11599731445312,90.11599731445312
348.8,right,6,13933,0.0,90.21399688720703,90.21399688720703
348.8,right,7,13933,0.0,82.19999694824219,82.19999694824219
353.8,right,0,14135,0.0,54.14500045776367,54.14500045776367
353.8,right,1,14135,0.0,69.21099853515625,69.21099853515625
353.8,right,2,14135,0.0,88.0510025024414,88.0510025024414
353.8,right,3,14135,0.0,98.02100372314453,98.02100372314453
353.8,right,4,14135,0.0,91.19000244140625,91.19000244140625
353.8,right,5,14135,0.0,90.11599731445312,90.11599731445312
353.8,right,6,14135,0.0,90.23400115966797,90.23400115966797
353.8,right,7,14135,0.0,82.19999694824219,82.19999694824219
358.9,right,0,14338,0.0,54.14500045776367,54.14500045776367
358.9,right,1,14338,0.0,69.21099853515625,69.21099853515625
358.9,right,2,14338,0.0,88.07099914550781,88.07099914550781
358.9,right,3,14338,0.0,98.04000091552734,98.04000091552734
358.9,right,4,14337,0.0,91.19000244140625,91.19000244140625
358.9,right,5,14337,0.0,90.13500213623047,90.13500213623047
358.9,right,6,14337,0.0,90.23400115966797,90.25299835205078
358.9,right,7,14337,0.0,82.22000122070312,82.22000122070312
363.9,right,0,14540,0.0,54.14500045776367,54.14500045776367
363.9,right,1,14540,0.0,69.2300033569336,69.2300033569336
363.9,right,2,14540,0.0,88.08999633789062,88.08999633789062
363.9,right,3,14540,0.0,98.04000091552734,98.04000091552734
363.9,right,4,14540,0.0,91.22899627685547,91.22899627685547
363.9,right,5,14540,0.0,90.13500213623047,90.15499877929688
363.9,right,6,14540,0.0,91.01599884033203,91.01599884033203
363.9,right,7,14540,0.0,83.00299835205078,83.00299835205078
369.0,right,0,14742,0.0,54.14500045776367,54.14500045776367
369.0,right,1,14742,0.0,69.21099853515625,69.2300033569336
369.0,right,2,14741,0.0,88.07099914550781,88.08999633789062
369.0,right,3,14741,0.0,98.05899810791016,98.05899810791016
369.0,right,4,14741,0.0,91.24800109863281,91.24800109863281
369.0,right,5,14741,0.0,90.15499877929688,90.17400360107422
369.0,right,6,14741,0.0,91.05500030517578,91.05500030517578
369.0,right,7,14741,0.0,83.02200317382812,83.02200317382812
374.1,right,0,14945,0.0,54.14500045776367,54.14500045776367
374.1,right,1,14945,0.0,69.2300033569336,69.2300033569336
374.1,right,2,14945,0.0,88.10900115966797,88.10900115966797
374.1,right,3,14945,0.0,98.0979995727539,98.0979995727539
374.1,right,4,14945,0.0,92.01200103759766,92.01200103759766
374.1,right,5,14945,0.0,90.19300079345703,90.19300079345703
374.1,right,6,14945,0.0,91.13300323486328,91.13300323486328
374.1,right,7,14945,0.0,83.02200317382812,83.02200317382812
379.1,right,0,15147,0.0,54.14500045776367,54.14500045776367
379.1,right,1,15147,0.0,69.2300033569336,69.2300033569336
379.1,right,2,15146,0.0,88.12899780273438,88.12899780273438
379.1,right,3,15146,0.0,98.0979995727539,98.0979995727539
379.1,right,4,15146,0.0,92.03099822998047,92.03099822998047
379.1,right,5,15146,0.0,90.19300079345703,90.19300079345703
379.1,right,6,15146,0.0,91.13300323486328,91.13300323486328
379.1,right,7,15146,0.0,83.02200317382812,83.02200317382812
384.2,right,0,15349,0.0,54.165000915527344,54.165000915527344
384.2,right,1,15349,0.0,69.25,69.25
384.2,right,2,15349,0.0,88.12899780273438,88.14800262451172
384.2,right,3,15349,0.0,98.13700103759766,98.13700103759766
384.2,right,4,15349,0.0,92.0510025024414,92.0510025024414
384.2,right,5,15349,0.0,90.21199798583984,90.21199798583984
384.2,right,6,15348,0.0,91.1520004272461,91.1520004272461
384.2,right,7,15348,0.0,83.04100036621094,83.04100036621094
389.2,right,0,15550,0.0,54.14500045776367,54.165000915527344
389.2,right,1,15550,0.0,69.2300033569336,69.25
389.2,right,2,15550,0.0,88.12899780273438,88.14800262451172
389.2,right,3,15550,0.0,98.15599822998047,98.15599822998047
389.2,right,4,15550,0.0,92.06999969482422,92.06999969482422
389.2,right,5,15550,0.0,90.21199798583984,90.23200225830078
389.2,right,6,15550,0.0,91.1520004272461,91.1520004272461
389.2,right,7,15550,0.0,83.06099700927734,83.06099700927734
394.3,right,0,15754,0.0,54.165000915527344,54.165000915527344
394.3,right,1,15754,0.0,69.25,69.25
394.3,right,2,15754,0.0,88.14800262451172,88.16699981689453
394.3,right,3,15754,0.0,98.1760025024414,98.1760025024414
394.3,right,4,15754,0.0,92.08899688720703,92.08899688720703
394.3,right,5,15754,0.0,90.2509994506836,90.2509994506836
394.3,right,6,15753,0.0,91.13300323486328,91.1520004272461
394.3,right,7,15753,0.0,83.04100036621094,83.06099700927734
399.4,right,0,15959,0.0,54.165000915527344,54.165000915527344
399.4,right,1,15959,0.0,69.2300033569336,69.25
399.4,right,2,15959,0.0,88.16699981689453,88.16699981689453
399.4,right,3,15959,0.0,98.1760025024414,98.19499969482422
399.4,right,4,15959,0.0,92.08899688720703,92.08899688720703
399.4,right,5,15959,0.0,91.01399993896484,91.01399993896484
399.4,right,6,15958,0.0,91.1709976196289,91.1709976196289
399.4,right,7,15958,0.0,83.08000183105469,83.08000183105469
404.5,right,0,16162,0.0,54.14500045776367,54.165000915527344
404.5,right,1,16162,0.0,69.25,69.25
404.5,right,2,16161,0.0,88.18599700927734,88.18599700927734
404.5,right,3,16161,0.0,98.19499969482422,98.19499969482422
404.5,right,4,16161,0.0,92.10900115966797,92.10900115966797
404.5,right,5,16161,0.0,91.03299713134766,91.03299713134766
404.5,right,6,16161,0.0,91.19100189208984,91.19100189208984
404.5,right,7,16161,0.0,83.0999984741211,83.0999984741211
409.5,right,0,16364,0.0,54.165000915527344,54.165000915527344
409.5,right,1,16364,0.0,69.25,69.25
409.5,right,2,16364,0.0,88.18599700927734,88.18599700927734
409.5,right,3,16364,0.0,98.23400115966797,98.23400115966797
409.5,right,4,16364,0.0,92.10900115966797,92.10900115966797
409.5,right,5,16364,0.0,91.052001953125,91.052001953125
409.5,right,6,16363,0.0,91.1709976196289,91.19100189208984
409.5,right,7,16363,0.0,83.11900329589844,83.11900329589844
414.6,right,0,16567,0.0,54.165000915527344,54.165000915527344
414.6,right,1,16567,0.0,69.25,70.01300048828125
414.6,right,2,16566,0.0,88.20600128173828,88.20600128173828
414.6,right,3,16566,0.0,98.25299835205078,98.25299835205078
414.6,right,4,16566,0.0,92.12799835205078,92.12799835205078
414.6,right,5,16566,0.0,91.0719985961914,91.0719985961914
414.6,right,6,16566,0.0,91.1709976196289,91.19100189208984
414.6,right,7,16566,0.0,83.11900329589844,83.11900329589844
419.7,right,0,16769,0.0,54.165000915527344,54.183998107910156
419.7,right,1,16769,0.0,70.01300048828125,70.01300048828125
419.7,right,2,16769,0.0,88.2249984741211,88.2249984741211
419.7,right,3,16769,0.0,99.01599884033203,99.01599884033203
419.7,right,4,16769,0.0,92.14800262451172,92.14800262451172
419.7,right,5,16769,0.0,91.09100341796875,91.09100341796875
419.7,right,6,16768,0.0,91.20999908447266,91.20999908447266
419.7,right,7,16768,0.0,83.11900329589844,83.11900329589844
424.7,right,0,16970,0.0,54.183998107910156,54.183998107910156
424.7,right,1,16970,0.0,70.01300048828125,70.01300048828125
424.7,right,2,16970,0.0,88.2249984741211,88.2249984741211
424.7,right,3,16970,0.0,99.01599884033203,99.03600311279297
424.7,right,4,16970,0.0,92.18599700927734,92.18599700927734
424.7,right,5,16970,0.0,91.09100341796875,91.09100341796875
424.7,right,6,16970,0.0,91.22899627685547,91.22899627685547
424.7,right,7,16970,0.0,83.13899993896484,83.13899993896484
429.8,right,0,17173,0.0,54.183998107910156,54.183998107910156
429.8,right,1,17173,0.0,70.01300048828125,70.01300048828125
429.8,right,2,17173,0.0,88.24400329589844,88.24400329589844
429.8,right,3,17173,0.0,99.05500030517578,99.05500030517578
429.8,right,4,17172,0.0,92.18599700927734,92.18599700927734
429.8,right,5,17172,0.0,91.09100341796875,91.11000061035156
429.8,right,6,17172,0.0,91.22899627685547,91.22899627685547
429.8,right,7,17172,0.0,83.177001953125,83.177001953125
434.8,right,0,17375,0.0,54.183998107910156,54.183998107910156
434.8,right,1,17375,0.0,70.01300048828125,70.01300048828125
434.8,right,2,17375,0.0,88.24400329589844,89.00800323486328
434.8,right,3,17375,0.0,99.03600311279297,99.05500030517578
434.8,right,4,17375,0.0,92.20600128173828,92.20600128173828
434.8,right,5,17375,0.0,91.11000061035156,91.11000061035156
434.8,right,6,17375,0.0,91.2490005493164,91.2490005493164
434.8,right,7,17375,0.0,83.177001953125,83.177001953125
439.9,right,0,17578,0.0,54.202999114990234,54.202999114990234
439.9,right,1,17578,0.0,70.01300048828125,70.01300048828125
439.9,right,2,17578,0.0,89.00800323486328,89.00800323486328
439.9,right,3,17578,0.0,99.0739974975586,99.0739974975586
439.9,right,4,17577,0.0,92.2249984741211,92.2249984741211
439.9,right,5,17577,0.0,91.12899780273438,91.12899780273438
439.9,right,6,17577,0.0,92.01200103759766,92.01200103759766
439.9,right,7,17577,0.0,83.177001953125,83.177001953125
445.0,right,0,17780,0.0,54.202999114990234,54.202999114990234
445.0,right,1,17780,0.0,70.01300048828125,70.01300048828125
445.0,right,2,17780,0.0,89.00800323486328,89.0270004272461
445.0,right,3,17780,0.0,99.09400177001953,99.09400177001953
445.0,right,4,17780,0.0,92.2249984741211,92.2249984741211
445.0,right,5,17780,0.0,91.12899780273438,91.12899780273438
445.0,right,6,17780,0.0,92.01200103759766,92.01200103759766
445.0,right,7,17780,0.0,83.1969985961914,83.1969985961914
450.0,right,0,17984,0.0,54.202999114990234,54.202999114990234
450.0,right,1,17984,0.0,70.01300048828125,70.03199768066406
450.0,right,2,17984,0.0,89.0270004272461,89.0270004272461
450.0,right,3,17984,0.0,99.09400177001953,99.09400177001953
450.0,right,4,17984,0.0,92.2249984741211,92.2249984741211
450.0,right,5,17984,0.0,91.12899780273438,91.14900207519531
450.0,right,6,17983,0.0,92.01200103759766,92.01200103759766
450.0,right,7,17983,0.0,83.1969985961914,83.1969985961914
455.1,right,0,18185,0.0,54.202999114990234,54.202999114990234
455.1,right,1,18185,0.0,70.01300048828125,70.03199768066406
455.1,right,2,18185,0.0,89.0459976196289,89.0459976196289
455.1,right,3,18185,0.0,99.13300323486328,99.13300323486328
455.1,right,4,18185,0.0,93.00800323486328,93.00800323486328
455.1,right,5,18185,0.0,91.14900207519531,91.14900207519531
455.1,right,6,18185,0.0,92.01200103759766,92.01200103759766
455.1,right,7,18185,0.0,83.1969985961914,83.1969985961914
460.2,right,0,18392,0.0,54.202999114990234,54.202999114990234
460.2,right,1,18392,0.0,70.03199768066406,70.03199768066406
460.2,right,2,18391,0.0,89.0459976196289,89.0459976196289
460.2,right,3,18391,0.0,99.13300323486328,99.13300323486328
460.2,right,4,18391,0.0,93.00800323486328,93.00800323486328
460.2,right,5,18391,0.0,91.14900207519531,91.14900207519531
460.2,right,6,18391,0.0,92.01200103759766,92.01200103759766
460.2,right,7,18391,0.0,83.1969985961914,83.21600341796875
465.3,right,0,18594,0.0,54.202999114990234,54.202999114990234
465.3,right,1,18594,0.0,70.03199768066406,70.03199768066406
465.3,right,2,18594,0.0,89.08499908447266,89.08499908447266
465.3,right,3,18594,0.0,99.13300323486328,99.1520004272461
465.3,right,4,18594,0.0,93.0270004272461,93.0270004272461
465.3,right,5,18594,0.0,91.16799926757812,91.16799926757812
465.3,right,6,18593,0.0,92.01200103759766,92.01200103759766
465.3,right,7,18593,0.0,83.21600341796875,83.21600341796875
470.4,right,0,18797,0.0,54.202999114990234,54.222999572753906
470.4,right,1,18797,0.0,70.03199768066406,70.03199768066406
470.4,right,2,18796,0.0,89.12300109863281,89.12300109863281
470.4,right,3,18796,0.0,99.1709976196289,99.1709976196289
470.4,right,4,18796,0.0,93.0469970703125,93.0469970703125
470.4,right,5,18796,0.0,91.14900207519531,91.16799926757812
470.4,right,6,18796,0.0,92.01200103759766,92.01200103759766
470.4,right,7,18796,0.0,83.21600341796875,83.21600341796875
475.4,right,0,18998,0.0,54.202999114990234,54.222999572753906
475.4,right,1,18998,0.0,70.03199768066406,70.03199768066406
475.4,right,2,18998,0.0,89.12300109863281,89.12300109863281
475.4,right,3,18998,0.0,99.1709976196289,99.1709976196289
475.4,right,4,18997,0.0,93.0469970703125,93.0469970703125
475.4,right,5,18997,0.0,91.18699645996094,91.18699645996094
475.4,right,6,18997,0.0,92.03099822998047,92.03099822998047
475.4,right,7,18997,0.0,83.21600341796875,83.21600341796875
480.5,right,0,19200,0.0,54.222999572753906,54.222999572753906
480.5,right,1,19200,0.0,70.03199768066406,70.052001953125
480.5,right,2,19200,0.0,89.12300109863281,89.12300109863281
480.5,right,3,19200,0.0,99.19100189208984,99.19100189208984
480.5,right,4,19200,0.0,93.06600189208984,93.06600189208984
480.5,right,5,19200,0.0,91.20600128173828,91.20600128173828
480.5,right,6,19200,0.0,92.03099822998047,92.03099822998047
480.5,right,7,19200,0.0,83.1969985961914,83.21600341796875
485.5,right,0,19402,0.0,54.222999572753906,54.222999572753906
485.5,right,1,19402,0.0,70.052001953125,70.052001953125
485.5,right,2,19401,0.0,89.14299774169922,89.14299774169922
485.5,right,3,19401,0.0,99.20999908447266,99.20999908447266
485.5,right,4,19401,0.0,93.06600189208984,93.06600189208984
485.5,right,5,19401,0.0,91.20600128173828,91.20600128173828
485.5,right,6,19401,0.0,92.03099822998047,92.0510025024414
485.5,right,7,19401,0.0,83.23600006103516,83.23600006103516
490.6,right,0,19605,0.0,54.222999572753906,54.242000579833984
490.6,right,1,19605,0.0,70.052001953125,70.052001953125
490.6,right,2,19605,0.0,89.16200256347656,89.16200256347656
490.6,right,3,19605,0.0,99.22899627685547,99.22899627685547
490.6,right,4,19605,0.0,93.08499908447266,93.08499908447266
490.6,right,5,19605,0.0,91.20600128173828,91.20600128173828
490.6,right,6,19605,0.0,92.06999969482422,92.06999969482422
490.6,right,7,19605,0.0,83.25499725341797,83.25499725341797
495.6,right,0,19807,0.0,54.242000579833984,54.242000579833984
495.6,right,1,19807,0.0,70.052001953125,70.052001953125
495.6,right,2,19806,0.0,89.16200256347656,89.16200256347656
495.6,right,3,19806,0.0,99.22899627685547,99.22899627685547
495.6,right,4,19806,0.0,93.08499908447266,93.08499908447266
495.6,right,5,19806,0.0,91.22599792480469,91.22599792480469
495.6,right,6,19806,0.0,92.06999969482422,92.06999969482422
495.6,right,7,19806,0.0,83.25499725341797,83.25499725341797
500.7,right,0,20009,0.0,54.222999572753906,54.242000579833984
500.7,right,1,20009,0.0,70.052001953125,70.07099914550781
500.7,right,2,20009,0.0,89.16200256347656,89.16200256347656
500.7,right,3,20009,0.0,99.2490005493164,99.2490005493164
500.7,right,4,20009,0.0,93.1050033569336,93.1050033569336
500.7,right,5,20009,0.0,91.22599792480469,91.22599792480469
500.7,right,6,20008,0.0,92.06999969482422,92.06999969482422
500.7,right,7,20008,0.0,84.01899719238281,84.01899719238281
505.8,right,0,20213,0.0,54.242000579833984,54.242000579833984
505.8,right,1,20213,0.0,70.052001953125,70.07099914550781
505.8,right,2,20213,0.0,89.16200256347656,89.18099975585938
505.8,right,3,20213,0.0,100.01200103759766,100.01200103759766
505.8,right,4,20212,0.0,93.1240005493164,93.1240005493164
505.8,right,5,20212,0.0,91.22599792480469,91.22599792480469
505.8,right,6,20212,0.0,92.06999969482422,92.08899688720703
505.8,right,7,20212,0.0,84.01899719238281,84.03800201416016
510.8,right,0,20414,0.0,54.242000579833984,54.242000579833984
510.8,right,1,20414,0.0,70.07099914550781,70.07099914550781
510.8,right,2,20414,0.0,89.16200256347656,89.18099975585938
510.8,right,3,20414,0.0,100.01200103759766,100.01200103759766
510.8,right,4,20414,0.0,93.14399719238281,93.14399719238281
510.8,right,5,20414,0.0,91.24500274658203,91.24500274658203
510.8,right,6,20413,0.0,92.08899688720703,92.08899688720703
510.8,right,7,20413,0.0,84.01899719238281,84.03800201416016
515.8,right,0,20615,0.0,54.242000579833984,54.242000579833984
515.8,right,1,20615,0.0,70.052001953125,70.07099914550781
515.8,right,2,20615,0.0,89.18099975585938,89.18099975585938
515.8,right,3,20615,0.0,100.03099822998047,100.03099822998047
515.8,right,4,20615,0.0,93.14399719238281,93.14399719238281
515.8,right,5,20615,0.0,92.00800323486328,92.00800323486328
515.8,right,6,20615,0.0,92.08899688720703,92.08899688720703
515.8,right,7,20615,0.0,84.03800201416016,84.03800201416016
520.9,right,0,20818,0.0,54.242000579833984,54.242000579833984
520.9,right,1,20818,0.0,70.052001953125,70.07099914550781
520.9,right,2,20818,0.0,89.20099639892578,89.20099639892578
520.9,right,3,20818,0.0,100.03099822998047,100.03099822998047
520.9,right,4,20817,0.0,93.16300201416016,93.16300201416016
520.9,right,5,20817,0.0,91.24500274658203,92.0270004272461
520.9,right,6,20817,0.0,92.08899688720703,92.10900115966797
520.9,right,7,20817,0.0,84.03800201416016,84.03800201416016
525.9,right,0,21020,0.0,55.005001068115234,55.005001068115234
525.9,right,1,21020,0.0,70.07099914550781,70.07099914550781
525.9,right,2,21020,0.0,89.18099975585938,89.20099639892578
525.9,right,3,21020,0.0,100.0510025024414,100.0510025024414
525.9,right,4,21020,0.0,93.16300201416016,93.16300201416016
525.9,right,5,21020,0.0,91.24500274658203,92.0270004272461
525.9,right,6,21020,0.0,92.10900115966797,92.10900115966797
525.9,right,7,21020,0.0,84.03800201416016,84.05799865722656
531.0,right,0,21220,0.0,55.005001068115234,55.005001068115234
531.0,right,1,21220,0.0,70.09100341796875,70.09100341796875
531.0,right,2,21220,0.0,89.18099975585938,89.20099639892578
531.0,right,3,21220,0.0,100.06999969482422,100.06999969482422
531.0,right,4,21220,0.0,93.16300201416016,93.16300201416016
531.0,right,5,21220,0.0,91.24500274658203,92.0270004272461
531.0,right,6,21220,0.0,92.10900115966797,92.10900115966797
531.0,right,7,21220,0.0,84.03800201416016,84.05799865722656
536.0,right,0,21422,0.0,55.005001068115234,55.005001068115234
536.0,right,1,21422,0.0,70.11000061035156,70.11000061035156
536.0,right,2,21421,0.0,89.18099975585938,89.20099639892578
536.0,right,3,21421,0.0,100.06999969482422,100.06999969482422
536.0,right,4,21421,0.0,93.18199920654297,93.18199920654297
536.0,right,5,21421,0.0,92.00800323486328,92.0270004272461
536.0,right,6,21421,0.0,92.12799835205078,92.12799835205078
536.0,right,7,21421,0.0,84.05799865722656,84.05799865722656
541.1,right,0,21625,0.0,55.005001068115234,55.005001068115234
541.1,right,1,21625,0.0,70.12899780273438,70.12899780273438
541.1,right,2,21625,0.0,89.22000122070312,89.22000122070312
541.1,right,3,21625,0.0,100.08899688720703,100.08899688720703
541.1,right,4,21625,0.0,93.2020034790039,93.2020034790039
541.1,right,5,21625,0.0,92.00800323486328,92.0270004272461
541.1,right,6,21625,0.0,92.12799835205078,92.12799835205078
541.1,right,7,21625,0.0,84.0770034790039,84.0770034790039
546.1,right,0,21828,0.0,55.025001525878906,55.025001525878906
546.1,right,1,21828,0.0,70.11000061035156,70.12899780273438
546.1,right,2,21828,0.0,89.23899841308594,89.23899841308594
546.1,right,3,21828,0.0,100.08899688720703,100.08899688720703
546.1,right,4,21827,0.0,93.22100067138672,93.22100067138672
546.1,right,5,21827,0.0,92.0270004272461,92.0270004272461
546.1,right,6,21827,0.0,92.12799835205078,92.14700317382812
546.1,right,7,21827,0.0,84.09600067138672,84.09600067138672
551.2,right,0,22030,0.0,55.025001525878906,55.025001525878906
551.2,right,1,22030,0.0,70.12899780273438,70.12899780273438
551.2,right,2,22030,0.0,89.23899841308594,89.23899841308594
551.2,right,3,22030,0.0,100.10900115966797,100.12799835205078
551.2,right,4,22030,0.0,93.22100067138672,93.22100067138672
551.2,right,5,22030,0.0,92.06600189208984,92.06600189208984
551.2,right,6,22030,0.0,92.14700317382812,92.14700317382812
551.2,right,7,22030,0.0,84.09600067138672,84.09600067138672
556.3,right,0,22233,0.0,55.025001525878906,55.025001525878906
556.3,right,1,22233,0.0,70.11000061035156,70.12899780273438
556.3,right,2,22233,0.0,89.23899841308594,89.23899841308594
556.3,right,3,22233,0.0,100.12799835205078,100.12799835205078
556.3,right,4,22232,0.0,93.22100067138672,93.24099731445312
556.3,right,5,22232,0.0,92.06600189208984,92.08499908447266
556.3,right,6,22232,0.0,92.16699981689453,92.16699981689453
556.3,right,7,22232,0.0,84.11599731445312,84.11599731445312
561.4,right,0,22437,0.0,55.025001525878906,55.025001525878906
561.4,right,1,22437,0.0,70.14900207519531,70.14900207519531
561.4,right,2,22436,0.0,89.23899841308594,89.23899841308594
561.4,right,3,22436,0.0,100.14800262451172,100.14800262451172
561.4,right,4,22436,0.0,93.24099731445312,93.24099731445312
561.4,right,5,22436,0.0,92.06600189208984,92.08499908447266
561.4,right,6,22436,0.0,92.16699981689453,92.16699981689453
561.4,right,7,22436,0.0,84.13500213623047,84.13500213623047
566.4,right,0,22639,0.0,55.025001525878906,55.025001525878906
566.4,right,1,22639,0.0,70.16799926757812,70.16799926757812
566.4,right,2,22639,0.0,90.00299835205078,90.00299835205078
566.4,right,3,22639,0.0,100.14800262451172,100.14800262451172
566.4,right,4,22639,0.0,94.00399780273438,94.00399780273438
566.4,right,5,22639,0.0,92.08499908447266,92.08499908447266
566.4,right,6,22638,0.0,92.18599700927734,92.18599700927734
566.4,right,7,22638,0.0,84.11599731445312,84.13500213623047
571.4,right,0,22840,0.0,55.025001525878906,55.025001525878906
571.4,right,1,22840,0.0,70.14900207519531,70.16799926757812
571.4,right,2,22840,0.0,89.23899841308594,90.00299835205078
571.4,right,3,22840,0.0,100.16699981689453,100.16699981689453
571.4,right,4,22840,0.0,94.00399780273438,94.00399780273438
571.4,right,5,22840,0.0,92.08499908447266,92.10399627685547
571.4,right,6,22840,0.0,92.20500183105469,92.20500183105469
571.4,right,7,22840,0.0,84.13500213623047,84.13500213623047
578.5,right,0,23120,0.0,55.025001525878906,55.025001525878906
578.5,right,1,23120,0.0,70.14900207519531,70.16799926757812
578.5,right,2,23120,0.0,89.23899841308594,90.00299835205078
578.5,right,3,23120,0.0,100.16699981689453,100.18599700927734
578.5,right,4,23120,0.0,94.00399780273438,94.02300262451172
578.5,right,5,23120,0.0,92.10399627685547,92.10399627685547
578.5,right,6,23120,0.0,92.18599700927734,92.20500183105469
578.5,right,7,23120,0.0,84.15499877929688,84.15499877929688
583.5,right,0,23323,0.0,55.025001525878906,55.025001525878906
583.5,right,1,23323,0.0,70.16799926757812,70.16799926757812
583.5,right,2,23323,0.0,89.23899841308594,90.00299835205078
583.5,right,3,23323,0.0,100.18599700927734,100.18599700927734
583.5,right,4,23322,0.0,94.02300262451172,94.02300262451172
583.5,right,5,23322,0.0,92.12300109863281,92.12300109863281
583.5,right,6,23322,0.0,92.20500183105469,92.20500183105469
583.5,right,7,23322,0.0,84.13500213623047,84.15499877929688
588.6,right,0,23525,0.0,55.025001525878906,55.025001525878906
588.6,right,1,23525,0.0,70.14900207519531,70.16799926757812
588.6,right,2,23525,0.0,89.23899841308594,90.00299835205078
588.6,right,3,23525,0.0,100.18599700927734,100.20600128173828
588.6,right,4,23525,0.0,94.04299926757812,94.04299926757812
588.6,right,5,23525,0.0,92.12300109863281,92.12300109863281
588.6,right,6,23525,0.0,92.20500183105469,92.20500183105469
588.6,right,7,23525,0.0,84.13500213623047,84.15499877929688
593.6,right,0,23727,0.0,55.025001525878906,55.025001525878906
593.6,right,1,23727,0.0,70.16799926757812,70.16799926757812
593.6,right,2,23726,0.0,90.00299835205078,90.00299835205078
593.6,right,3,23726,0.0,100.20600128173828,100.20600128173828
593.6,right,4,23726,0.0,94.04299926757812,94.04299926757812
593.6,right,5,23726,0.0,92.10399627685547,92.12300109863281
593.6,right,6,23726,0.0,92.2249984741211,92.2249984741211
593.6,right,7,23726,0.0,84.17400360107422,84.17400360107422
598.7,right,0,23929,0.0,55.025001525878906,55.025001525878906
598.7,right,1,23929,0.0,70.16799926757812,70.16799926757812
598.7,right,2,23929,0.0,90.00299835205078,90.02200317382812
598.7,right,3,23929,0.0,100.2249984741211,100.2249984741211
598.7,right,4,23929,0.0,94.06199645996094,94.06199645996094
598.7,right,5,23929,0.0,92.12300109863281,92.12300109863281
598.7,right,6,23928,0.0,92.2249984741211,92.2249984741211
598.7,right,7,23928,0.0,84.17400360107422,84.17400360107422
603.7,right,0,24132,0.0,55.025001525878906,55.04399871826172
603.7,right,1,24132,0.0,70.16799926757812,70.16799926757812
603.7,right,2,24131,0.0,90.02200317382812,90.02200317382812
603.7,right,3,24131,0.0,100.24400329589844,100.24400329589844
603.7,right,4,24131,0.0,94.06199645996094,94.06199645996094
603.7,right,5,24131,0.0,92.16200256347656,92.16200256347656
603.7,right,6,24131,0.0,92.2249984741211,92.2249984741211
603.7,right,7,24131,0.0,84.17400360107422,84.19400024414062
608.8,right,0,24333,0.0,55.04399871826172,55.04399871826172
608.8,right,1,24333,0.0,70.16799926757812,70.16799926757812
608.8,right,2,24333,0.0,90.02200317382812,90.02200317382812
608.8,right,3,24333,0.0,100.24400329589844,100.24400329589844
608.8,right,4,24332,0.0,94.08200073242188,94.08200073242188
608.8,right,5,24332,0.0,92.14299774169922,92.16200256347656
608.8,right,6,24332,0.0,92.2249984741211,92.2249984741211
608.8,right,7,24332,0.0,84.19400024414062,84.19400024414062
613.8,right,0,24535,0.0,55.025001525878906,55.04399871826172
613.8,right,1,24535,0.0,70.16799926757812,70.16799926757812
613.8,right,2,24535,0.0,90.02200317382812,90.04100036621094
613.8,right,3,24535,0.0,101.00800323486328,101.00800323486328
613.8,right,4,24535,0.0,94.10099792480469,94.10099792480469
613.8,right,5,24535,0.0,92.14299774169922,92.16200256347656
613.8,right,6,24535,0.0,92.2249984741211,92.2249984741211
613.8,right,7,24535,0.0,84.17400360107422,84.19400024414062
618.9,right,0,24738,0.0,55.025001525878906,55.04399871826172
618.9,right,1,24738,0.0,70.16799926757812,70.16799926757812
618.9,right,2,24738,0.0,90.04100036621094,90.04100036621094
618.9,right,3,24738,0.0,101.00800323486328,101.00800323486328
618.9,right,4,24737,0.0,94.12000274658203,94.12000274658203
618.9,right,5,24737,0.0,92.16200256347656,92.16200256347656
618.9,right,6,24737,0.0,92.2249984741211,92.24400329589844
618.9,right,7,24737,0.0,84.19400024414062,84.19400024414062
623.9,right,0,24940,0.0,55.04399871826172,55.04399871826172
623.9,right,1,24940,0.0,70.18699645996094,70.18699645996094
623.9,right,2,24940,0.0,90.04100036621094,90.04100036621094
623.9,right,3,24940,0.0,101.0270004272461,101.0270004272461
623.9,right,4,24940,0.0,94.12000274658203,94.12000274658203
623.9,right,5,24940,0.0,92.16200256347656,92.18099975585938
623.9,right,6,24940,0.0,92.2249984741211,92.24400329589844
623.9,right,7,24940,0.0,84.21299743652344,84.21299743652344
629.0,right,0,25142,0.0,55.04399871826172,55.04399871826172
629.0,right,1,25142,0.0,70.18699645996094,70.18699645996094
629.0,right,2,25141,0.0,90.04100036621094,90.04100036621094
629.0,right,3,25141,0.0,101.0270004272461,101.0270004272461
629.0,right,4,25141,0.0,94.13999938964844,94.13999938964844
629.0,right,5,25141,0.0,92.18099975585938,92.18099975585938
629.0,right,6,25141,0.0,92.24400329589844,92.24400329589844
629.0,right,7,25141,0.0,84.21299743652344,84.21299743652344
634.1,right,0,25345,0.0,55.0629997253418,55.0629997253418
634.1,right,1,25345,0.0,70.18699645996094,70.18699645996094
634.1,right,2,25345,0.0,90.06099700927734,90.06099700927734
634.1,right,3,25345,0.0,101.0459976196289,101.0459976196289
634.1,right,4,25345,0.0,94.13999938964844,94.13999938964844
634.1,right,5,25345,0.0,92.18099975585938,92.19999694824219
634.1,right,6,25345,0.0,92.24400329589844,92.24400329589844
634.1,right,7,25345,0.0,84.21299743652344,84.23200225830078
639.2,right,0,25552,0.0,55.0629997253418,55.0629997253418
639.2,right,1,25552,0.0,70.20700073242188,70.20700073242188
639.2,right,2,25551,0.0,90.04100036621094,90.06099700927734
639.2,right,3,25551,0.0,101.0459976196289,101.06600189208984
639.2,right,4,25551,0.0,94.15899658203125,94.15899658203125
639.2,right,5,25551,0.0,92.18099975585938,92.19999694824219
639.2,right,6,25551,0.0,93.00800323486328,93.00800323486328
639.2,right,7,25551,0.0,84.23200225830078,84.23200225830078
644.3,right,0,25754,0.0,55.0629997253418,55.0629997253418
644.3,right,1,25754,0.0,70.20700073242188,70.20700073242188
644.3,right,2,25754,0.0,90.08000183105469,90.08000183105469
644.3,right,3,25754,0.0,101.06600189208984,101.06600189208984
644.3,right,4,25754,0.0,94.15899658203125,94.15899658203125
644.3,right,5,25754,0.0,92.18099975585938,92.19999694824219
644.3,right,6,25753,0.0,93.00800323486328,93.0270004272461
644.3,right,7,25753,0.0,84.25199890136719,84.25199890136719
649.3,right,0,25955,0.0,55.0629997253418,55.0629997253418
649.3,right,1,25955,0.0,70.18699645996094,70.20700073242188
649.3,right,2,25955,0.0,90.06099700927734,90.08000183105469
649.3,right,3,25955,0.0,101.08499908447266,101.08499908447266
649.3,right,4,25955,0.0,94.15899658203125,94.17900085449219
649.3,right,5,25955,0.0,92.19999694824219,92.21900177001953
649.3,right,6,25955,0.0,93.00800323486328,93.0270004272461
649.3,right,7,25955,0.0,84.23200225830078,84.25199890136719
654.3,right,0,26155,0.0,55.0629997253418,55.0629997253418
654.3,right,1,26155,0.0,70.20700073242188,70.20700073242188
654.3,right,2,26155,0.0,90.08000183105469,90.08000183105469
654.3,right,3,26155,0.0,101.06600189208984,101.08499908447266
654.3,right,4,26155,0.0,94.17900085449219,94.197998046875
654.3,right,5,26155,0.0,92.21900177001953,92.21900177001953
654.3,right,6,26155,0.0,93.00800323486328,93.0270004272461
654.3,right,7,26155,0.0,84.25199890136719,85.01499938964844
659.4,right,0,26358,0.0,55.0629997253418,55.0629997253418
659.4,right,1,26358,0.0,70.20700073242188,70.20700073242188
659.4,right,2,26358,0.0,90.0989990234375,90.0989990234375
659.4,right,3,26358,0.0,101.06600189208984,101.08499908447266
659.4,right,4,26357,0.0,94.17900085449219,94.197998046875
659.4,right,5,26357,0.0,92.23899841308594,92.23899841308594
659.4,right,6,26357,0.0,93.00800323486328,93.0270004272461
659.4,right,7,26357,0.0,84.23200225830078,85.01499938964844
664.4,right,0,26559,0.0,55.0629997253418,55.0629997253418
664.4,right,1,26559,0.0,70.20700073242188,70.20700073242188
664.4,right,2,26559,0.0,90.11799621582031,90.11799621582031
664.4,right,3,26559,0.0,101.10399627685547,101.10399627685547
664.4,right,4,26559,0.0,94.197998046875,94.21700286865234
664.4,right,5,26559,0.0,92.23899841308594,92.23899841308594
664.4,right,6,26558,0.0,93.00800323486328,93.0270004272461
664.4,right,7,26558,0.0,85.01499938964844,85.01499938964844
669.5,right,0,26760,0.0,55.0629997253418,55.08300018310547
669.5,right,1,26760,0.0,70.20700073242188,70.20700073242188
669.5,right,2,26760,0.0,90.11799621582031,90.13800048828125
669.5,right,3,26760,0.0,101.10399627685547,101.10399627685547
669.5,right,4,26760,0.0,94.21700286865234,94.21700286865234
669.5,right,5,26760,0.0,93.00199890136719,93.00199890136719
669.5,right,6,26760,0.0,93.00800323486328,93.0270004272461
669.5,right,7,26760,0.0,85.01499938964844,85.01499938964844
674.5,right,0,26964,0.0,55.0629997253418,55.08300018310547
674.5,right,1,26964,0.0,70.20700073242188,70.20700073242188
674.5,right,2,26964,0.0,90.11799621582031,90.13800048828125
674.5,right,3,26964,0.0,101.1240005493164,101.1240005493164
674.5,right,4,26964,0.0,94.21700286865234,94.21700286865234
674.5,right,5,26964,0.0,93.00199890136719,93.00199890136719
674.5,right,6,26963,0.0,93.00800323486328,93.0270004272461
674.5,right,7,26963,0.0,85.01499938964844,85.03500366210938
679.6,right,0,27165,0.0,55.08300018310547,55.08300018310547
679.6,right,1,27165,0.0,70.20700073242188,70.20700073242188
679.6,right,2,27165,0.0,90.0989990234375,90.13800048828125
679.6,right,3,27165,0.0,101.10399627685547,101.1240005493164
679.6,right,4,27165,0.0,94.21700286865234,94.21700286865234
679.6,right,5,27165,0.0,93.00199890136719,93.00199890136719
679.6,right,6,27165,0.0,93.0270004272461,93.0270004272461
679.6,right,7,27165,0.0,85.01499938964844,85.03500366210938
684.6,right,0,27368,0.0,55.08300018310547,55.08300018310547
684.6,right,1,27368,0.0,70.20700073242188,70.20700073242188
684.6,right,2,27368,0.0,90.13800048828125,90.13800048828125
684.6,right,3,27368,0.0,101.1240005493164,101.1240005493164
684.6,right,4,27367,0.0,94.21700286865234,94.23699951171875
684.6,right,5,27367,0.0,93.02100372314453,93.02100372314453
684.6,right,6,27367,0.0,93.0270004272461,93.0270004272461
684.6,right,7,27367,0.0,85.01499938964844,85.03500366210938
689.7,right,0,27570,0.0,55.08300018310547,55.08300018310547
689.7,right,1,27570,0.0,70.20700073242188,70.20700073242188
689.7,right,2,27570,0.0,90.13800048828125,90.15699768066406
689.7,right,3,27570,0.0,101.1240005493164,101.1240005493164
689.7,right,4,27570,0.0,94.23699951171875,94.23699951171875
689.7,right,5,27570,0.0,93.00199890136719,93.02100372314453
689.7,right,6,27570,0.0,93.0459976196289,93.0459976196289
689.7,right,7,27570,0.0,85.03500366210938,85.03500366210938
694.7,right,0,27770,0.0,55.10200119018555,55.10200119018555
694.7,right,1,27770,0.0,70.20700073242188,70.22599792480469
694.7,right,2,27770,0.0,90.13800048828125,90.15699768066406
694.7,right,3,27770,0.0,101.14299774169922,101.14299774169922
694.7,right,4,27770,0.0,94.23699951171875,95.0
694.7,right,5,27770,0.0,93.02100372314453,93.02100372314453
694.7,right,6,27770,0.0,93.0270004272461,93.0459976196289
694.7,right,7,27770,0.0,85.01499938964844,85.03500366210938
700.0,right,0,27980,0.0,55.08300018310547,55.10200119018555
700.0,right,1,27980,0.0,70.20700073242188,70.22599792480469
700.0,right,2,27980,0.0,90.15699768066406,90.15699768066406
700.0,right,3,27980,0.0,101.14299774169922,101.16300201416016
700.0,right,4,27980,0.0,94.23699951171875,95.0
700.0,right,5,27980,0.0,93.02100372314453,93.02100372314453
700.0,right,6,27980,0.0,93.0459976196289,93.0459976196289
700.0,right,7,27980,0.0,85.05400085449219,85.05400085449219
705.0,right,0,28183,0.0,55.08300018310547,55.10200119018555
705.0,right,1,28183,0.0,70.20700073242188,70.22599792480469
705.0,right,2,28183,0.0,90.15699768066406,90.15699768066406
705.0,right,3,28183,0.0,101.14299774169922,101.16300201416016
705.0,right,4,28182,0.0,95.0,95.0
705.0,right,5,28182,0.0,93.04000091552734,93.04000091552734
705.0,right,6,28182,0.0,93.0270004272461,93.0459976196289
705.0,right,7,28182,0.0,85.03500366210938,85.05400085449219
710.1,right,0,28385,0.0,55.08300018310547,55.10200119018555
710.1,right,1,28385,0.0,70.22599792480469,70.22599792480469
710.1,right,2,28385,0.0,90.15699768066406,90.15699768066406
710.1,right,3,28385,0.0,101.16300201416016,101.16300201416016
710.1,right,4,28385,0.0,95.0,95.0
710.1,right,5,28385,0.0,93.04000091552734,93.04000091552734
710.1,right,6,28385,0.0,93.0459976196289,93.0459976196289
710.1,right,7,28385,0.0,85.01499938964844,85.05400085449219
715.1,right,0,28587,0.0,55.08300018310547,55.10200119018555
715.1,right,1,28587,0.0,70.20700073242188,70.22599792480469
715.1,right,2,28586,0.0,90.15699768066406,90.15699768066406
715.1,right,3,28586,0.0,101.16300201416016,101.18199920654297
715.1,right,4,28586,0.0,95.0,95.0199966430664
715.1,right,5,28586,0.0,93.04000091552734,93.04000091552734
715.1,right,6,28586,0.0,93.0459976196289,93.0459976196289
715.1,right,7,28586,0.0,85.03500366210938,85.05400085449219
720.2,right,0,28789,0.0,55.08300018310547,55.10200119018555
720.2,right,1,28789,0.0,70.20700073242188,70.22599792480469
720.2,right,2,28789,0.0,90.15699768066406,90.15699768066406
720.2,right,3,28789,0.0,101.18199920654297,101.18199920654297
720.2,right,4,28789,0.0,95.0,95.0199966430664
720.2,right,5,28789,0.0,93.04000091552734,93.04000091552734
720.2,right,6,28788,0.0,93.06600189208984,93.06600189208984
720.2,right,7,28788,0.0,85.03500366210938,85.05400085449219
725.2,right,0,28992,0.0,55.08300018310547,55.10200119018555
725.2,right,1,28992,0.0,70.20700073242188,70.22599792480469
725.2,right,2,28991,0.0,90.1760025024414,90.1760025024414
725.2,right,3,28991,0.0,101.18199920654297,101.20099639892578
725.2,right,4,28991,0.0,95.0,95.0199966430664
725.2,right,5,28991,0.0,93.05999755859375,93.05999755859375
725.2,right,6,28991,0.0,93.06600189208984,93.06600189208984
725.2,right,7,28991,0.0,85.05400085449219,85.05400085449219
730.3,right,0,29194,0.0,55.08300018310547,55.10200119018555
730.3,right,1,29194,0.0,70.20700073242188,70.22599792480469
730.3,right,2,29194,0.0,90.15699768066406,90.1760025024414
730.3,right,3,29194,0.0,101.18199920654297,101.20099639892578
730.3,right,4,29194,0.0,95.0199966430664,95.0199966430664
730.3,right,5,29194,0.0,93.0790023803711,93.0790023803711
730.3,right,6,29193,0.0,93.06600189208984,93.08499908447266
730.3,right,7,29193,0.0,85.05400085449219,85.0739974975586
735.4,right,0,29397,0.0,55.08300018310547,55.10200119018555
735.4,right,1,29397,0.0,70.20700073242188,70.22599792480469
735.4,right,2,29396,0.0,90.1760025024414,90.19599914550781
735.4,right,3,29396,0.0,101.22100067138672,101.22100067138672
735.4,right,4,29396,0.0,95.0199966430664,95.0199966430664
735.4,right,5,29396,0.0,93.05999755859375,93.0790023803711
735.4,right,6,29396,0.0,93.08499908447266,93.08499908447266
735.4,right,7,29396,0.0,85.09300231933594,85.09300231933594
740.4,right,0,29598,0.0,55.08300018310547,55.10200119018555
740.4,right,1,29598,0.0,70.20700073242188,70.22599792480469
740.4,right,2,29598,0.0,90.19599914550781,90.19599914550781
740.4,right,3,29598,0.0,101.22100067138672,101.22100067138672
740.4,right,4,29597,0.0,95.0199966430664,95.0199966430664
740.4,right,5,29597,0.0,93.05999755859375,93.0790023803711
740.4,right,6,29597,0.0,93.10399627685547,93.1240005493164
740.4,right,7,29597,0.0,85.0739974975586,85.09300231933594
745.5,right,0,29800,0.0,55.08300018310547,55.10200119018555
745.5,right,1,29800,0.0,70.22599792480469,70.22599792480469
745.5,right,2,29800,0.0,90.19599914550781,90.19599914550781
745.5,right,3,29800,0.0,101.22100067138672,101.23999786376953
745.5,right,4,29800,0.0,95.03900146484375,95.03900146484375
745.5,right,5,29800,0.0,93.0790023803711,93.0790023803711
745.5,right,6,29800,0.0,93.10399627685547,93.1240005493164
745.5,right,7,29800,0.0,85.0739974975586,85.09300231933594
750.5,right,0,30004,0.0,55.10200119018555,55.10200119018555
750.5,right,1,30004,0.0,70.22599792480469,70.22599792480469
750.5,right,2,30004,0.0,90.19599914550781,90.19599914550781
750.5,right,3,30004,0.0,101.22100067138672,101.23999786376953
750.5,right,4,30004,0.0,95.03900146484375,95.03900146484375
750.5,right,5,30004,0.0,93.0979995727539,93.0979995727539
750.5,right,6,30003,0.0,93.10399627685547,93.1240005493164
750.5,right,7,30003,0.0,85.09300231933594,85.09300231933594
755.6,right,0,30207,0.0,55.08300018310547,55.10200119018555
755.6,right,1,30207,0.0,70.22599792480469,70.22599792480469
755.6,right,2,30206,0.0,90.19599914550781,90.19599914550781
755.6,right,3,30206,0.0,101.23999786376953,101.23999786376953
755.6,right,4,30206,0.0,95.03900146484375,95.05799865722656
755.6,right,5,30206,0.0,93.11699676513672,93.11699676513672
755.6,right,6,30206,0.0,93.10399627685547,93.1240005493164
755.6,right,7,30206,0.0,85.0739974975586,85.09300231933594
760.7,right,0,30409,0.0,55.08300018310547,55.10200119018555
760.7,right,1,30409,0.0,70.22599792480469,70.22599792480469
760.7,right,2,30409,0.0,90.19599914550781,90.19599914550781
760.7,right,3,30409,0.0,101.23999786376953,102.00299835205078
760.7,right,4,30409,0.0,95.03900146484375,95.05799865722656
760.7,right,5,30409,0.0,93.11699676513672,93.11699676513672
760.7,right,6,30408,0.0,93.10399627685547,93.1240005493164
760.7,right,7,30408,0.0,85.0739974975586,85.09300231933594
765.7,right,0,30612,0.0,55.08300018310547,55.10200119018555
765.7,right,1,30612,0.0,70.22599792480469,70.22599792480469
765.7,right,2,30611,0.0,90.19599914550781,90.21499633789062
765.7,right,3,30611,0.0,101.23999786376953,102.00299835205078
765.7,right,4,30611,0.0,95.05799865722656,95.05799865722656
765.7,right,5,30611,0.0,93.0979995727539,93.11699676513672
765.7,right,6,30611,0.0,93.10399627685547,93.1240005493164
765.7,right,7,30611,0.0,85.0739974975586,85.09300231933594
770.9,right,0,30817,0.0,55.08300018310547,55.10200119018555
770.9,right,1,30817,0.0,70.22599792480469,70.22599792480469
770.9,right,2,30816,0.0,90.19599914550781,90.21499633789062
770.9,right,3,30816,0.0,101.23999786376953,102.00299835205078
770.9,right,4,30816,0.0,95.0780029296875,95.0780029296875
770.9,right,5,30816,0.0,93.11699676513672,93.11699676513672
770.9,right,6,30816,0.0,93.08499908447266,93.1240005493164
770.9,right,7,30816,0.0,85.09300231933594,85.09300231933594
775.9,right,0,31019,0.0,55.10200119018555,55.10200119018555
775.9,right,1,31019,0.0,70.22599792480469,70.22599792480469
775.9,right,2,31019,0.0,90.19599914550781,90.21499633789062
775.9,right,3,31019,0.0,102.00299835205078,102.00299835205078
775.9,right,4,31019,0.0,95.09700012207031,95.09700012207031
775.9,right,5,31019,0.0,93.11699676513672,93.13600158691406
775.9,right,6,31018,0.0,93.08499908447266,93.1240005493164
775.9,right,7,31018,0.0,85.0739974975586,85.09300231933594
781.0,right,0,31220,0.0,55.10200119018555,55.10200119018555
781.0,right,1,31220,0.0,70.22599792480469,70.22599792480469
781.0,right,2,31220,0.0,90.21499633789062,90.21499633789062
781.0,right,3,31220,0.0,102.02300262451172,102.02300262451172
781.0,right,4,31220,0.0,95.09700012207031,95.09700012207031
781.0,right,5,31220,0.0,93.11699676513672,93.13600158691406
781.0,right,6,31220,0.0,93.08499908447266,93.1240005493164
781.0,right,7,31220,0.0,85.0739974975586,85.09300231933594
786.0,right,0,31423,0.0,55.10200119018555,55.10200119018555
786.0,right,1,31423,0.0,70.22599792480469,70.22599792480469
786.0,right,2,31423,0.0,90.19599914550781,90.21499633789062
786.0,right,3,31423,0.0,102.02300262451172,102.02300262451172
786.0,right,4,31422,0.0,95.11699676513672,95.11699676513672
786.0,right,5,31422,0.0,93.11699676513672,93.13600158691406
786.0,right,6,31422,0.0,93.10399627685547,93.1240005493164
786.0,right,7,31422,0.0,85.09300231933594,85.09300231933594
791.1,right,0,31625,0.0,55.10200119018555,55.10200119018555
791.1,right,1,31625,0.0,70.22599792480469,70.22599792480469
791.1,right,2,31625,0.0,90.21499633789062,90.21499633789062
791.1,right,3,31625,0.0,102.02300262451172,102.02300262451172
791.1,right,4,31625,0.0,95.11699676513672,95.11699676513672
791.1,right,5,31625,0.0,93.13600158691406,93.13600158691406
791.1,right,6,31625,0.0,93.10399627685547,93.1240005493164
791.1,right,7,31625,0.0,85.09300231933594,85.09300231933594
796.1,right,0,31825,0.0,55.12200164794922,55.12200164794922
796.1,right,1,31825,0.0,70.22599792480469,70.22599792480469
796.1,right,2,31825,0.0,90.21499633789062,90.21499633789062
796.1,right,3,31825,0.0,102.02300262451172,102.04199981689453
796.1,right,4,31825,0.0,95.13600158691406,95.13600158691406
796.1,right,5,31825,0.0,93.13600158691406,93.13600158691406
796.1,right,6,31825,0.0,93.10399627685547,93.1240005493164
796.1,right,7,31825,0.0,85.09300231933594,85.09300231933594
801.2,right,0,32030,0.0,55.10200119018555,55.12200164794922
801.2,right,1,32030,0.0,70.22599792480469,70.22599792480469
801.2,right,2,32030,0.0,90.21499633789062,90.21499633789062
801.2,right,3,32030,0.0,102.04199981689453,102.04199981689453
801.2,right,4,32030,0.0,95.13600158691406,95.13600158691406
801.2,right,5,32030,0.0,93.13600158691406,93.13600158691406
801.2,right,6,32030,0.0,93.1240005493164,93.1240005493164
801.2,right,7,32030,0.0,85.11299896240234,85.11299896240234
806.3,right,0,32233,0.0,55.10200119018555,55.12200164794922
806.3,right,1,32233,0.0,70.22599792480469,70.24600219726562
806.3,right,2,32233,0.0,90.23400115966797,90.23400115966797
806.3,right,3,32233,0.0,102.04199981689453,102.04199981689453
806.3,right,4,32232,0.0,95.11699676513672,95.13600158691406
806.3,right,5,32232,0.0,93.17500305175781,93.17500305175781
806.3,right,6,32232,0.0,93.1240005493164,93.14299774169922
806.3,right,7,32232,0.0,85.11299896240234,85.11299896240234
811.3,right,0,32434,0.0,55.10200119018555,55.12200164794922
811.3,right,1,32434,0.0,70.24600219726562,70.24600219726562
811.3,right,2,32434,0.0,90.23400115966797,90.25399780273438
811.3,right,3,32434,0.0,102.04199981689453,102.06099700927734
811.3,right,4,32434,0.0,95.13600158691406,95.13600158691406
811.3,right,5,32434,0.0,93.17500305175781,93.17500305175781
811.3,right,6,32433,0.0,93.1240005493164,93.14299774169922
811.3,right,7,32433,0.0,85.13200378417969,85.13200378417969
816.3,right,0,32635,0.0,55.12200164794922,55.12200164794922
816.3,right,1,32635,0.0,70.22599792480469,70.24600219726562
816.3,right,2,32635,0.0,90.25399780273438,90.25399780273438
816.3,right,3,32635,0.0,102.06099700927734,102.06099700927734
816.3,right,4,32635,0.0,95.13600158691406,95.15499877929688
816.3,right,5,32635,0.0,93.15599822998047,93.17500305175781
816.3,right,6,32635,0.0,93.1240005493164,93.14299774169922
816.3,right,7,32635,0.0,85.11299896240234,85.13200378417969
821.4,right,0,32837,0.0,55.10200119018555,55.12200164794922
821.4,right,1,32837,0.0,70.22599792480469,70.24600219726562
821.4,right,2,32836,0.0,91.01699829101562,91.01699829101562
821.4,right,3,32836,0.0,102.06099700927734,102.06099700927734
821.4,right,4,32836,0.0,95.15499877929688,95.15499877929688
821.4,right,5,32836,0.0,93.13600158691406,93.17500305175781
821.4,right,6,32836,0.0,93.14299774169922,93.14299774169922
821.4,right,7,32836,0.0,85.13200378417969,85.13200378417969
826.4,right,0,33039,0.0,55.10200119018555,55.12200164794922
826.4,right,1,33039,0.0,70.24600219726562,70.24600219726562
826.4,right,2,33039,0.0,91.03600311279297,91.03600311279297
826.4,right,3,33039,0.0,102.06099700927734,102.06099700927734
826.4,right,4,33039,0.0,95.17500305175781,95.17500305175781
826.4,right,5,33039,0.0,93.17500305175781,93.17500305175781
826.4,right,6,33038,0.0,93.16200256347656,93.16200256347656
826.4,right,7,33038,0.0,85.13200378417969,85.13200378417969
831.5,right,0,33242,0.0,55.12200164794922,55.12200164794922
831.5,right,1,33242,0.0,70.24600219726562,70.24600219726562
831.5,right,2,33241,0.0,91.03600311279297,91.03600311279297
831.5,right,3,33241,0.0,102.08100128173828,102.08100128173828
831.5,right,4,33241,0.0,95.17500305175781,95.17500305175781
831.5,right,5,33241,0.0,93.17500305175781,93.17500305175781
831.5,right,6,33241,0.0,93.16200256347656,93.16200256347656
831.5,right,7,33241,0.0,85.13200378417969,85.13200378417969
836.5,right,0,33443,0.0,55.12200164794922,55.12200164794922
836.5,right,1,33443,0.0,70.24600219726562,70.24600219726562
836.5,right,2,33443,0.0,91.03600311279297,91.03600311279297
836.5,right,3,33443,0.0,102.0999984741211,102.0999984741211
836.5,right,4,33442,0.0,95.19400024414062,95.19400024414062
836.5,right,5,33442,0.0,93.19400024414062,93.19400024414062
836.5,right,6,33442,0.0,93.16200256347656,93.16200256347656
836.5,right,7,33442,0.0,85.13200378417969,85.13200378417969
841.6,right,0,33648,0.0,55.12200164794922,55.12200164794922
841.6,right,1,33648,0.0,70.24600219726562,70.24600219726562
841.6,right,2,33648,0.0,91.03600311279297,91.03600311279297
841.6,right,3,33648,0.0,102.0999984741211,102.0999984741211
841.6,right,4,33647,0.0,95.19400024414062,95.19400024414062
841.6,right,5,33647,0.0,93.19400024414062,93.21299743652344
841.6,right,6,33647,0.0,93.16200256347656,93.16200256347656
841.6,right,7,33647,0.0,85.13200378417969,85.1510009765625
846.7,right,0,33850,0.0,55.12200164794922,55.12200164794922
846.7,right,1,33850,0.0,70.24600219726562,70.24600219726562
846.7,right,2,33850,0.0,91.05500030517578,91.05500030517578
846.7,right,3,33850,0.0,102.0999984741211,102.0999984741211
846.7,right,4,33850,0.0,95.19400024414062,95.19400024414062
846.7,right,5,33850,0.0,93.17500305175781,93.21299743652344
846.7,right,6,33850,0.0,93.1240005493164,93.16200256347656
846.7,right,7,33850,0.0,85.13200378417969,85.1510009765625
851.7,right,0,34050,0.0,55.12200164794922,55.12200164794922
851.7,right,1,34050,0.0,70.24600219726562,70.24600219726562
851.7,right,2,34050,0.0,91.03600311279297,91.05500030517578
851.7,right,3,34050,0.0,102.0999984741211,102.0999984741211
851.7,right,4,34050,0.0,95.19400024414062,95.21299743652344
851.7,right,5,34050,0.0,93.19400024414062,93.21299743652344
851.7,right,6,34050,0.0,93.14299774169922,93.16200256347656
851.7,right,7,34050,0.0,85.13200378417969,85.1510009765625
856.8,right,0,34254,0.0,55.12200164794922,55.12200164794922
856.8,right,1,34254,0.0,70.24600219726562,70.24600219726562
856.8,right,2,34254,0.0,91.03600311279297,91.05500030517578
856.8,right,3,34254,0.0,102.08100128173828,102.0999984741211
856.8,right,4,34254,0.0,95.21299743652344,95.21299743652344
856.8,right,5,34254,0.0,93.17500305175781,93.21299743652344
856.8,right,6,34253,0.0,93.16200256347656,93.16200256347656
856.8,right,7,34253,0.0,85.13200378417969,85.1510009765625
861.8,right,0,34455,0.0,55.12200164794922,55.12200164794922
861.8,right,1,34455,0.0,70.24600219726562,70.24600219726562
861.8,right,2,34455,0.0,91.05500030517578,91.05500030517578
861.8,right,3,34455,0.0,102.0999984741211,102.0999984741211
861.8,right,4,34455,0.0,95.21299743652344,95.21299743652344
861.8,right,5,34455,0.0,93.17500305175781,93.21299743652344
861.8,right,6,34455,0.0,93.18199920654297,93.18199920654297
861.8,right,7,34455,0.0,85.1510009765625,85.1510009765625
866.9,right,0,34658,0.0,55.12200164794922,55.12200164794922
866.9,right,1,34658,0.0,70.24600219726562,70.24600219726562
866.9,right,2,34658,0.0,91.05500030517578,91.05500030517578
866.9,right,3,34658,0.0,102.0999984741211,102.11900329589844
866.9,right,4,34657,0.0,95.21299743652344,95.21299743652344
866.9,right,5,34657,0.0,93.21299743652344,93.21299743652344
866.9,right,6,34657,0.0,93.20099639892578,93.20099639892578
866.9,right,7,34657,0.0,85.1510009765625,85.1709976196289
872.0,right,0,34860,0.0,55.12200164794922,55.12200164794922
872.0,right,1,34860,0.0,70.24600219726562,70.24600219726562
872.0,right,2,34860,0.0,91.05500030517578,91.05500030517578
872.0,right,3,34860,0.0,102.11900329589844,102.11900329589844
872.0,right,4,34860,0.0,95.21299743652344,95.21299743652344
872.0,right,5,34860,0.0,93.21299743652344,93.21299743652344
872.0,right,6,34860,0.0,93.20099639892578,93.20099639892578
872.0,right,7,34860,0.0,85.1510009765625,85.1709976196289
877.0,right,0,35063,0.0,55.12200164794922,55.12200164794922
877.0,right,1,35063,0.0,70.24600219726562,71.00900268554688
877.0,right,2,35063,0.0,91.03600311279297,91.05500030517578
877.0,right,3,35063,0.0,102.11900329589844,102.11900329589844
877.0,right,4,35062,0.0,95.21299743652344,95.21299743652344
877.0,right,5,35062,0.0,93.21299743652344,93.21299743652344
877.0,right,6,35062,0.0,93.20099639892578,93.20099639892578
877.0,right,7,35062,0.0,85.1510009765625,85.1709976196289
882.0,right,0,35264,0.0,55.12200164794922,55.12200164794922
882.0,right,1,35264,0.0,71.00900268554688,71.00900268554688
882.0,right,2,35264,0.0,91.05500030517578,91.05500030517578
882.0,right,3,35264,0.0,102.11900329589844,102.11900329589844
882.0,right,4,35264,0.0,95.21299743652344,95.21299743652344
882.0,right,5,35264,0.0,93.21299743652344,93.21299743652344
882.0,right,6,35263,0.0,93.22000122070312,93.22000122070312
882.0,right,7,35263,0.0,85.1510009765625,85.1709976196289
887.1,right,0,35465,0.0,55.12200164794922,55.12200164794922
887.1,right,1,35465,0.0,71.02799987792969,71.02799987792969
887.1,right,2,35465,0.0,91.03600311279297,91.05500030517578
887.1,right,3,35465,0.0,102.13899993896484,102.13899993896484
887.1,right,4,35465,0.0,95.21299743652344,95.21299743652344
887.1,right,5,35465,0.0,93.21299743652344,93.21299743652344
887.1,right,6,35465,0.0,93.22000122070312,93.22000122070312
887.1,right,7,35465,0.0,85.1709976196289,85.1709976196289
892.1,right,0,35668,0.0,55.12200164794922,55.12200164794922
892.1,right,1,35668,0.0,71.00900268554688,71.02799987792969
892.1,right,2,35668,0.0,91.05500030517578,91.05500030517578
892.1,right,3,35668,0.0,102.15799713134766,102.15799713134766
892.1,right,4,35667,0.0,95.23300170898438,95.23300170898438
892.1,right,5,35667,0.0,93.21299743652344,93.21299743652344
892.1,right,6,35667,0.0,93.22000122070312,93.22000122070312
892.1,right,7,35667,0.0,85.1709976196289,85.1709976196289
897.2,right,0,35869,0.0,55.12200164794922,55.14099884033203
897.2,right,1,35869,0.0,71.00900268554688,71.02799987792969
897.2,right,2,35869,0.0,91.05500030517578,91.05500030517578
897.2,right,3,35869,0.0,102.15799713134766,102.15799713134766
897.2,right,4,35869,0.0,95.23300170898438,95.23300170898438
897.2,right,5,35869,0.0,93.21299743652344,93.21299743652344
897.2,right,6,35868,0.0,93.20099639892578,93.22000122070312
897.2,right,7,35868,0.0,85.1709976196289,85.19000244140625
902.2,right,0,36072,0.0,55.12200164794922,55.14099884033203
902.2,right,1,36072,0.0,71.00900268554688,71.02799987792969
902.2,right,2,36071,0.0,91.05500030517578,91.07499694824219
902.2,right,3,36071,0.0,102.15799713134766,102.15799713134766
902.2,right,4,36071,0.0,95.23300170898438,95.23300170898438
902.2,right,5,36071,0.0,93.21299743652344,93.21299743652344
902.2,right,6,36071,0.0,93.20099639892578,93.22000122070312
902.2,right,7,36071,0.0,85.19000244140625,85.19000244140625
907.3,right,0,36274,0.0,55.12200164794922,55.14099884033203
907.3,right,1,36274,0.0,71.02799987792969,71.02799987792969
907.3,right,2,36274,0.0,91.05500030517578,91.07499694824219
907.3,right,3,36274,0.0,102.15799713134766,102.15799713134766
907.3,right,4,36274,0.0,95.25199890136719,95.25199890136719
907.3,right,5,36274,0.0,93.23300170898438,93.23300170898438
907.3,right,6,36273,0.0,93.20099639892578,93.22000122070312
907.3,right,7,36273,0.0,85.19000244140625,85.19000244140625
912.4,right,0,36477,0.0,55.14099884033203,55.14099884033203
912.4,right,1,36477,0.0,71.02799987792969,71.02799987792969
912.4,right,2,36476,0.0,91.05500030517578,91.07499694824219
912.4,right,3,36476,0.0,102.15799713134766,102.15799713134766
912.4,right,4,36476,0.0,95.25199890136719,95.25199890136719
912.4,right,5,36476,0.0,93.21299743652344,93.23300170898438
912.4,right,6,36476,0.0,93.22000122070312,93.23999786376953
912.4,right,7,36476,0.0,85.1709976196289,85.19000244140625
917.4,right,0,36679,0.0,55.12200164794922,55.14099884033203
917.4,right,1,36679,0.0,71.02799987792969,71.02799987792969
917.4,right,2,36679,0.0,91.07499694824219,91.07499694824219
917.4,right,3,36679,0.0,102.15799713134766,102.15799713134766
917.4,right,4,36679,0.0,95.23300170898438,95.25199890136719
917.4,right,5,36679,0.0,93.23300170898438,93.23300170898438
917.4,right,6,36678,0.0,93.23999786376953,93.23999786376953
917.4,right,7,36678,0.0,85.19000244140625,85.19000244140625
922.5,right,0,36880,0.0,55.12200164794922,55.14099884033203
922.5,right,1,36880,0.0,71.02799987792969,71.02799987792969
922.5,right,2,36880,0.0,91.07499694824219,91.07499694824219
922.5,right,3,36880,0.0,102.1780014038086,102.1780014038086
922.5,right,4,36880,0.0,95.25199890136719,95.25199890136719
922.5,right,5,36880,0.0,93.23300170898438,93.25199890136719
922.5,right,6,36880,0.0,93.23999786376953,94.00299835205078
922.5,right,7,36880,0.0,85.19000244140625,85.19000244140625
927.5,right,0,37083,0.0,55.12200164794922,55.14099884033203
927.5,right,1,37083,0.0,71.00900268554688,71.02799987792969
927.5,right,2,37083,0.0,91.07499694824219,91.07499694824219
927.5,right,3,37083,0.0,102.1780014038086,102.1969985961914
927.5,right,4,37082,0.0,95.25199890136719,95.25199890136719
927.5,right,5,37082,0.0,93.25199890136719,93.25199890136719
927.5,right,6,37082,0.0,94.02200317382812,94.02200317382812
927.5,right,7,37082,0.0,85.19000244140625,85.19000244140625
932.6,right,0,37285,0.0,55.12200164794922,55.14099884033203
932.6,right,1,37285,0.0,71.02799987792969,71.02799987792969
932.6,right,2,37285,0.0,91.07499694824219,91.09400177001953
932.6,right,3,37285,0.0,102.1780014038086,102.1969985961914
932.6,right,4,37285,0.0,96.01599884033203,96.01599884033203
932.6,right,5,37285,0.0,94.01499938964844,94.01499938964844
932.6,right,6,37285,0.0,94.00299835205078,94.04199981689453
932.6,right,7,37285,0.0,85.19000244140625,85.20999908447266
937.6,right,0,37487,0.0,55.12200164794922,55.14099884033203
937.6,right,1,37487,0.0,71.00900268554688,71.02799987792969
937.6,right,2,37486,0.0,91.09400177001953,91.09400177001953
937.6,right,3,37486,0.0,102.1969985961914,102.1969985961914
937.6,right,4,37486,0.0,95.25199890136719,96.01599884033203
937.6,right,5,37486,0.0,93.25199890136719,94.01499938964844
937.6,right,6,37486,0.0,94.04199981689453,94.04199981689453
937.6,right,7,37486,0.0,85.19000244140625,85.20999908447266
942.7,right,0,37690,0.0,55.14099884033203,55.14099884033203
942.7,right,1,37690,0.0,71.00900268554688,71.02799987792969
942.7,right,2,37690,0.0,91.09400177001953,91.09400177001953
942.7,right,3,37690,0.0,102.1969985961914,102.1969985961914
942.7,right,4,37690,0.0,95.25199890136719,96.01599884033203
942.7,right,5,37690,0.0,93.25199890136719,94.01499938964844
942.7,right,6,37690,0.0,94.00299835205078,94.04199981689453
942.7,right,7,37690,0.0,85.20999908447266,85.20999908447266
947.8,right,0,37894,0.0,55.12200164794922,55.14099884033203
947.8,right,1,37894,0.0,71.00900268554688,71.02799987792969
947.8,right,2,37894,0.0,91.09400177001953,91.09400177001953
947.8,right,3,37894,0.0,102.1969985961914,102.1969985961914
947.8,right,4,37894,0.0,96.01599884033203,96.01599884033203
947.8,right,5,37894,0.0,94.03399658203125,94.03399658203125
947.8,right,6,37893,0.0,94.00299835205078,94.04199981689453
947.8,right,7,37893,0.0,85.19000244140625,85.20999908447266
952.9,right,0,38097,0.0,55.12200164794922,55.14099884033203
952.9,right,1,38097,0.0,71.02799987792969,71.02799987792969
952.9,right,2,38096,0.0,91.09400177001953,91.09400177001953
952.9,right,3,38096,0.0,102.1969985961914,102.1969985961914
952.9,right,4,38096,0.0,96.01599884033203,96.01599884033203
952.9,right,5,38096,0.0,94.01499938964844,94.03399658203125
952.9,right,6,38096,0.0,94.00299835205078,94.04199981689453
952.9,right,7,38096,0.0,85.19000244140625,85.20999908447266
957.9,right,0,38298,0.0,55.14099884033203,55.14099884033203
957.9,right,1,38298,0.0,71.02799987792969,71.02799987792969
957.9,right,2,38298,0.0,91.09400177001953,91.09400177001953
957.9,right,3,38298,0.0,102.21600341796875,102.21600341796875
957.9,right,4,38297,0.0,96.03500366210938,96.03500366210938
957.9,right,5,38297,0.0,94.01499938964844,94.03399658203125
957.9,right,6,38297,0.0,94.04199981689453,94.04199981689453
957.9,right,7,38297,0.0,85.19000244140625,85.20999908447266
962.9,right,0,38500,0.0,55.12200164794922,55.14099884033203
962.9,right,1,38500,0.0,71.02799987792969,71.02799987792969
962.9,right,2,38500,0.0,91.09400177001953,91.09400177001953
962.9,right,3,38500,0.0,102.21600341796875,102.21600341796875
962.9,right,4,38500,0.0,96.01599884033203,96.03500366210938
962.9,right,5,38500,0.0,94.01499938964844,94.03399658203125
962.9,right,6,38500,0.0,94.04199981689453,94.04199981689453
962.9,right,7,38500,0.0,85.20999908447266,85.20999908447266
968.0,right,0,38703,0.0,55.14099884033203,55.14099884033203
968.0,right,1,38703,0.0,71.02799987792969,71.02799987792969
968.0,right,2,38703,0.0,91.09400177001953,91.09400177001953
968.0,right,3,38703,0.0,102.21600341796875,102.23600006103516
968.0,right,4,38702,0.0,96.03500366210938,96.03500366210938
968.0,right,5,38702,0.0,94.03399658203125,94.03399658203125
968.0,right,6,38702,0.0,94.04199981689453,94.04199981689453
968.0,right,7,38702,0.0,85.19000244140625,85.20999908447266
973.1,right,0,38905,0.0,55.14099884033203,55.14099884033203
973.1,right,1,38905,0.0,71.02799987792969,71.02799987792969
973.1,right,2,38905,0.0,91.07499694824219,91.09400177001953
973.1,right,3,38905,0.0,102.23600006103516,102.23600006103516
973.1,right,4,38905,0.0,96.03500366210938,96.03500366210938
973.1,right,5,38905,0.0,94.03399658203125,94.03399658203125
973.1,right,6,38905,0.0,94.02200317382812,94.04199981689453
973.1,right,7,38905,0.0,85.20999908447266,85.20999908447266
978.1,right,0,39107,0.0,55.14099884033203,55.14099884033203
978.1,right,1,39107,0.0,71.02799987792969,71.02799987792969
978.1,right,2,39106,0.0,91.09400177001953,91.09400177001953
978.1,right,3,39106,0.0,102.23600006103516,102.23600006103516
978.1,right,4,39106,0.0,96.03500366210938,96.05400085449219
978.1,right,5,39106,0.0,94.03399658203125,94.03399658203125
978.1,right,6,39106,0.0,94.04199981689453,94.04199981689453
978.1,right,7,39106,0.0,85.22899627685547,85.22899627685547
983.2,right,0,39309,0.0,55.14099884033203,55.14099884033203
983.2,right,1,39309,0.0,71.02799987792969,71.0479965209961
983.2,right,2,39309,0.0,91.09400177001953,91.09400177001953
983.2,right,3,39309,0.0,102.23600006103516,102.23600006103516
983.2,right,4,39309,0.0,96.05400085449219,96.05400085449219
983.2,right,5,39309,0.0,94.03399658203125,94.05400085449219
983.2,right,6,39308,0.0,94.04199981689453,94.04199981689453
983.2,right,7,39308,0.0,85.22899627685547,85.22899627685547
988.2,right,0,39510,0.0,55.14099884033203,55.14099884033203
988.2,right,1,39510,0.0,71.0479965209961,71.0479965209961
988.2,right,2,39510,0.0,91.09400177001953,91.09400177001953
988.2,right,3,39510,0.0,102.23600006103516,102.23600006103516
988.2,right,4,39510,0.0,96.05400085449219,96.05400085449219
988.2,right,5,39510,0.0,94.03399658203125,94.05400085449219
988.2,right,6,39510,0.0,94.04199981689453,94.04199981689453
988.2,right,7,39510,0.0,85.22899627685547,85.22899627685547
993.3,right,0,39713,0.0,55.14099884033203,55.14099884033203
993.3,right,1,39713,0.0,71.02799987792969,71.0479965209961
993.3,right,2,39713,0.0,91.09400177001953,91.11299896240234
993.3,right,3,39713,0.0,102.23600006103516,102.23600006103516
993.3,right,4,39712,0.0,96.05400085449219,96.05400085449219
993.3,right,5,39712,0.0,94.05400085449219,94.05400085449219
993.3,right,6,39712,0.0,94.04199981689453,94.04199981689453
993.3,right,7,39712,0.0,85.2490005493164,85.2490005493164
998.3,right,0,39915,0.0,55.14099884033203,55.14099884033203
998.3,right,1,39915,0.0,71.02799987792969,71.0479965209961
998.3,right,2,39915,0.0,91.11299896240234,91.11299896240234
998.3,right,3,39915,0.0,102.25499725341797,102.25499725341797
998.3,right,4,39915,0.0,96.05400085449219,96.05400085449219
998.3,right,5,39915,0.0,94.03399658203125,94.05400085449219
998.3,right,6,39915,0.0,94.04199981689453,94.04199981689453
998.3,right,7,39915,0.0,86.01200103759766,86.01200103759766
1003.4,right,0,40117,0.0,55.14099884033203,55.14099884033203
1003.4,right,1,40117,0.0,71.02799987792969,71.0479965209961
1003.4,right,2,40116,0.0,91.11299896240234,91.13300323486328
1003.4,right,3,40116,0.0,102.25499725341797,103.01799774169922
1003.4,right,4,40116,0.0,96.0739974975586,96.0739974975586
1003.4,right,5,40116,0.0,94.03399658203125,94.05400085449219
1003.4,right,6,40116,0.0,94.06099700927734,94.08000183105469
1003.4,right,7,40116,0.0,86.01200103759766,86.01200103759766
1008.4,right,0,40319,0.0,55.14099884033203,55.14099884033203
1008.4,right,1,40319,0.0,71.02799987792969,71.0479965209961
1008.4,right,2,40319,0.0,91.09400177001953,91.13300323486328
1008.4,right,3,40319,0.0,102.25499725341797,103.01799774169922
1008.4,right,4,40319,0.0,96.0739974975586,96.0739974975586
1008.4,right,5,40319,0.0,94.03399658203125,94.05400085449219
1008.4,right,6,40318,0.0,94.06099700927734,94.08000183105469
1008.4,right,7,40318,0.0,86.01200103759766,86.03099822998047
1013.5,right,0,40520,0.0,55.14099884033203,55.14099884033203
1013.5,right,1,40520,0.0,71.0479965209961,71.0479965209961
1013.5,right,2,40520,0.0,91.11299896240234,91.13300323486328
1013.5,right,3,40520,0.0,103.01799774169922,103.01799774169922
1013.5,right,4,40520,0.0,96.0739974975586,96.0739974975586
1013.5,right,5,40520,0.0,94.03399658203125,94.05400085449219
1013.5,right,6,40520,0.0,94.08000183105469,94.08000183105469
1013.5,right,7,40520,0.0,85.2490005493164,86.03099822998047
1018.6,right,0,40725,0.0,55.14099884033203,55.14099884033203
1018.6,right,1,40725,0.0,71.0479965209961,71.0479965209961
1018.6,right,2,40725,0.0,91.11299896240234,91.13300323486328
1018.6,right,3,40725,0.0,102.25499725341797,103.01799774169922
1018.6,right,4,40725,0.0,96.0739974975586,96.0739974975586
1018.6,right,5,40725,0.0,94.05400085449219,94.05400085449219
1018.6,right,6,40725,0.0,94.0999984741211,94.0999984741211
1018.6,right,7,40725,0.0,86.01200103759766,86.03099822998047
1023.6,right,0,40927,0.0,55.14099884033203,55.14099884033203
1023.6,right,1,40927,0.0,71.06700134277344,71.06700134277344
1023.6,right,2,40926,0.0,91.11299896240234,91.13300323486328
1023.6,right,3,40926,0.0,102.25499725341797,103.01799774169922
1023.6,right,4,40926,0.0,96.0739974975586,96.0739974975586
1023.6,right,5,40926,0.0,94.05400085449219,94.05400085449219
1023.6,right,6,40926,0.0,94.08000183105469,94.0999984741211
1023.6,right,7,40926,0.0,86.01200103759766,86.03099822998047
1028.7,right,0,41129,0.0,55.14099884033203,55.14099884033203
1028.7,right,1,41129,0.0,71.06700134277344,71.06700134277344
1028.7,right,2,41129,0.0,91.13300323486328,91.13300323486328
1028.7,right,3,41129,0.0,103.01799774169922,103.01799774169922
1028.7,right,4,41129,0.0,96.09300231933594,96.09300231933594
1028.7,right,5,41129,0.0,94.03399658203125,94.05400085449219
1028.7,right,6,41128,0.0,94.08000183105469,94.0999984741211
1028.7,right,7,41128,0.0,86.01200103759766,86.03099822998047
1033.7,right,0,41330,0.0,55.15999984741211,55.15999984741211
1033.7,right,1,41330,0.0,71.06700134277344,71.06700134277344
1033.7,right,2,41330,0.0,91.11299896240234,91.13300323486328
1033.7,right,3,41330,0.0,103.01799774169922,103.01799774169922
1033.7,right,4,41330,0.0,96.09300231933594,96.09300231933594
1033.7,right,5,41330,0.0,94.072998046875,94.072998046875
1033.7,right,6,41330,0.0,94.08000183105469,94.0999984741211
1033.7,right,7,41330,0.0,86.01200103759766,86.03099822998047
1038.8,right,0,41533,0.0,55.15999984741211,55.15999984741211
1038.8,right,1,41533,0.0,71.06700134277344,71.06700134277344
1038.8,right,2,41533,0.0,91.11299896240234,91.13300323486328
1038.8,right,3,41533,0.0,103.01799774169922,103.01799774169922
1038.8,right,4,41532,0.0,96.11299896240234,96.11299896240234
1038.8,right,5,41532,0.0,94.05400085449219,94.072998046875
1038.8,right,6,41532,0.0,94.08000183105469,94.0999984741211
1038.8,right,7,41532,0.0,86.01200103759766,86.03099822998047
1043.8,right,0,41735,0.0,55.15999984741211,55.15999984741211
1043.8,right,1,41735,0.0,71.06700134277344,71.06700134277344
1043.8,right,2,41735,0.0,91.13300323486328,91.13300323486328
1043.8,right,3,41735,0.0,103.01799774169922,103.01799774169922
1043.8,right,4,41735,0.0,96.09300231933594,96.11299896240234
1043.8,right,5,41735,0.0,94.072998046875,94.072998046875
1043.8,right,6,41735,0.0,94.0999984741211,94.0999984741211
1043.8,right,7,41735,0.0,86.01200103759766,86.03099822998047
1048.8,right,0,41935,0.0,55.15999984741211,55.15999984741211
1048.8,right,1,41935,0.0,71.06700134277344,71.08599853515625
1048.8,right,2,41935,0.0,91.13300323486328,91.13300323486328
1048.8,right,3,41935,0.0,103.05699920654297,103.05699920654297
1048.8,right,4,41935,0.0,96.11299896240234,96.11299896240234
1048.8,right,5,41935,0.0,94.05400085449219,94.072998046875
1048.8,right,6,41935,0.0,94.08000183105469,94.0999984741211
1048.8,right,7,41935,0.0,86.03099822998047,86.03099822998047
1053.9,right,0,42138,0.0,55.15999984741211,55.15999984741211
1053.9,right,1,42138,0.0,71.06700134277344,71.08599853515625
1053.9,right,2,42138,0.0,91.13300323486328,91.13300323486328
1053.9,right,3,42138,0.0,103.03800201416016,103.05699920654297
1053.9,right,4,42137,0.0,96.11299896240234,96.11299896240234
1053.9,right,5,42137,0.0,94.072998046875,94.072998046875
1053.9,right,6,42137,0.0,94.06099700927734,94.0999984741211
1053.9,right,7,42137,0.0,86.01200103759766,86.03099822998047
1058.9,right,0,42340,0.0,55.15999984741211,55.15999984741211
1058.9,right,1,42340,0.0,71.06700134277344,71.08599853515625
1058.9,right,2,42340,0.0,91.13300323486328,91.13300323486328
1058.9,right,3,42340,0.0,103.05699920654297,103.05699920654297
1058.9,right,4,42340,0.0,96.13200378417969,96.13200378417969
1058.9,right,5,42340,0.0,94.072998046875,94.072998046875
1058.9,right,6,42340,0.0,94.04199981689453,94.0999984741211
1058.9,right,7,42340,0.0,86.03099822998047,86.03099822998047
1064.0,right,0,42543,0.0,55.15999984741211,55.15999984741211
1064.0,right,1,42543,0.0,71.06700134277344,71.08599853515625
1064.0,right,2,42543,0.0,91.13300323486328,91.13300323486328
1064.0,right,3,42543,0.0,103.05699920654297,103.05699920654297
1064.0,right,4,42542,0.0,96.13200378417969,96.13200378417969
1064.0,right,5,42542,0.0,94.05400085449219,94.072998046875
1064.0,right,6,42542,0.0,94.04199981689453,94.0999984741211
1064.0,right,7,42542,0.0,86.03099822998047,86.03099822998047
1069.1,right,0,42747,0.0,55.15999984741211,55.15999984741211
1069.1,right,1,42747,0.0,71.06700134277344,71.08599853515625
1069.1,right,2,42746,0.0,91.13300323486328,91.13300323486328
1069.1,right,3,42746,0.0,103.05699920654297,103.05699920654297
1069.1,right,4,42746,0.0,96.11299896240234,96.1510009765625
1069.1,right,5,42746,0.0,94.072998046875,94.072998046875
1069.1,right,6,42746,0.0,94.08000183105469,94.0999984741211
1069.1,right,7,42746,0.0,86.01200103759766,86.03099822998047
1074.2,right,0,42949,0.0,55.15999984741211,55.15999984741211
1074.2,right,1,42949,0.0,71.08599853515625,71.08599853515625
1074.2,right,2,42949,0.0,91.13300323486328,91.13300323486328
1074.2,right,3,42949,0.0,103.05699920654297,103.07599639892578
1074.2,right,4,42949,0.0,96.13200378417969,96.1510009765625
1074.2,right,5,42949,0.0,94.05400085449219,94.072998046875
1074.2,right,6,42948,0.0,94.08000183105469,94.0999984741211
1074.2,right,7,42948,0.0,86.01200103759766,86.03099822998047
1079.2,right,0,43152,0.0,55.15999984741211,55.15999984741211
1079.2,right,1,43152,0.0,71.06700134277344,71.08599853515625
1079.2,right,2,43151,0.0,91.13300323486328,91.13300323486328
1079.2,right,3,43151,0.0,103.07599639892578,103.07599639892578
1079.2,right,4,43151,0.0,96.1510009765625,96.1510009765625
1079.2,right,5,43151,0.0,94.05400085449219,94.072998046875
1079.2,right,6,43151,0.0,94.08000183105469,94.0999984741211
1079.2,right,7,43151,0.0,86.0510025024414,86.0510025024414
1084.3,right,0,43355,0.0,55.15999984741211,55.15999984741211
1084.3,right,1,43355,0.0,71.0479965209961,71.08599853515625
1084.3,right,2,43355,0.0,91.13300323486328,91.13300323486328
1084.3,right,3,43355,0.0,103.07599639892578,103.09600067138672
1084.3,right,4,43355,0.0,96.13200378417969,96.1510009765625
1084.3,right,5,43355,0.0,94.05400085449219,94.072998046875
1084.3,right,6,43355,0.0,94.08000183105469,94.0999984741211
1084.3,right,7,43355,0.0,86.06999969482422,86.06999969482422
1089.4,right,0,43557,0.0,55.15999984741211,55.15999984741211
1089.4,right,1,43557,0.0,71.06700134277344,71.08599853515625
1089.4,right,2,43556,0.0,91.13300323486328,91.1520004272461
1089.4,right,3,43556,0.0,103.07599639892578,103.09600067138672
1089.4,right,4,43556,0.0,96.1510009765625,96.1510009765625
1089.4,right,5,43556,0.0,94.05400085449219,94.072998046875
1089.4,right,6,43556,0.0,94.0999984741211,94.0999984741211
1089.4,right,7,43556,0.0,86.0510025024414,86.08999633789062
1094.4,right,0,43758,0.0,55.15999984741211,55.15999984741211
1094.4,right,1,43758,0.0,71.06700134277344,71.08599853515625
1094.4,right,2,43758,0.0,91.13300323486328,91.1520004272461
1094.4,right,3,43758,0.0,103.09600067138672,103.09600067138672
1094.4,right,4,43757,0.0,96.13200378417969,96.1510009765625
1094.4,right,5,43757,0.0,94.072998046875,94.072998046875
1094.4,right,6,43757,0.0,94.0999984741211,94.0999984741211
1094.4,right,7,43757,0.0,86.0510025024414,86.08999633789062
1099.5,right,0,43960,0.0,55.15999984741211,55.15999984741211
1099.5,right,1,43960,0.0,71.08599853515625,71.08599853515625
1099.5,right,2,43960,0.0,91.1520004272461,91.1520004272461
1099.5,right,3,43960,0.0,103.07599639892578,103.09600067138672
1099.5,right,4,43960,0.0,96.1510009765625,96.1510009765625
1099.5,right,5,43960,0.0,94.072998046875,94.09200286865234
1099.5,right,6,43960,0.0,94.0999984741211,94.11900329589844
1099.5,right,7,43960,0.0,86.0510025024414,86.08999633789062
1104.5,right,0,44163,0.0,55.15999984741211,55.15999984741211
1104.5,right,1,44163,0.0,71.06700134277344,71.08599853515625
1104.5,right,2,44163,0.0,91.1520004272461,91.1520004272461
1104.5,right,3,44163,0.0,103.09600067138672,103.09600067138672
1104.5,right,4,44162,0.0,96.13200378417969,96.1510009765625
1104.5,right,5,44162,0.0,94.09200286865234,94.09200286865234
1104.5,right,6,44162,0.0,94.0999984741211,94.11900329589844
1104.5,right,7,44162,0.0,86.03099822998047,86.08999633789062
1109.6,right,0,44365,0.0,55.15999984741211,55.15999984741211
1109.6,right,1,44365,0.0,71.06700134277344,71.08599853515625
1109.6,right,2,44365,0.0,91.1520004272461,91.1520004272461
1109.6,right,3,44365,0.0,103.09600067138672,103.09600067138672
1109.6,right,4,44365,0.0,96.1510009765625,96.1510009765625
1109.6,right,5,44365,0.0,94.09200286865234,94.09200286865234
1109.6,right,6,44365,0.0,94.0999984741211,94.11900329589844
1109.6,right,7,44365,0.0,86.0510025024414,86.08999633789062
1114.6,right,0,44567,0.0,55.15999984741211,55.15999984741211
1114.6,right,1,44567,0.0,71.06700134277344,71.08599853515625
1114.6,right,2,44566,0.0,91.1520004272461,91.1520004272461
1114.6,right,3,44566,0.0,103.11499786376953,103.11499786376953
1114.6,right,4,44566,0.0,96.1510009765625,96.1709976196289
1114.6,right,5,44566,0.0,94.11100006103516,94.11100006103516
1114.6,right,6,44566,0.0,94.11900329589844,94.11900329589844
1114.6,right,7,44566,0.0,86.06999969482422,86.08999633789062
1119.8,right,0,44773,0.0,55.15999984741211,55.18000030517578
1119.8,right,1,44773,0.0,71.06700134277344,71.08599853515625
1119.8,right,2,44773,0.0,91.1520004272461,91.1520004272461
1119.8,right,3,44773,0.0,103.09600067138672,103.11499786376953
1119.8,right,4,44772,0.0,96.1709976196289,96.1709976196289
1119.8,right,5,44772,0.0,94.11100006103516,94.11100006103516
1119.8,right,6,44772,0.0,94.11900329589844,94.11900329589844
1119.8,right,7,44772,0.0,86.06999969482422,86.08999633789062
1124.8,right,0,44975,0.0,55.15999984741211,55.18000030517578
1124.8,right,1,44975,0.0,71.06700134277344,71.08599853515625
1124.8,right,2,44975,0.0,91.1520004272461,91.1520004272461
1124.8,right,3,44975,0.0,103.11499786376953,103.11499786376953
1124.8,right,4,44975,0.0,96.1709976196289,96.1709976196289
1124.8,right,5,44975,0.0,94.11100006103516,94.12999725341797
1124.8,right,6,44975,0.0,94.11900329589844,94.11900329589844
1124.8,right,7,44975,0.0,86.0510025024414,86.08999633789062
1129.9,right,0,45177,0.0,55.15999984741211,55.18000030517578
1129.9,right,1,45177,0.0,71.06700134277344,71.08599853515625
1129.9,right,2,45176,0.0,91.1520004272461,91.1520004272461
1129.9,right,3,45176,0.0,103.11499786376953,103.11499786376953
1129.9,right,4,45176,0.0,96.1709976196289,96.1709976196289
1129.9,right,5,45176,0.0,94.11100006103516,94.12999725341797
1129.9,right,6,45176,0.0,94.11900329589844,94.11900329589844
1129.9,right,7,45176,0.0,86.0510025024414,86.08999633789062
1135.0,right,0,45380,0.0,55.18000030517578,55.18000030517578
1135.0,right,1,45380,0.0,71.10600280761719,71.10600280761719
1135.0,right,2,45380,0.0,91.1520004272461,91.1520004272461
1135.0,right,3,45380,0.0,103.11499786376953,103.11499786376953
1135.0,right,4,45380,0.0,96.1709976196289,96.19000244140625
1135.0,right,5,45380,0.0,94.11100006103516,94.12999725341797
1135.0,right,6,45380,0.0,94.11900329589844,94.11900329589844
1135.0,right,7,45380,0.0,86.0510025024414,86.08999633789062
1140.0,right,0,45582,0.0,55.15999984741211,55.18000030517578
1140.0,right,1,45582,0.0,71.10600280761719,71.125
1140.0,right,2,45581,0.0,91.1520004272461,91.1520004272461
1140.0,right,3,45581,0.0,103.11499786376953,103.13400268554688
1140.0,right,4,45581,0.0,96.1709976196289,96.19000244140625
1140.0,right,5,45581,0.0,94.12999725341797,94.12999725341797
1140.0,right,6,45581,0.0,94.11900329589844,94.11900329589844
1140.0,right,7,45581,0.0,86.03099822998047,86.08999633789062
1145.0,right,0,45784,0.0,55.18000030517578,55.18000030517578
1145.0,right,1,45784,0.0,71.10600280761719,71.125
1145.0,right,2,45784,0.0,91.1520004272461,91.1520004272461
1145.0,right,3,45784,0.0,103.11499786376953,103.13400268554688
1145.0,right,4,45784,0.0,96.19000244140625,96.19000244140625
1145.0,right,5,45784,0.0,94.11100006103516,94.12999725341797
1145.0,right,6,45783,0.0,94.0999984741211,94.11900329589844
1145.0,right,7,45783,0.0,86.0510025024414,86.08999633789062
1150.1,right,0,45985,0.0,55.18000030517578,55.19900131225586
1150.1,right,1,45985,0.0,71.125,71.125
1150.1,right,2,45985,0.0,91.1520004272461,91.1709976196289
1150.1,right,3,45985,0.0,103.13400268554688,103.13400268554688
1150.1,right,4,45985,0.0,96.19000244140625,96.20999908447266
1150.1,right,5,45985,0.0,94.12999725341797,94.12999725341797
1150.1,right,6,45985,0.0,94.11900329589844,94.11900329589844
1150.1,right,7,45985,0.0,86.08999633789062,86.08999633789062
1155.1,right,0,46187,0.0,55.18000030517578,55.19900131225586
1155.1,right,1,46187,0.0,71.1449966430664,71.1449966430664
1155.1,right,2,46186,0.0,91.1709976196289,91.1709976196289
1155.1,right,3,46186,0.0,103.13400268554688,103.13400268554688
1155.1,right,4,46186,0.0,96.20999908447266,96.20999908447266
1155.1,right,5,46186,0.0,94.12999725341797,94.12999725341797
1155.1,right,6,46186,0.0,94.13899993896484,94.13899993896484
1155.1,right,7,46186,0.0,86.06999969482422,86.08999633789062
1160.2,right,0,46389,0.0,55.18000030517578,55.19900131225586
1160.2,right,1,46389,0.0,71.125,71.1449966430664
1160.2,right,2,46389,0.0,91.1709976196289,91.1709976196289
1160.2,right,3,46389,0.0,103.13400268554688,103.13400268554688
1160.2,right,4,46389,0.0,96.20999908447266,96.20999908447266
1160.2,right,5,46389,0.0,94.1500015258789,94.1500015258789
1160.2,right,6,46388,0.0,94.11900329589844,94.13899993896484
1160.2,right,7,46388,0.0,86.06999969482422,86.08999633789062
1165.2,right,0,46592,0.0,55.18000030517578,55.19900131225586
1165.2,right,1,46592,0.0,71.125,71.1449966430664
1165.2,right,2,46591,0.0,91.1709976196289,91.1709976196289
1165.2,right,3,46591,0.0,103.13400268554688,103.15399932861328
1165.2,right,4,46591,0.0,96.20999908447266,96.22899627685547
1165.2,right,5,46591,0.0,94.16899871826172,94.16899871826172
1165.2,right,6,46591,0.0,94.11900329589844,94.13899993896484
1165.2,right,7,46591,0.0,86.06999969482422,86.08999633789062
1170.3,right,0,46793,0.0,55.19900131225586,55.19900131225586
1170.3,right,1,46793,0.0,71.1449966430664,71.1449966430664
1170.3,right,2,46793,0.0,91.1709976196289,91.1709976196289
1170.3,right,3,46793,0.0,103.15399932861328,103.15399932861328
1170.3,right,4,46792,0.0,96.20999908447266,96.22899627685547
1170.3,right,5,46792,0.0,94.16899871826172,94.16899871826172
1170.3,right,6,46792,0.0,94.15799713134766,94.15799713134766
1170.3,right,7,46792,0.0,86.06999969482422,86.08999633789062
1175.3,right,0,46995,0.0,55.18000030517578,55.19900131225586
1175.3,right,1,46995,0.0,71.125,71.1449966430664
1175.3,right,2,46995,0.0,91.1709976196289,91.19100189208984
1175.3,right,3,46995,0.0,103.15399932861328,103.15399932861328
1175.3,right,4,46995,0.0,96.20999908447266,96.22899627685547
1175.3,right,5,46995,0.0,94.1500015258789,94.16899871826172
1175.3,right,6,46995,0.0,94.177001953125,94.177001953125
1175.3,right,7,46995,0.0,86.08999633789062,86.08999633789062
1180.4,right,0,47198,0.0,55.18000030517578,55.19900131225586
1180.4,right,1,47198,0.0,71.1449966430664,71.1449966430664
1180.4,right,2,47198,0.0,91.19100189208984,91.19100189208984
1180.4,right,3,47198,0.0,103.15399932861328,103.15399932861328
1180.4,right,4,47197,0.0,96.20999908447266,96.22899627685547
1180.4,right,5,47197,0.0,94.1500015258789,94.16899871826172
1180.4,right,6,47197,0.0,94.177001953125,94.177001953125
1180.4,right,7,47197,0.0,86.10900115966797,86.10900115966797
1185.4,right,0,47399,0.0,55.19900131225586,55.19900131225586
1185.4,right,1,47399,0.0,71.125,71.1449966430664
1185.4,right,2,47399,0.0,91.19100189208984,91.19100189208984
1185.4,right,3,47399,0.0,103.15399932861328,103.15399932861328
1185.4,right,4,47399,0.0,96.22899627685547,96.22899627685547
1185.4,right,5,47399,0.0,94.1500015258789,94.16899871826172
1185.4,right,6,47398,0.0,94.15799713134766,94.177001953125
1185.4,right,7,47398,0.0,86.08999633789062,86.10900115966797
1190.5,right,0,47602,0.0,55.19900131225586,55.19900131225586
1190.5,right,1,47602,0.0,71.1449966430664,71.1449966430664
1190.5,right,2,47601,0.0,91.19100189208984,91.19100189208984
1190.5,right,3,47601,0.0,103.15399932861328,103.15399932861328
1190.5,right,4,47601,0.0,96.22899627685547,96.22899627685547
1190.5,right,5,47601,0.0,94.16899871826172,94.16899871826172
1190.5,right,6,47601,0.0,94.177001953125,94.177001953125
1190.5,right,7,47601,0.0,86.08999633789062,86.10900115966797
1195.6,right,0,47805,0.0,55.19900131225586,55.19900131225586
1195.6,right,1,47805,0.0,71.1449966430664,71.1449966430664
1195.6,right,2,47805,0.0,91.1709976196289,91.19100189208984
1195.6,right,3,47805,0.0,103.1729965209961,103.1729965209961
1195.6,right,4,47805,0.0,96.22899627685547,96.22899627685547
1195.6,right,5,47805,0.0,94.18800354003906,94.18800354003906
1195.6,right,6,47805,0.0,94.177001953125,94.177001953125
1195.6,right,7,47805,0.0,86.08999633789062,86.10900115966797
1200.6,right,0,48007,0.0,55.18000030517578,55.19900131225586
1200.6,right,1,48007,0.0,71.125,71.1449966430664
1200.6,right,2,48006,0.0,91.1709976196289,91.19100189208984
1200.6,right,3,48006,0.0,103.1729965209961,103.1729965209961
1200.6,right,4,48006,0.0,96.22899627685547,96.22899627685547
1200.6,right,5,48006,0.0,94.18800354003906,94.18800354003906
1200.6,right,6,48006,0.0,94.177001953125,94.177001953125
1200.6,right,7,48006,0.0,86.10900115966797,86.10900115966797
1205.7,right,0,48210,0.0,55.19900131225586,55.19900131225586
1205.7,right,1,48210,0.0,71.1449966430664,71.1449966430664
1205.7,right,2,48210,0.0,91.19100189208984,91.19100189208984
1205.7,right,3,48210,0.0,103.1729965209961,103.1729965209961
1205.7,right,4,48210,0.0,96.22899627685547,96.22899627685547
1205.7,right,5,48210,0.0,94.20700073242188,94.20700073242188
1205.7,right,6,48210,0.0,94.15799713134766,94.177001953125
1205.7,right,7,48210,0.0,86.08999633789062,86.10900115966797
1210.7,right,0,48412,0.0,55.19900131225586,55.19900131225586
1210.7,right,1,48412,0.0,71.1449966430664,71.1449966430664
1210.7,right,2,48411,0.0,91.19100189208984,91.19100189208984
1210.7,right,3,48411,0.0,103.1729965209961,103.1729965209961
1210.7,right,4,48411,0.0,96.22899627685547,96.24800109863281
1210.7,right,5,48411,0.0,94.18800354003906,94.20700073242188
1210.7,right,6,48411,0.0,94.177001953125,94.177001953125
1210.7,right,7,48411,0.0,86.10900115966797,86.10900115966797
1215.8,right,0,48615,0.0,55.19900131225586,55.19900131225586
1215.8,right,1,48615,0.0,71.1449966430664,71.1449966430664
1215.8,right,2,48615,0.0,91.20999908447266,91.20999908447266
1215.8,right,3,48615,0.0,103.1729965209961,103.19300079345703
1215.8,right,4,48615,0.0,96.22899627685547,96.24800109863281
1215.8,right,5,48615,0.0,94.18800354003906,94.20700073242188
1215.8,right,6,48615,0.0,94.177001953125,94.177001953125
1215.8,right,7,48615,0.0,86.08999633789062,86.10900115966797
1220.9,right,0,48819,0.0,55.19900131225586,55.19900131225586
1220.9,right,1,48819,0.0,71.16400146484375,71.16400146484375
1220.9,right,2,48819,0.0,91.20999908447266,91.20999908447266
1220.9,right,3,48819,0.0,103.1729965209961,103.19300079345703
1220.9,right,4,48819,0.0,96.22899627685547,96.24800109863281
1220.9,right,5,48819,0.0,94.20700073242188,94.20700073242188
1220.9,right,6,48818,0.0,94.177001953125,94.177001953125
1220.9,right,7,48818,0.0,86.12899780273438,86.12899780273438
1226.0,right,0,49020,0.0,55.19900131225586,55.19900131225586
1226.0,right,1,49020,0.0,71.16400146484375,71.16400146484375
1226.0,right,2,49020,0.0,91.20999908447266,91.22899627685547
1226.0,right,3,49020,0.0,103.1729965209961,103.19300079345703
1226.0,right,4,49020,0.0,96.24800109863281,96.24800109863281
1226.0,right,5,49020,0.0,94.22699737548828,94.22699737548828
1226.0,right,6,49020,0.0,94.177001953125,94.177001953125
1226.0,right,7,49020,0.0,86.12899780273438,86.12899780273438
1231.0,right,0,49222,0.0,55.19900131225586,55.19900131225586
1231.0,right,1,49222,0.0,71.1449966430664,71.16400146484375
1231.0,right,2,49221,0.0,91.20999908447266,91.22899627685547
1231.0,right,3,49221,0.0,103.19300079345703,103.19300079345703
1231.0,right,4,49221,0.0,96.24800109863281,96.24800109863281
1231.0,right,5,49221,0.0,94.20700073242188,94.22699737548828
1231.0,right,6,49221,0.0,94.177001953125,94.177001953125
1231.0,right,7,49221,0.0,86.12899780273438,86.12899780273438
1236.0,right,0,49423,0.0,55.21799850463867,55.21799850463867
1236.0,right,1,49423,0.0,71.16400146484375,71.16400146484375
1236.0,right,2,49423,0.0,91.20999908447266,91.22899627685547
1236.0,right,3,49423,0.0,103.19300079345703,103.19300079345703
1236.0,right,4,49422,0.0,97.01200103759766,97.01200103759766
1236.0,right,5,49422,0.0,94.20700073242188,94.22699737548828
1236.0,right,6,49422,0.0,94.177001953125,94.177001953125
1236.0,right,7,49422,0.0,86.14800262451172,86.14800262451172
1241.1,right,0,49627,0.0,55.21799850463867,55.237998962402344
1241.1,right,1,49627,0.0,71.18299865722656,71.18299865722656
1241.1,right,2,49626,0.0,91.22899627685547,91.22899627685547
1241.1,right,3,49626,0.0,103.19300079345703,103.19300079345703
1241.1,right,4,49626,0.0,97.01200103759766,97.01200103759766
1241.1,right,5,49626,0.0,94.18800354003906,94.22699737548828
1241.1,right,6,49626,0.0,94.1969985961914,94.1969985961914
1241.1,right,7,49626,0.0,86.12899780273438,86.14800262451172
1246.2,right,0,49830,0.0,55.21799850463867,55.237998962402344
1246.2,right,1,49830,0.0,71.18299865722656,71.18299865722656
1246.2,right,2,49830,0.0,91.22899627685547,91.22899627685547
1246.2,right,3,49830,0.0,103.19300079345703,103.21199798583984
1246.2,right,4,49830,0.0,97.01200103759766,97.01200103759766
1246.2,right,5,49830,0.0,94.20700073242188,94.22699737548828
1246.2,right,6,49830,0.0,94.21600341796875,94.21600341796875
1246.2,right,7,49830,0.0,86.14800262451172,86.14800262451172
1251.3,right,0,50033,0.0,55.21799850463867,55.237998962402344
1251.3,right,1,50033,0.0,71.18299865722656,71.18299865722656
1251.3,right,2,50033,0.0,91.22899627685547,91.22899627685547
1251.3,right,3,50033,0.0,103.21199798583984,103.21199798583984
1251.3,right,4,50032,0.0,97.01200103759766,97.01200103759766
1251.3,right,5,50032,0.0,94.20700073242188,94.22699737548828
1251.3,right,6,50032,0.0,94.1969985961914,94.21600341796875
1251.3,right,7,50032,0.0,86.14800262451172,86.14800262451172
1256.3,right,0,50235,0.0,55.21799850463867,55.237998962402344
1256.3,right,1,50235,0.0,71.18299865722656,71.18299865722656
1256.3,right,2,50235,0.0,91.22899627685547,91.22899627685547
1256.3,right,3,50235,0.0,103.21199798583984,103.23100280761719
1256.3,right,4,50235,0.0,97.03099822998047,97.03099822998047
1256.3,right,5,50235,0.0,94.22699737548828,94.22699737548828
1256.3,right,6,50235,0.0,94.1969985961914,94.21600341796875
1256.3,right,7,50235,0.0,86.12899780273438,86.14800262451172
1261.4,right,0,50437,0.0,55.19900131225586,55.237998962402344
1261.4,right,1,50437,0.0,71.18299865722656,71.18299865722656
1261.4,right,2,50436,0.0,91.22899627685547,91.22899627685547
1261.4,right,3,50436,0.0,103.23100280761719,103.23100280761719
1261.4,right,4,50436,0.0,97.03099822998047,97.03099822998047
1261.4,right,5,50436,0.0,94.22699737548828,94.22699737548828
1261.4,right,6,50436,0.0,94.1969985961914,94.21600341796875
1261.4,right,7,50436,0.0,86.12899780273438,86.14800262451172
1266.4,right,0,50639,0.0,55.21799850463867,55.237998962402344
1266.4,right,1,50639,0.0,71.18299865722656,71.18299865722656
1266.4,right,2,50639,0.0,91.22899627685547,91.22899627685547
1266.4,right,3,50639,0.0,103.2509994506836,103.2509994506836
1266.4,right,4,50639,0.0,97.03099822998047,97.03099822998047
1266.4,right,5,50639,0.0,94.22699737548828,94.22699737548828
1266.4,right,6,50638,0.0,94.21600341796875,94.21600341796875
1266.4,right,7,50638,0.0,86.14800262451172,86.14800262451172
1271.4,right,0,50840,0.0,55.21799850463867,55.237998962402344
1271.4,right,1,50840,0.0,71.18299865722656,71.18299865722656
1271.4,right,2,50840,0.0,91.22899627685547,91.22899627685547
1271.4,right,3,50840,0.0,103.23100280761719,103.2509994506836
1271.4,right,4,50840,0.0,97.03099822998047,97.03099822998047
1271.4,right,5,50840,0.0,94.22699737548828,94.22699737548828
1271.4,right,6,50840,0.0,94.1969985961914,94.21600341796875
1271.4,right,7,50840,0.0,86.14800262451172,86.14800262451172
1276.5,right,0,51043,0.0,55.237998962402344,55.237998962402344
1276.5,right,1,51043,0.0,71.18299865722656,71.2030029296875
1276.5,right,2,51043,0.0,91.22899627685547,91.22899627685547
1276.5,right,3,51043,0.0,103.2509994506836,103.2509994506836
1276.5,right,4,51042,0.0,97.03099822998047,97.03099822998047
1276.5,right,5,51042,0.0,94.22699737548828,94.22699737548828
1276.5,right,6,51042,0.0,94.21600341796875,94.21600341796875
1276.5,right,7,51042,0.0,86.14800262451172,86.14800262451172
1281.6,right,0,51244,0.0,55.21799850463867,55.237998962402344
1281.6,right,1,51244,0.0,71.18299865722656,71.2030029296875
1281.6,right,2,51244,0.0,91.22899627685547,91.22899627685547
1281.6,right,3,51244,0.0,103.2509994506836,103.2509994506836
1281.6,right,4,51244,0.0,97.03099822998047,97.03099822998047
1281.6,right,5,51244,0.0,94.22699737548828,94.22699737548828
1281.6,right,6,51243,0.0,94.25499725341797,94.25499725341797
1281.6,right,7,51243,0.0,86.16799926757812,86.16799926757812
1286.6,right,0,51445,0.1,55.21799850463867,55.237998962402344
1286.6,right,1,51445,0.1,71.18299865722656,71.2030029296875
1286.6,right,2,51445,0.1,91.22899627685547,91.22899627685547
1286.6,right,3,51445,0.1,103.2509994506836,103.2509994506836
1286.6,right,4,51445,0.1,97.03099822998047,97.03099822998047
1286.6,right,5,51445,0.1,94.22699737548828,94.22699737548828
1286.6,right,6,51445,0.1,94.23500061035156,94.25499725341797
1286.6,right,7,51445,0.1,86.14800262451172,86.16799926757812
1291.7,right,0,51649,0.0,55.21799850463867,55.237998962402344
1291.7,right,1,51649,0.0,71.18299865722656,71.2030029296875
1291.7,right,2,51649,0.0,91.20999908447266,91.22899627685547
1291.7,right,3,51649,0.0,103.2509994506836,104.01399993896484
1291.7,right,4,51649,0.0,97.03099822998047,97.03099822998047
1291.7,right,5,51649,0.0,94.24600219726562,94.24600219726562
1291.7,right,6,51648,0.0,94.23500061035156,94.25499725341797
1291.7,right,7,51648,0.0,86.14800262451172,86.16799926757812
1296.7,right,0,51850,0.0,55.21799850463867,55.237998962402344
1296.7,right,1,51850,0.0,71.18299865722656,71.2030029296875
1296.7,right,2,51850,0.0,91.22899627685547,91.22899627685547
1296.7,right,3,51850,0.0,103.2509994506836,104.01399993896484
1296.7,right,4,51850,0.0,97.01200103759766,97.03099822998047
1296.7,right,5,51850,0.0,95.02799987792969,95.02799987792969
1296.7,right,6,51850,0.0,94.25499725341797,94.25499725341797
1296.7,right,7,51850,0.0,86.14800262451172,86.16799926757812
1301.8,right,0,52053,0.0,55.21799850463867,55.237998962402344
1301.8,right,1,52053,0.0,71.16400146484375,71.2030029296875
1301.8,right,2,52053,0.0,91.22899627685547,91.22899627685547
1301.8,right,3,52053,0.0,103.2509994506836,104.01399993896484
1301.8,right,4,52052,0.0,97.01200103759766,97.03099822998047
1301.8,right,5,52052,0.0,95.00900268554688,95.02799987792969
1301.8,right,6,52052,0.0,94.25499725341797,95.01799774169922
1301.8,right,7,52052,0.0,86.14800262451172,86.16799926757812
1306.8,right,0,52255,0.0,55.21799850463867,55.237998962402344
1306.8,right,1,52255,0.0,71.16400146484375,71.2030029296875
1306.8,right,2,52255,0.0,91.22899627685547,91.22899627685547
1306.8,right,3,52255,0.0,104.01399993896484,104.01399993896484
1306.8,right,4,52255,0.0,97.03099822998047,97.03099822998047
1306.8,right,5,52255,0.0,95.00900268554688,95.02799987792969
1306.8,right,6,52255,0.0,94.25499725341797,95.01799774169922
1306.8,right,7,52255,0.0,86.16799926757812,86.16799926757812
1312.0,right,0,52462,0.0,55.21799850463867,55.237998962402344
1312.0,right,1,52462,0.0,71.2030029296875,71.2030029296875
1312.0,right,2,52461,0.0,91.2490005493164,91.2490005493164
1312.0,right,3,52461,0.0,103.2509994506836,104.01399993896484
1312.0,right,4,52461,0.0,97.0510025024414,97.0510025024414
1312.0,right,5,52461,0.0,94.24600219726562,95.02799987792969
1312.0,right,6,52461,0.0,94.23500061035156,95.01799774169922
1312.0,right,7,52461,0.0,86.16799926757812,86.16799926757812
1317.0,right,0,52664,0.0,55.19900131225586,55.237998962402344
1317.0,right,1,52664,0.0,71.18299865722656,71.2030029296875
1317.0,right,2,52664,0.0,91.2490005493164,91.2490005493164
1317.0,right,3,52664,0.0,104.01399993896484,104.01399993896484
1317.0,right,4,52664,0.0,97.0510025024414,97.0510025024414
1317.0,right,5,52664,0.0,94.24600219726562,95.02799987792969
1317.0,right,6,52663,0.0,94.25499725341797,95.01799774169922
1317.0,right,7,52663,0.0,86.14800262451172,86.16799926757812
1322.2,right,0,52869,0.0,55.19900131225586,55.237998962402344
1322.2,right,1,52869,0.0,71.18299865722656,71.2030029296875
1322.2,right,2,52869,0.0,92.01200103759766,92.01200103759766
1322.2,right,3,52869,0.0,104.01399993896484,104.03299713134766
1322.2,right,4,52869,0.0,97.0510025024414,97.0510025024414
1322.2,right,5,52869,0.0,94.22699737548828,95.02799987792969
1322.2,right,6,52868,0.0,94.25499725341797,95.01799774169922
1322.2,right,7,52868,0.0,86.14800262451172,86.16799926757812
1327.2,right,0,53070,0.0,55.21799850463867,55.237998962402344
1327.2,right,1,53070,0.0,71.18299865722656,71.2030029296875
1327.2,right,2,53070,0.0,91.22899627685547,92.01200103759766
1327.2,right,3,53070,0.0,104.01399993896484,104.03299713134766
1327.2,right,4,53070,0.0,97.0510025024414,97.0510025024414
1327.2,right,5,53070,0.0,94.22699737548828,95.02799987792969
1327.2,right,6,53070,0.0,94.25499725341797,95.01799774169922
1327.2,right,7,53070,0.0,86.16799926757812,86.16799926757812
1332.3,right,0,53274,0.0,55.21799850463867,55.237998962402344
1332.3,right,1,53274,0.0,71.18299865722656,71.2030029296875
1332.3,right,2,53274,0.0,91.2490005493164,92.01200103759766
1332.3,right,3,53274,0.0,104.01399993896484,104.03299713134766
1332.3,right,4,53274,0.0,97.03099822998047,97.0510025024414
1332.3,right,5,53274,0.0,94.24600219726562,95.02799987792969
1332.3,right,6,53273,0.0,94.25499725341797,95.01799774169922
1332.3,right,7,53273,0.0,86.14800262451172,86.16799926757812
1337.4,right,0,53477,0.0,55.21799850463867,55.237998962402344
1337.4,right,1,53477,0.0,71.18299865722656,71.2030029296875
1337.4,right,2,53476,0.0,91.2490005493164,92.01200103759766
1337.4,right,3,53476,0.0,104.01399993896484,104.03299713134766
1337.4,right,4,53476,0.0,97.0510025024414,97.0510025024414
1337.4,right,5,53476,0.0,94.24600219726562,95.02799987792969
1337.4,right,6,53476,0.0,94.25499725341797,95.01799774169922
1337.4,right,7,53476,0.0,86.14800262451172,86.16799926757812
1342.4,right,0,53678,0.0,55.19900131225586,55.237998962402344
1342.4,right,1,53678,0.0,71.18299865722656,71.2030029296875
1342.4,right,2,53678,0.0,91.2490005493164,92.01200103759766
1342.4,right,3,53678,0.0,104.01399993896484,104.03299713134766
1342.4,right,4,53677,0.0,97.0510025024414,97.0510025024414
1342.4,right,5,53677,0.0,95.00900268554688,95.02799987792969
1342.4,right,6,53677,0.0,94.25499725341797,95.01799774169922
1342.4,right,7,53677,0.0,86.14800262451172,86.16799926757812
1347.4,right,0,53879,0.0,55.19900131225586,55.237998962402344
1347.4,right,1,53879,0.0,71.18299865722656,71.2030029296875
1347.4,right,2,53879,0.0,91.2490005493164,92.01200103759766
1347.4,right,3,53879,0.0,104.01399993896484,104.03299713134766
1347.4,right,4,53879,0.0,97.0510025024414,97.0510025024414
1347.4,right,5,53879,0.0,95.00900268554688,95.02799987792969
1347.4,right,6,53878,0.0,94.25499725341797,95.01799774169922
1347.4,right,7,53878,0.0,86.16799926757812,86.16799926757812
1352.5,right,0,54080,0.0,55.19900131225586,55.237998962402344
1352.5,right,1,54080,0.0,71.18299865722656,71.2030029296875
1352.5,right,2,54080,0.0,91.2490005493164,92.01200103759766
1352.5,right,3,54080,0.0,104.01399993896484,104.03299713134766
1352.5,right,4,54080,0.0,97.06999969482422,97.06999969482422
1352.5,right,5,54080,0.0,94.24600219726562,95.02799987792969
1352.5,right,6,54080,0.0,94.25499725341797,95.01799774169922
1352.5,right,7,54080,0.0,86.14800262451172,86.18699645996094
1357.5,right,0,54283,0.0,55.21799850463867,55.237998962402344
1357.5,right,1,54283,0.0,71.18299865722656,71.2030029296875
1357.5,right,2,54283,0.0,91.2490005493164,92.01200103759766
1357.5,right,3,54283,0.0,104.01399993896484,104.03299713134766
1357.5,right,4,54282,0.0,97.06999969482422,97.06999969482422
1357.5,right,5,54282,0.0,95.00900268554688,95.02799987792969
1357.5,right,6,54282,0.0,94.25499725341797,95.01799774169922
1357.5,right,7,54282,0.0,86.14800262451172,86.18699645996094
1362.5,right,0,54484,0.0,55.21799850463867,55.237998962402344
1362.5,right,1,54484,0.0,71.18299865722656,71.2030029296875
1362.5,right,2,54484,0.0,91.2490005493164,92.01200103759766
1362.5,right,3,54484,0.0,104.01399993896484,104.03299713134766
1362.5,right,4,54484,0.0,97.06999969482422,97.06999969482422
1362.5,right,5,54484,0.0,95.00900268554688,95.02799987792969
1362.5,right,6,54483,0.0,94.25499725341797,95.01799774169922
1362.5,right,7,54483,0.0,86.16799926757812,86.18699645996094
1367.6,right,0,54685,0.0,55.21799850463867,55.237998962402344
1367.6,right,1,54685,0.0,71.18299865722656,71.2030029296875
1367.6,right,2,54685,0.0,91.2490005493164,92.01200103759766
1367.6,right,3,54685,0.0,104.01399993896484,104.03299713134766
1367.6,right,4,54685,0.0,97.06999969482422,97.06999969482422
1367.6,right,5,54685,0.0,95.00900268554688,95.02799987792969
1367.6,right,6,54685,0.0,95.01799774169922,95.01799774169922
1367.6,right,7,54685,0.0,86.18699645996094,86.18699645996094
1372.6,right,0,54887,0.0,55.19900131225586,55.237998962402344
1372.6,right,1,54887,0.0,71.18299865722656,71.2030029296875
1372.6,right,2,54886,0.0,91.2490005493164,92.01200103759766
1372.6,right,3,54886,0.0,104.03299713134766,104.03299713134766
1372.6,right,4,54886,0.0,97.08899688720703,97.08899688720703
1372.6,right,5,54886,0.0,95.00900268554688,95.02799987792969
1372.6,right,6,54886,0.0,94.25499725341797,95.03700256347656
1372.6,right,7,54886,0.0,86.18699645996094,86.18699645996094
1377.7,right,0,55089,0.0,55.21799850463867,55.237998962402344
1377.7,right,1,55089,0.0,71.18299865722656,71.2030029296875
1377.7,right,2,55089,0.0,91.2490005493164,92.01200103759766
1377.7,right,3,55089,0.0,104.01399993896484,104.03299713134766
1377.7,right,4,55089,0.0,97.08899688720703,97.08899688720703
1377.7,right,5,55089,0.0,94.24600219726562,95.02799987792969
1377.7,right,6,55088,0.0,94.25499725341797,95.03700256347656
1377.7,right,7,55088,0.0,86.18699645996094,86.18699645996094
1382.7,right,0,55292,0.0,55.21799850463867,55.237998962402344
1382.7,right,1,55292,0.0,71.18299865722656,71.2030029296875
1382.7,right,2,55291,0.0,92.01200103759766,92.01200103759766
1382.7,right,3,55291,0.0,104.01399993896484,104.03299713134766
1382.7,right,4,55291,0.0,97.08899688720703,97.08899688720703
1382.7,right,5,55291,0.0,94.24600219726562,95.02799987792969
1382.7,right,6,55291,0.0,94.25499725341797,95.03700256347656
1382.7,right,7,55291,0.0,86.18699645996094,86.18699645996094
1387.8,right,0,55493,0.0,55.21799850463867,55.237998962402344
1387.8,right,1,55493,0.0,71.2030029296875,71.2030029296875
1387.8,right,2,55493,0.0,92.01200103759766,92.01200103759766
1387.8,right,3,55493,0.0,104.03299713134766,104.03299713134766
1387.8,right,4,55492,0.0,97.08899688720703,97.08899688720703
1387.8,right,5,55492,0.0,94.24600219726562,95.02799987792969
1387.8,right,6,55492,0.0,94.25499725341797,95.03700256347656
1387.8,right,7,55492,0.0,86.16799926757812,86.18699645996094
1392.8,right,0,55695,0.0,55.21799850463867,55.237998962402344
1392.8,right,1,55695,0.0,71.18299865722656,71.2030029296875
1392.8,right,2,55695,0.0,91.2490005493164,92.01200103759766
1392.8,right,3,55695,0.0,104.03299713134766,104.03299713134766
1392.8,right,4,55695,0.0,97.08899688720703,97.08899688720703
1392.8,right,5,55695,0.0,94.24600219726562,95.02799987792969
1392.8,right,6,55695,0.0,95.01799774169922,95.03700256347656
1392.8,right,7,55695,0.0,86.20600128173828,86.20600128173828
1397.9,right,0,55898,0.0,55.21799850463867,55.237998962402344
1397.9,right,1,55898,0.0,71.18299865722656,71.2030029296875
1397.9,right,2,55898,0.0,91.2490005493164,92.01200103759766
1397.9,right,3,55898,0.0,104.03299713134766,104.03299713134766
1397.9,right,4,55897,0.0,97.10900115966797,97.10900115966797
1397.9,right,5,55897,0.0,95.02799987792969,95.02799987792969
1397.9,right,6,55897,0.0,94.25499725341797,95.03700256347656
1397.9,right,7,55897,0.0,86.20600128173828,86.22599792480469
1402.9,right,0,56100,0.0,55.21799850463867,55.237998962402344
1402.9,right,1,56100,0.0,71.18299865722656,71.2030029296875
1402.9,right,2,56100,0.0,92.01200103759766,92.01200103759766
1402.9,right,3,56100,0.0,104.03299713134766,104.0530014038086
1402.9,right,4,56100,0.0,97.08899688720703,97.10900115966797
1402.9,right,5,56100,0.0,95.02799987792969,95.02799987792969
1402.9,right,6,56100,0.0,95.01799774169922,95.03700256347656
1402.9,right,7,56100,0.0,86.20600128173828,86.22599792480469
1408.0,right,0,56302,0.0,55.21799850463867,55.237998962402344
1408.0,right,1,56302,0.0,71.18299865722656,71.2030029296875
1408.0,right,2,56301,0.0,92.01200103759766,92.01200103759766
1408.0,right,3,56301,0.0,104.03299713134766,104.0530014038086
1408.0,right,4,56301,0.0,97.06999969482422,97.10900115966797
1408.0,right,5,56301,0.0,95.00900268554688,95.02799987792969
1408.0,right,6,56301,0.0,95.03700256347656,95.03700256347656
1408.0,right,7,56301,0.0,86.20600128173828,86.22599792480469
1413.1,right,0,56505,0.0,55.21799850463867,55.237998962402344
1413.1,right,1,56505,0.0,71.18299865722656,71.2030029296875
1413.1,right,2,56505,0.0,92.01200103759766,92.01200103759766
1413.1,right,3,56505,0.0,104.03299713134766,104.0530014038086
1413.1,right,4,56505,0.0,97.08899688720703,97.10900115966797
1413.1,right,5,56505,0.0,95.00900268554688,95.02799987792969
1413.1,right,6,56505,0.0,95.05699920654297,95.05699920654297
1413.1,right,7,56505,0.0,86.22599792480469,86.22599792480469
1418.1,right,0,56707,0.0,55.21799850463867,55.237998962402344
1418.1,right,1,56707,0.0,71.18299865722656,71.2030029296875
1418.1,right,2,56706,0.0,91.2490005493164,92.01200103759766
1418.1,right,3,56706,0.0,104.03299713134766,104.0530014038086
1418.1,right,4,56706,0.0,97.08899688720703,97.10900115966797
1418.1,right,5,56706,0.0,95.02799987792969,95.02799987792969
1418.1,right,6,56706,0.0,95.03700256347656,95.05699920654297
1418.1,right,7,56706,0.0,86.20600128173828,86.22599792480469
1423.2,right,0,56909,0.0,55.21799850463867,55.237998962402344
1423.2,right,1,56909,0.0,71.18299865722656,71.2030029296875
1423.2,right,2,56909,0.0,92.01200103759766,92.01200103759766
1423.2,right,3,56909,0.0,104.03299713134766,104.0530014038086
1423.2,right,4,56909,0.0,97.08899688720703,97.10900115966797
1423.2,right,5,56909,0.0,95.02799987792969,95.02799987792969
1423.2,right,6,56908,0.0,95.03700256347656,95.05699920654297
1423.2,right,7,56908,0.0,86.18699645996094,86.22599792480469
1428.2,right,0,57110,0.0,55.21799850463867,55.237998962402344
1428.2,right,1,57110,0.0,71.18299865722656,71.2030029296875
1428.2,right,2,57110,0.0,92.01200103759766,92.01200103759766
1428.2,right,3,57110,0.0,104.0530014038086,104.0530014038086
1428.2,right,4,57110,0.0,97.08899688720703,97.10900115966797
1428.2,right,5,57110,0.0,95.02799987792969,95.02799987792969
1428.2,right,6,57110,0.0,95.03700256347656,95.05699920654297
1428.2,right,7,57110,0.0,86.16799926757812,86.22599792480469
1433.2,right,0,57310,0.0,55.21799850463867,55.237998962402344
1433.2,right,1,57310,0.0,71.18299865722656,71.2030029296875
1433.2,right,2,57310,0.0,92.01200103759766,92.01200103759766
1433.2,right,3,57310,0.0,104.0530014038086,104.0719985961914
1433.2,right,4,57310,0.0,97.08899688720703,97.10900115966797
1433.2,right,5,57310,0.0,95.02799987792969,95.0469970703125
1433.2,right,6,57310,0.0,95.01799774169922,95.05699920654297
1433.2,right,7,57310,0.0,86.20600128173828,86.22599792480469
1438.3,right,0,57515,0.0,55.21799850463867,55.237998962402344
1438.3,right,1,57515,0.0,71.2030029296875,71.2030029296875
1438.3,right,2,57515,0.0,92.01200103759766,92.01200103759766
1438.3,right,3,57515,0.0,104.0530014038086,104.0719985961914
1438.3,right,4,57515,0.0,97.10900115966797,97.10900115966797
1438.3,right,5,57515,0.0,95.0469970703125,95.0469970703125
1438.3,right,6,57515,0.0,95.03700256347656,95.05699920654297
1438.3,right,7,57515,0.0,86.18699645996094,86.22599792480469
1443.4,right,0,57717,0.0,55.21799850463867,55.237998962402344
1443.4,right,1,57717,0.0,71.2030029296875,71.2030029296875
1443.4,right,2,57716,0.0,92.01200103759766,92.01200103759766
1443.4,right,3,57716,0.0,104.0530014038086,104.0719985961914
1443.4,right,4,57716,0.0,97.10900115966797,97.10900115966797
1443.4,right,5,57716,0.0,95.0469970703125,95.0469970703125
1443.4,right,6,57716,0.0,95.03700256347656,95.05699920654297
1443.4,right,7,57716,0.0,86.18699645996094,86.22599792480469
1448.4,right,0,57918,0.0,55.21799850463867,55.237998962402344
1448.4,right,1,57918,0.0,71.2030029296875,71.2030029296875
1448.4,right,2,57918,0.0,92.03099822998047,92.03099822998047
1448.4,right,3,57918,0.0,104.0530014038086,104.0719985961914
1448.4,right,4,57917,0.0,97.10900115966797,97.10900115966797
1448.4,right,5,57917,0.0,95.0469970703125,95.06700134277344
1448.4,right,6,57917,0.0,95.01799774169922,95.05699920654297
1448.4,right,7,57917,0.0,86.16799926757812,86.22599792480469
1453.4,right,0,58120,0.0,55.21799850463867,55.237998962402344
1453.4,right,1,58120,0.0,71.2030029296875,71.2030029296875
1453.4,right,2,58120,0.0,92.03099822998047,92.03099822998047
1453.4,right,3,58120,0.0,104.0530014038086,104.0719985961914
1453.4,right,4,58120,0.0,97.08899688720703,97.10900115966797
1453.4,right,5,58120,0.0,95.0469970703125,95.06700134277344
1453.4,right,6,58120,0.0,95.03700256347656,95.05699920654297
1453.4,right,7,58120,0.0,86.20600128173828,86.22599792480469
1458.5,right,0,58322,0.0,55.21799850463867,55.237998962402344
1458.5,right,1,58322,0.0,71.2030029296875,71.2030029296875
1458.5,right,2,58321,0.0,92.03099822998047,92.05000305175781
1458.5,right,3,58321,0.0,104.0719985961914,104.0719985961914
1458.5,right,4,58321,0.0,97.10900115966797,97.10900115966797
1458.5,right,5,58321,0.0,95.0469970703125,95.06700134277344
1458.5,right,6,58321,0.0,95.05699920654297,95.05699920654297
1458.5,right,7,58321,0.0,86.20600128173828,86.22599792480469
1463.6,right,0,58528,0.0,55.21799850463867,55.237998962402344
1463.6,right,1,58528,0.0,71.18299865722656,71.2030029296875
1463.6,right,2,58528,0.0,92.05000305175781,92.05000305175781
1463.6,right,3,58528,0.0,104.0719985961914,104.0719985961914
1463.6,right,4,58527,0.0,97.12799835205078,97.12799835205078
1463.6,right,5,58527,0.0,95.06700134277344,95.06700134277344
1463.6,right,6,58527,0.0,95.03700256347656,95.05699920654297
1463.6,right,7,58527,0.0,86.20600128173828,86.22599792480469
1468.7,right,0,58730,0.0,55.21799850463867,55.237998962402344
1468.7,right,1,58730,0.0,71.2030029296875,71.2030029296875
1468.7,right,2,58730,0.0,92.05000305175781,92.05000305175781
1468.7,right,3,58730,0.0,104.0719985961914,104.0719985961914
1468.7,right,4,58730,0.0,97.12799835205078,97.14800262451172
1468.7,right,5,58730,0.0,95.0469970703125,95.06700134277344
1468.7,right,6,58730,0.0,95.01799774169922,95.05699920654297
1468.7,right,7,58730,0.0,86.18699645996094,86.22599792480469
1473.7,right,0,58932,0.0,55.21799850463867,55.237998962402344
1473.7,right,1,58932,0.0,71.2030029296875,71.2030029296875
1473.7,right,2,58931,0.0,92.05000305175781,92.05000305175781
1473.7,right,3,58931,0.0,104.0719985961914,104.0719985961914
1473.7,right,4,58931,0.0,97.14800262451172,97.14800262451172
1473.7,right,5,58931,0.0,95.06700134277344,95.06700134277344
1473.7,right,6,58931,0.0,94.25499725341797,95.05699920654297
1473.7,right,7,58931,0.0,86.18699645996094,86.22599792480469
1478.8,right,0,59134,0.0,55.21799850463867,55.237998962402344
1478.8,right,1,59134,0.0,71.2030029296875,71.22200012207031
1478.8,right,2,59134,0.0,92.03099822998047,92.05000305175781
1478.8,right,3,59134,0.0,104.09100341796875,104.09100341796875
1478.8,right,4,59134,0.0,97.14800262451172,97.14800262451172
1478.8,right,5,59134,0.0,95.0469970703125,95.06700134277344
1478.8,right,6,59133,0.0,94.25499725341797,95.05699920654297
1478.8,right,7,59133,0.0,86.20600128173828,86.22599792480469
1483.8,right,0,59335,0.0,55.21799850463867,55.237998962402344
1483.8,right,1,59335,0.0,71.2030029296875,71.22200012207031
1483.8,right,2,59335,0.0,92.05000305175781,92.05000305175781
1483.8,right,3,59335,0.0,104.11100006103516,104.11100006103516
1483.8,right,4,59335,0.0,97.12799835205078,97.14800262451172
1483.8,right,5,59335,0.0,95.0469970703125,95.06700134277344
1483.8,right,6,59335,0.0,95.03700256347656,95.05699920654297
1483.8,right,7,59335,0.0,86.20600128173828,86.22599792480469
1488.9,right,0,59538,0.0,55.237998962402344,55.237998962402344
1488.9,right,1,59538,0.0,71.2030029296875,71.22200012207031
1488.9,right,2,59538,0.0,92.03099822998047,92.05000305175781
1488.9,right,3,59538,0.0,104.09100341796875,104.11100006103516
1488.9,right,4,59537,0.0,97.14800262451172,97.14800262451172
1488.9,right,5,59537,0.0,95.0469970703125,95.06700134277344
1488.9,right,6,59537,0.0,95.03700256347656,95.05699920654297
1488.9,right,7,59537,0.0,86.20600128173828,86.22599792480469
1493.9,right,0,59739,0.0,55.21799850463867,55.237998962402344
1493.9,right,1,59739,0.0,71.2030029296875,71.22200012207031
1493.9,right,2,59739,0.0,92.05000305175781,92.05000305175781
1493.9,right,3,59739,0.0,104.09100341796875,104.11100006103516
1493.9,right,4,59739,0.0,97.14800262451172,97.14800262451172
1493.9,right,5,59739,0.0,95.0469970703125,95.06700134277344
1493.9,right,6,59738,0.0,95.05699920654297,95.05699920654297
1493.9,right,7,59738,0.0,86.20600128173828,86.22599792480469
1499.0,right,0,59940,0.0,55.21799850463867,55.237998962402344
1499.0,right,1,59940,0.0,71.2030029296875,71.22200012207031
1499.0,right,2,59940,0.0,92.03099822998047,92.05000305175781
1499.0,right,3,59940,0.0,104.09100341796875,104.11100006103516
1499.0,right,4,59940,0.0,97.16699981689453,97.16699981689453
1499.0,right,5,59940,0.0,95.02799987792969,95.06700134277344
1499.0,right,6,59940,0.0,95.03700256347656,95.05699920654297
1499.0,right,7,59940,0.0,86.24500274658203,86.24500274658203
1504.0,right,0,60142,0.0,55.237998962402344,55.237998962402344
1504.0,right,1,60142,0.0,71.2030029296875,71.22200012207031
1504.0,right,2,60141,0.0,92.03099822998047,92.05000305175781
1504.0,right,3,60141,0.0,104.11100006103516,104.11100006103516
1504.0,right,4,60141,0.0,97.16699981689453,97.16699981689453
1504.0,right,5,60141,0.0,95.02799987792969,95.06700134277344
1504.0,right,6,60141,0.0,95.03700256347656,95.05699920654297
1504.0,right,7,60141,0.0,86.22599792480469,86.24500274658203
1509.0,right,0,60344,0.0,55.237998962402344,55.237998962402344
1509.0,right,1,60344,0.0,71.2030029296875,71.22200012207031
1509.0,right,2,60344,0.0,92.03099822998047,92.05000305175781
1509.0,right,3,60344,0.0,104.11100006103516,104.11100006103516
1509.0,right,4,60344,0.0,97.14800262451172,97.16699981689453
1509.0,right,5,60344,0.0,95.0469970703125,95.06700134277344
1509.0,right,6,60343,0.0,95.03700256347656,95.05699920654297
1509.0,right,7,60343,0.0,86.20600128173828,86.24500274658203
1514.1,right,0,60545,0.0,55.237998962402344,56.000999450683594
1514.1,right,1,60545,0.0,71.2030029296875,71.22200012207031
1514.1,right,2,60545,0.0,92.03099822998047,92.05000305175781
1514.1,right,3,60545,0.0,104.11100006103516,104.11100006103516
1514.1,right,4,60545,0.0,97.16699981689453,97.16699981689453
1514.1,right,5,60545,0.0,95.06700134277344,95.06700134277344
1514.1,right,6,60545,0.0,95.05699920654297,95.05699920654297
1514.1,right,7,60545,0.0,86.20600128173828,86.24500274658203
1519.2,right,0,60748,0.0,55.237998962402344,56.000999450683594
1519.2,right,1,60748,0.0,71.22200012207031,71.22200012207031
1519.2,right,2,60748,0.0,92.03099822998047,92.05000305175781
1519.2,right,3,60748,0.0,104.11100006103516,104.12999725341797
1519.2,right,4,60747,0.0,97.16699981689453,97.16699981689453
1519.2,right,5,60747,0.0,95.06700134277344,95.06700134277344
1519.2,right,6,60747,0.0,95.05699920654297,95.05699920654297
1519.2,right,7,60747,0.0,86.20600128173828,86.24500274658203
1524.2,right,0,60950,0.0,56.237998962402344,56.237998962402344
1524.2,right,1,60950,0.0,71.2030029296875,71.22200012207031
1524.2,right,2,60950,0.0,92.05000305175781,92.05000305175781
1524.2,right,3,60950,0.0,104.11100006103516,104.12999725341797
1524.2,right,4,60950,0.0,97.14800262451172,97.16699981689453
1524.2,right,5,60950,0.0,95.0469970703125,95.06700134277344
1524.2,right,6,60950,0.0,95.05699920654297,95.05699920654297
1524.2,right,7,60950,0.0,86.20600128173828,86.24500274658203
1529.3,right,0,61153,0.0,55.237998962402344,56.237998962402344
1529.3,right,1,61153,0.0,71.2030029296875,71.22200012207031
1529.3,right,2,61153,0.0,92.05000305175781,92.05000305175781
1529.3,right,3,61153,0.0,104.12999725341797,104.12999725341797
1529.3,right,4,61152,0.0,97.14800262451172,97.16699981689453
1529.3,right,5,61152,0.0,95.06700134277344,95.06700134277344
1529.3,right,6,61152,0.0,95.05699920654297,95.07599639892578
1529.3,right,7,61152,0.0,86.22599792480469,86.24500274658203
1534.3,right,0,61355,0.0,55.237998962402344,56.237998962402344
1534.3,right,1,61355,0.0,71.2030029296875,71.22200012207031
1534.3,right,2,61355,0.0,92.03099822998047,92.05000305175781
1534.3,right,3,61355,0.0,104.12999725341797,104.12999725341797
1534.3,right,4,61355,0.0,97.14800262451172,97.16699981689453
1534.3,right,5,61355,0.0,95.06700134277344,95.08599853515625
1534.3,right,6,61355,0.0,95.05699920654297,95.07599639892578
1534.3,right,7,61355,0.0,86.22599792480469,86.24500274658203
1539.4,right,0,61557,0.0,55.237998962402344,56.237998962402344
1539.4,right,1,61557,0.0,71.2030029296875,71.22200012207031
1539.4,right,2,61556,0.0,92.03099822998047,92.05000305175781
1539.4,right,3,61556,0.0,104.12999725341797,104.12999725341797
1539.4,right,4,61556,0.0,97.14800262451172,97.16699981689453
1539.4,right,5,61556,0.0,95.0469970703125,95.08599853515625
1539.4,right,6,61556,0.0,95.07599639892578,95.09500122070312
1539.4,right,7,61556,0.0,86.24500274658203,86.24500274658203
1544.4,right,0,61759,0.0,55.237998962402344,56.237998962402344
1544.4,right,1,61759,0.0,71.2030029296875,71.22200012207031
1544.4,right,2,61759,0.0,92.03099822998047,92.05000305175781
1544.4,right,3,61759,0.0,104.12999725341797,104.12999725341797
1544.4,right,4,61759,0.0,97.16699981689453,97.16699981689453
1544.4,right,5,61759,0.0,95.06700134277344,95.08599853515625
1544.4,right,6,61758,0.0,95.09500122070312,95.09500122070312
1544.4,right,7,61758,0.0,86.20600128173828,86.24500274658203
1549.4,right,0,61960,0.0,55.237998962402344,56.237998962402344
1549.4,right,1,61960,0.0,71.2030029296875,71.22200012207031
1549.4,right,2,61960,0.0,92.03099822998047,92.05000305175781
1549.4,right,3,61960,0.0,104.12999725341797,104.12999725341797
1549.4,right,4,61960,0.0,97.16699981689453,97.16699981689453
1549.4,right,5,61960,0.0,95.06700134277344,95.08599853515625
1549.4,right,6,61960,0.0,95.09500122070312,95.09500122070312
1549.4,right,7,61960,0.0,86.22599792480469,86.24500274658203
1554.5,right,0,62163,0.0,55.237998962402344,56.237998962402344
1554.5,right,1,62163,0.0,71.2030029296875,71.22200012207031
1554.5,right,2,62163,0.0,92.05000305175781,92.05000305175781
1554.5,right,3,62163,0.0,104.12999725341797,104.12999725341797
1554.5,right,4,62162,0.0,97.16699981689453,97.16699981689453
1554.5,right,5,62162,0.0,95.06700134277344,95.08599853515625
1554.5,right,6,62162,0.0,95.07599639892578,95.09500122070312
1554.5,right,7,62162,0.0,86.24500274658203,86.24500274658203
1559.6,right,0,62365,0.0,55.21799850463867,56.237998962402344
1559.6,right,1,62365,0.0,71.22200012207031,71.22200012207031
1559.6,right,2,62365,0.0,92.05000305175781,92.05000305175781
1559.6,right,3,62365,0.0,104.12999725341797,104.12999725341797
1559.6,right,4,62365,0.0,97.16699981689453,97.16699981689453
1559.6,right,5,62365,0.0,95.1050033569336,95.1050033569336
1559.6,right,6,62365,0.0,95.05699920654297,95.09500122070312
1559.6,right,7,62365,0.0,86.20600128173828,86.24500274658203
1564.6,right,0,62567,0.0,55.237998962402344,56.237998962402344
1564.6,right,1,62567,0.0,71.22200012207031,71.22200012207031
1564.6,right,2,62566,0.0,92.05000305175781,92.05000305175781
1564.6,right,3,62566,0.0,104.12999725341797,104.12999725341797
1564.6,right,4,62566,0.0,97.16699981689453,97.18599700927734
1564.6,right,5,62566,0.0,95.08599853515625,95.1050033569336
1564.6,right,6,62566,0.0,95.07599639892578,95.09500122070312
1564.6,right,7,62566,0.0,86.20600128173828,86.24500274658203
1569.7,right,0,62769,0.0,55.21799850463867,56.237998962402344
1569.7,right,1,62769,0.0,71.2030029296875,71.22200012207031
1569.7,right,2,62769,0.0,92.05000305175781,92.05000305175781
1569.7,right,3,62769,0.0,104.12999725341797,104.12999725341797
1569.7,right,4,62769,0.0,97.16699981689453,97.18599700927734
1569.7,right,5,62769,0.0,95.08599853515625,95.1050033569336
1569.7,right,6,62768,0.0,95.07599639892578,95.09500122070312
1569.7,right,7,62768,0.0,86.20600128173828,86.24500274658203
1574.7,right,0,62970,0.0,55.21799850463867,56.237998962402344
1574.7,right,1,62970,0.0,71.2030029296875,71.22200012207031
1574.7,right,2,62970,0.0,92.05000305175781,92.05000305175781
1574.7,right,3,62970,0.0,104.14900207519531,104.14900207519531
1574.7,right,4,62970,0.0,97.16699981689453,97.18599700927734
1574.7,right,5,62970,0.0,95.08599853515625,95.1050033569336
1574.7,right,6,62970,0.0,95.07599639892578,95.09500122070312
1574.7,right,7,62970,0.0,86.22599792480469,86.24500274658203
1579.7,right,0,63172,0.0,55.237998962402344,56.237998962402344
1579.7,right,1,63172,0.0,71.2030029296875,71.22200012207031
1579.7,right,2,63171,0.0,92.03099822998047,92.05000305175781
1579.7,right,3,63171,0.0,104.11100006103516,104.14900207519531
1579.7,right,4,63171,0.0,97.16699981689453,97.18599700927734
1579.7,right,5,63171,0.0,95.08599853515625,95.1050033569336
1579.7,right,6,63171,0.0,95.09500122070312,95.09500122070312
1579.7,right,7,63171,0.0,86.22599792480469,86.24500274658203
1584.8,right,0,63375,0.0,55.237998962402344,56.237998962402344
1584.8,right,1,63375,0.0,71.2030029296875,71.22200012207031
1584.8,right,2,63375,0.0,92.05000305175781,92.05000305175781
1584.8,right,3,63375,0.0,104.12999725341797,104.14900207519531
1584.8,right,4,63375,0.0,97.16699981689453,97.18599700927734
1584.8,right,5,63375,0.0,95.08599853515625,95.1050033569336
1584.8,right,6,63375,0.0,95.09500122070312,95.09500122070312
1584.8,right,7,63375,0.0,87.00900268554688,87.00900268554688
1589.9,right,0,63577,0.0,55.237998962402344,56.237998962402344
1589.9,right,1,63577,0.0,71.22200012207031,71.22200012207031
1589.9,right,2,63576,0.0,92.05000305175781,92.05000305175781
1589.9,right,3,63576,0.0,104.12999725341797,104.14900207519531
1589.9,right,4,63576,0.0,97.16699981689453,97.18599700927734
1589.9,right,5,63576,0.0,95.08599853515625,95.1050033569336
1589.9,right,6,63576,0.0,95.11499786376953,95.11499786376953
1589.9,right,7,63576,0.0,86.24500274658203,87.00900268554688
1595.0,right,0,63780,0.0,55.237998962402344,56.237998962402344
1595.0,right,1,63780,0.0,71.2030029296875,71.22200012207031
1595.0,right,2,63780,0.0,92.05000305175781,92.05000305175781
1595.0,right,3,63780,0.0,104.11100006103516,104.14900207519531
1595.0,right,4,63780,0.0,97.16699981689453,97.18599700927734
1595.0,right,5,63780,0.0,95.1050033569336,95.1050033569336
1595.0,right,6,63780,0.0,95.11499786376953,95.11499786376953
1595.0,right,7,63780,0.0,87.00900268554688,87.00900268554688
1600.0,right,0,63982,0.0,55.21799850463867,56.237998962402344
1600.0,right,1,63982,0.0,71.22200012207031,71.22200012207031
1600.0,right,2,63981,0.0,92.06999969482422,92.06999969482422
1600.0,right,3,63981,0.0,104.12999725341797,104.14900207519531
1600.0,right,4,63981,0.0,97.18599700927734,97.18599700927734
1600.0,right,5,63981,0.0,95.1050033569336,95.1050033569336
1600.0,right,6,63981,0.0,95.09500122070312,95.11499786376953
1600.0,right,7,63981,0.0,86.22599792480469,87.00900268554688
1605.0,right,0,64184,0.0,55.237998962402344,56.237998962402344
1605.0,right,1,64184,0.0,71.2030029296875,71.22200012207031
1605.0,right,2,64184,0.0,92.05000305175781,92.06999969482422
1605.0,right,3,64184,0.0,104.14900207519531,104.14900207519531
1605.0,right,4,64184,0.0,97.18599700927734,97.18599700927734
1605.0,right,5,64184,0.0,95.1050033569336,95.1050033569336
1605.0,right,6,64183,0.0,95.11499786376953,95.11499786376953
1605.0,right,7,64183,0.0,86.24500274658203,87.00900268554688
1610.1,right,0,64385,0.0,55.237998962402344,56.237998962402344
1610.1,right,1,64385,0.0,71.2030029296875,71.22200012207031
1610.1,right,2,64385,0.0,92.06999969482422,92.06999969482422
1610.1,right,3,64385,0.0,104.12999725341797,104.14900207519531
1610.1,right,4,64385,0.0,97.18599700927734,97.18599700927734
1610.1,right,5,64385,0.0,95.1050033569336,95.1050033569336
1610.1,right,6,64385,0.0,95.11499786376953,95.11499786376953
1610.1,right,7,64385,0.0,87.00900268554688,87.00900268554688
1615.1,right,0,64588,0.0,55.237998962402344,56.237998962402344
1615.1,right,1,64588,0.0,71.2030029296875,71.22200012207031
1615.1,right,2,64588,0.0,92.06999969482422,92.08899688720703
1615.1,right,3,64588,0.0,104.11100006103516,104.14900207519531
1615.1,right,4,64587,0.0,97.18599700927734,97.18599700927734
1615.1,right,5,64587,0.0,95.1050033569336,95.1050033569336
1615.1,right,6,64587,0.0,95.09500122070312,95.11499786376953
1615.1,right,7,64587,0.0,86.24500274658203,87.00900268554688
1620.2,right,0,64792,0.0,55.21799850463867,56.237998962402344
1620.2,right,1,64792,0.0,71.2030029296875,71.22200012207031
1620.2,right,2,64791,0.0,92.06999969482422,92.08899688720703
1620.2,right,3,64791,0.0,104.12999725341797,104.14900207519531
1620.2,right,4,64791,0.0,97.18599700927734,97.18599700927734
1620.2,right,5,64791,0.0,95.08599853515625,95.1050033569336
1620.2,right,6,64791,0.0,95.09500122070312,95.11499786376953
1620.2,right,7,64791,0.0,87.00900268554688,87.00900268554688
1625.3,right,0,64993,0.0,55.237998962402344,56.237998962402344
1625.3,right,1,64993,0.0,71.2030029296875,71.22200012207031
1625.3,right,2,64993,0.0,92.06999969482422,92.08899688720703
1625.3,right,3,64993,0.0,104.12999725341797,104.14900207519531
1625.3,right,4,64992,0.0,97.20600128173828,97.20600128173828
1625.3,right,5,64992,0.0,95.1050033569336,95.1050033569336
1625.3,right,6,64992,0.0,95.09500122070312,95.11499786376953
1625.3,right,7,64992,0.0,87.00900268554688,87.00900268554688
1630.4,right,0,65197,0.0,55.237998962402344,56.237998962402344
1630.4,right,1,65197,0.0,71.2030029296875,71.22200012207031
1630.4,right,2,65196,0.0,92.06999969482422,92.08899688720703
1630.4,right,3,65196,0.0,104.12999725341797,104.14900207519531
1630.4,right,4,65196,0.0,97.18599700927734,97.20600128173828
1630.4,right,5,65196,0.0,95.08599853515625,95.1050033569336
1630.4,right,6,65196,0.0,95.09500122070312,95.11499786376953
1630.4,right,7,65196,0.0,87.00900268554688,87.00900268554688
1635.4,right,0,65399,0.0,55.237998962402344,56.237998962402344
1635.4,right,1,65399,0.0,71.2030029296875,71.22200012207031
1635.4,right,2,65399,0.0,92.06999969482422,92.08899688720703
1635.4,right,3,65399,0.0,104.12999725341797,104.14900207519531
1635.4,right,4,65399,0.0,97.18599700927734,97.20600128173828
1635.4,right,5,65399,0.0,95.1050033569336,95.1050033569336
1635.4,right,6,65398,0.0,95.09500122070312,95.11499786376953
1635.4,right,7,65398,0.0,86.22599792480469,87.00900268554688
1640.4,right,0,65600,0.0,55.237998962402344,56.237998962402344
1640.4,right,1,65600,0.0,71.2030029296875,71.22200012207031
1640.4,right,2,65600,0.0,92.06999969482422,92.08899688720703
1640.4,right,3,65600,0.0,104.14900207519531,104.14900207519531
1640.4,right,4,65600,0.0,97.18599700927734,97.20600128173828
1640.4,right,5,65600,0.0,95.1050033569336,95.1050033569336
1640.4,right,6,65600,0.0,95.07599639892578,95.11499786376953
1640.4,right,7,65600,0.0,86.22599792480469,87.00900268554688
1645.5,right,0,65802,0.0,55.237998962402344,56.237998962402344
1645.5,right,1,65802,0.0,71.22200012207031,71.22200012207031
1645.5,right,2,65801,0.0,92.06999969482422,92.08899688720703
1645.5,right,3,65801,0.0,104.14900207519531,104.14900207519531
1645.5,right,4,65801,0.0,97.20600128173828,97.20600128173828
1645.5,right,5,65801,0.0,95.08599853515625,95.1050033569336
1645.5,right,6,65801,0.0,95.05699920654297,95.11499786376953
1645.5,right,7,65801,0.0,86.22599792480469,87.00900268554688
1650.6,right,0,66005,0.0,55.237998962402344,56.237998962402344
1650.6,right,1,66005,0.0,71.22200012207031,71.22200012207031
1650.6,right,2,66005,0.0,92.06999969482422,92.08899688720703
1650.6,right,3,66005,0.0,104.14900207519531,104.14900207519531
1650.6,right,4,66005,0.0,97.20600128173828,97.20600128173828
1650.6,right,5,66005,0.0,95.1050033569336,95.1050033569336
1650.6,right,6,66005,0.0,95.03700256347656,95.11499786376953
1650.6,right,7,66005,0.0,86.22599792480469,87.00900268554688
1655.6,right,0,66205,0.0,55.237998962402344,56.237998962402344
1655.6,right,1,66205,0.0,71.22200012207031,71.24099731445312
1655.6,right,2,66205,0.0,92.08899688720703,92.08899688720703
1655.6,right,3,66205,0.0,104.14900207519531,104.14900207519531
1655.6,right,4,66205,0.0,97.20600128173828,97.20600128173828
1655.6,right,5,66205,0.0,95.1050033569336,95.1050033569336
1655.6,right,6,66205,0.0,95.05699920654297,95.11499786376953
1655.6,right,7,66205,0.0,86.22599792480469,87.00900268554688
1660.6,right,0,66408,0.0,55.21799850463867,56.237998962402344
1660.6,right,1,66408,0.0,71.22200012207031,71.24099731445312
1660.6,right,2,66408,0.0,92.06999969482422,92.08899688720703
1660.6,right,3,66408,0.0,104.14900207519531,104.14900207519531
1660.6,right,4,66407,0.0,97.20600128173828,97.20600128173828
1660.6,right,5,66407,0.0,95.1050033569336,95.1050033569336
1660.6,right,6,66407,0.0,95.05699920654297,95.11499786376953
1660.6,right,7,66407,0.0,86.22599792480469,87.00900268554688
1665.7,right,0,66609,0.0,55.237998962402344,56.237998962402344
1665.7,right,1,66609,0.0,71.24099731445312,71.24099731445312
1665.7,right,2,66609,0.0,92.06999969482422,92.08899688720703
1665.7,right,3,66609,0.0,104.14900207519531,104.14900207519531
1665.7,right,4,66609,0.0,97.18599700927734,97.20600128173828
1665.7,right,5,66609,0.0,95.1050033569336,95.1050033569336
1665.7,right,6,66608,0.0,95.07599639892578,95.11499786376953
1665.7,right,7,66608,0.0,86.24500274658203,87.00900268554688
1670.7,right,0,66812,0.0,55.237998962402344,56.237998962402344
1670.7,right,1,66812,0.0,71.24099731445312,71.24099731445312
1670.7,right,2,66811,0.0,92.06999969482422,92.08899688720703
1670.7,right,3,66811,0.0,104.14900207519531,104.16899871826172
1670.7,right,4,66811,0.0,97.20600128173828,97.20600128173828
1670.7,right,5,66811,0.0,95.1050033569336,95.1050033569336
1670.7,right,6,66811,0.0,95.09500122070312,95.11499786376953
1670.7,right,7,66811,0.0,86.24500274658203,87.00900268554688
1675.8,right,0,67014,0.0,55.237998962402344,56.237998962402344
1675.8,right,1,67014,0.0,71.24099731445312,71.24099731445312
1675.8,right,2,67014,0.0,92.06999969482422,92.08899688720703
1675.8,right,3,67014,0.0,104.16899871826172,104.16899871826172
1675.8,right,4,67014,0.0,97.20600128173828,97.20600128173828
1675.8,right,5,67014,0.0,95.08599853515625,95.1050033569336
1675.8,right,6,67013,0.0,95.09500122070312,95.11499786376953
1675.8,right,7,67013,0.0,87.00900268554688,87.00900268554688
1680.8,right,0,67215,0.0,55.237998962402344,56.237998962402344
1680.8,right,1,67215,0.0,71.24099731445312,71.24099731445312
1680.8,right,2,67215,0.0,92.06999969482422,92.08899688720703
1680.8,right,3,67215,0.0,104.16899871826172,104.16899871826172
1680.8,right,4,67215,0.0,97.20600128173828,97.20600128173828
1680.8,right,5,67215,0.0,95.1050033569336,95.1050033569336
1680.8,right,6,67215,0.0,95.11499786376953,95.11499786376953
1680.8,right,7,67215,0.0,87.00900268554688,87.00900268554688
1685.9,right,0,67418,0.0,55.237998962402344,56.237998962402344
1685.9,right,1,67418,0.0,71.24099731445312,71.24099731445312
1685.9,right,2,67418,0.0,92.08899688720703,92.08899688720703
1685.9,right,3,67418,0.0,104.16899871826172,104.16899871826172
1685.9,right,4,67417,0.0,97.20600128173828,97.20600128173828
1685.9,right,5,67417,0.0,95.1050033569336,95.1050033569336
1685.9,right,6,67417,0.0,95.09500122070312,95.11499786376953
1685.9,right,7,67417,0.0,87.00900268554688,87.02799987792969
1690.9,right,0,67620,0.0,55.237998962402344,56.237998962402344
1690.9,right,1,67620,0.0,71.22200012207031,71.24099731445312
1690.9,right,2,67620,0.0,92.08899688720703,92.10800170898438
1690.9,right,3,67620,0.0,104.16899871826172,104.18800354003906
1690.9,right,4,67620,0.0,97.20600128173828,97.20600128173828
1690.9,right,5,67620,0.0,95.1050033569336,95.1050033569336
1690.9,right,6,67620,0.0,95.09500122070312,95.11499786376953
1690.9,right,7,67620,0.0,87.02799987792969,87.02799987792969
1696.0,right,0,67820,0.0,55.237998962402344,56.237998962402344
1696.0,right,1,67820,0.0,71.22200012207031,71.24099731445312
1696.0,right,2,67820,0.0,92.06999969482422,92.10800170898438
1696.0,right,3,67820,0.0,104.16899871826172,104.18800354003906
1696.0,right,4,67820,0.0,97.20600128173828,97.2249984741211
1696.0,right,5,67820,0.0,95.1050033569336,95.1050033569336
1696.0,right,6,67820,0.0,95.11499786376953,95.11499786376953
1696.0,right,7,67820,0.0,87.02799987792969,87.02799987792969
1701.1,right,0,68025,0.0,56.000999450683594,56.237998962402344
1701.1,right,1,68025,0.0,71.24099731445312,71.24099731445312
1701.1,right,2,68025,0.0,92.06999969482422,92.10800170898438
1701.1,right,3,68025,0.0,104.18800354003906,104.18800354003906
1701.1,right,4,68025,0.0,97.20600128173828,97.2249984741211
1701.1,right,5,68025,0.0,95.08599853515625,95.1050033569336
1701.1,right,6,68025,0.0,95.11499786376953,95.11499786376953
1701.1,right,7,68025,0.0,87.02799987792969,87.02799987792969
1706.1,right,0,68227,0.0,56.000999450683594,56.237998962402344
1706.1,right,1,68227,0.0,71.24099731445312,71.24099731445312
1706.1,right,2,68226,0.0,92.08899688720703,92.10800170898438
1706.1,right,3,68226,0.0,104.16899871826172,104.18800354003906
1706.1,right,4,68226,0.0,97.2249984741211,97.2249984741211
1706.1,right,5,68226,0.0,95.1050033569336,95.1050033569336
1706.1,right,6,68226,0.0,95.09500122070312,95.11499786376953
1706.1,right,7,68226,0.0,87.0479965209961,87.0479965209961
1711.2,right,0,68430,0.0,56.000999450683594,56.237998962402344
1711.2,right,1,68430,0.0,71.24099731445312,71.24099731445312
1711.2,right,2,68430,0.0,92.08899688720703,92.10800170898438
1711.2,right,3,68430,0.0,104.18800354003906,104.20800018310547
1711.2,right,4,68430,0.0,97.2249984741211,97.2249984741211
1711.2,right,5,68430,0.0,95.1050033569336,95.1050033569336
1711.2,right,6,68430,0.0,95.11499786376953,95.11499786376953
1711.2,right,7,68430,0.0,87.02799987792969,87.0479965209961
1716.3,right,0,68633,0.0,56.000999450683594,56.237998962402344
1716.3,right,1,68633,0.0,71.24099731445312,71.24099731445312
1716.3,right,2,68633,0.0,92.08899688720703,92.10800170898438
1716.3,right,3,68633,0.0,104.18800354003906,104.20800018310547
1716.3,right,4,68632,0.0,97.2249984741211,97.2249984741211
1716.3,right,5,68632,0.0,95.1050033569336,95.1050033569336
1716.3,right,6,68632,0.0,95.11499786376953,95.13400268554688
1716.3,right,7,68632,0.0,87.00900268554688,87.0479965209961
1721.3,right,0,68834,0.0,56.000999450683594,56.237998962402344
1721.3,right,1,68834,0.0,71.24099731445312,71.24099731445312
1721.3,right,2,68834,0.0,92.08899688720703,92.10800170898438
1721.3,right,3,68834,0.0,104.18800354003906,104.20800018310547
1721.3,right,4,68834,0.0,97.20600128173828,97.2249984741211
1721.3,right,5,68834,0.0,95.1240005493164,95.1240005493164
1721.3,right,6,68833,0.0,95.11499786376953,95.13400268554688
1721.3,right,7,68833,0.0,87.00900268554688,87.0479965209961
1726.4,right,0,69035,0.0,55.237998962402344,56.237998962402344
1726.4,right,1,69035,0.0,71.24099731445312,71.24099731445312
1726.4,right,2,69035,0.0,92.08899688720703,92.10800170898438
1726.4,right,3,69035,0.0,104.18800354003906,104.20800018310547
1726.4,right,4,69035,0.0,97.20600128173828,97.2249984741211
1726.4,right,5,69035,0.0,95.1240005493164,95.1240005493164
1726.4,right,6,69035,0.0,95.11499786376953,95.13400268554688
1726.4,right,7,69035,0.0,87.02799987792969,87.0479965209961
1731.4,right,0,69239,0.0,56.000999450683594,56.237998962402344
1731.4,right,1,69239,0.0,71.24099731445312,71.24099731445312
1731.4,right,2,69239,0.0,92.08899688720703,92.10800170898438
1731.4,right,3,69239,0.0,104.18800354003906,104.20800018310547
1731.4,right,4,69239,0.0,97.2249984741211,97.2249984741211
1731.4,right,5,69239,0.0,95.14399719238281,95.14399719238281
1731.4,right,6,69238,0.0,95.09500122070312,95.13400268554688
1731.4,right,7,69238,0.0,87.00900268554688,87.0479965209961
1736.4,right,0,69440,0.0,56.000999450683594,56.237998962402344
1736.4,right,1,69440,0.0,71.24099731445312,71.24099731445312
1736.4,right,2,69440,0.0,92.10800170898438,92.10800170898438
1736.4,right,3,69440,0.0,104.20800018310547,104.20800018310547
1736.4,right,4,69440,0.0,97.2249984741211,97.2249984741211
1736.4,right,5,69440,0.0,95.1240005493164,95.14399719238281
1736.4,right,6,69440,0.0,95.09500122070312,95.13400268554688
1736.4,right,7,69440,0.0,87.00900268554688,87.0479965209961
1741.5,right,0,69643,0.0,56.000999450683594,56.237998962402344
1741.5,right,1,69643,0.0,71.24099731445312,71.24099731445312
1741.5,right,2,69643,0.0,92.08899688720703,92.10800170898438
1741.5,right,3,69643,0.0,104.20800018310547,104.20800018310547
1741.5,right,4,69642,0.0,97.2249984741211,97.2249984741211
1741.5,right,5,69642,0.0,95.14399719238281,95.14399719238281
1741.5,right,6,69642,0.0,95.09500122070312,95.13400268554688
1741.5,right,7,69642,0.0,87.0479965209961,87.0479965209961
1746.6,right,0,69845,0.0,56.000999450683594,56.237998962402344
1746.6,right,1,69845,0.0,71.24099731445312,71.24099731445312
1746.6,right,2,69845,0.0,92.10800170898438,92.10800170898438
1746.6,right,3,69845,0.0,104.22699737548828,104.22699737548828
1746.6,right,4,69845,0.0,97.2249984741211,97.2249984741211
1746.6,right,5,69845,0.0,95.1240005493164,95.14399719238281
1746.6,right,6,69845,0.0,95.09500122070312,95.13400268554688
1746.6,right,7,69845,0.0,87.02799987792969,87.0479965209961
1751.6,right,0,70045,0.0,56.000999450683594,56.237998962402344
1751.6,right,1,70045,0.0,72.00499725341797,72.00499725341797
1751.6,right,2,70045,0.0,92.10800170898438,92.10800170898438
1751.6,right,3,70045,0.0,104.20800018310547,104.22699737548828
1751.6,right,4,70045,0.0,97.2249984741211,97.2249984741211
1751.6,right,5,70045,0.0,95.1240005493164,95.14399719238281
1751.6,right,6,70045,0.0,95.11499786376953,95.13400268554688
1751.6,right,7,70045,0.0,87.02799987792969,87.0479965209961
1756.7,right,0,70248,0.0,55.237998962402344,56.237998962402344
1756.7,right,1,70248,0.0,71.24099731445312,72.00499725341797
1756.7,right,2,70248,0.0,92.10800170898438,92.10800170898438
1756.7,right,3,70248,0.0,104.20800018310547,104.22699737548828
1756.7,right,4,70247,0.0,97.24500274658203,97.24500274658203
1756.7,right,5,70247,0.0,95.1050033569336,95.14399719238281
1756.7,right,6,70247,0.0,95.11499786376953,95.13400268554688
1756.7,right,7,70247,0.0,87.02799987792969,87.0479965209961
1761.7,right,0,70450,0.0,56.000999450683594,56.237998962402344
1761.7,right,1,70450,0.0,71.24099731445312,72.00499725341797
1761.7,right,2,70450,0.0,92.12799835205078,92.12799835205078
1761.7,right,3,70450,0.0,104.22699737548828,104.22699737548828
1761.7,right,4,70450,0.0,98.00800323486328,98.00800323486328
1761.7,right,5,70450,0.0,95.1240005493164,95.14399719238281
1761.7,right,6,70450,0.0,95.09500122070312,95.13400268554688
1761.7,right,7,70450,0.0,87.02799987792969,87.0479965209961
1766.8,right,0,70654,0.0,56.02000045776367,56.237998962402344
1766.8,right,1,70654,0.0,72.00499725341797,72.00499725341797
1766.8,right,2,70654,0.0,92.10800170898438,92.12799835205078
1766.8,right,3,70654,0.0,104.20800018310547,104.22699737548828
1766.8,right,4,70654,0.0,98.00800323486328,98.00800323486328
1766.8,right,5,70654,0.0,95.1240005493164,95.14399719238281
1766.8,right,6,70653,0.0,95.09500122070312,95.13400268554688
1766.8,right,7,70653,0.0,87.02799987792969,87.0479965209961
1771.9,right,0,70859,0.0,56.02000045776367,56.237998962402344
1771.9,right,1,70859,0.0,72.00499725341797,72.02400207519531
1771.9,right,2,70859,0.0,92.10800170898438,92.12799835205078
1771.9,right,3,70859,0.0,104.20800018310547,104.22699737548828
1771.9,right,4,70859,0.0,98.00800323486328,98.00800323486328
1771.9,right,5,70859,0.0,95.14399719238281,95.14399719238281
1771.9,right,6,70858,0.0,95.11499786376953,95.13400268554688
1771.9,right,7,70858,0.0,87.0479965209961,87.0479965209961
1777.0,right,0,71060,0.0,56.02000045776367,56.237998962402344
1777.0,right,1,71060,0.0,72.00499725341797,72.02400207519531
1777.0,right,2,71060,0.0,92.12799835205078,92.12799835205078
1777.0,right,3,71060,0.0,104.20800018310547,104.22699737548828
1777.0,right,4,71060,0.0,98.00800323486328,98.00800323486328
1777.0,right,5,71060,0.0,95.16300201416016,95.16300201416016
1777.0,right,6,71060,0.0,95.11499786376953,95.13400268554688
1777.0,right,7,71060,0.0,87.02799987792969,87.0479965209961
1782.0,right,0,71262,0.0,56.000999450683594,56.237998962402344
1782.0,right,1,71262,0.0,72.00499725341797,72.02400207519531
1782.0,right,2,71261,0.0,92.12799835205078,92.12799835205078
1782.0,right,3,71261,0.0,104.22699737548828,104.22699737548828
1782.0,right,4,71261,0.0,97.24500274658203,98.00800323486328
1782.0,right,5,71261,0.0,95.16300201416016,95.16300201416016
1782.0,right,6,71261,0.0,95.15299987792969,95.15299987792969
1782.0,right,7,71261,0.0,87.0479965209961,87.0479965209961
1787.0,right,0,71464,0.0,56.02000045776367,56.237998962402344
1787.0,right,1,71464,0.0,72.00499725341797,72.02400207519531
1787.0,right,2,71464,0.0,92.10800170898438,92.12799835205078
1787.0,right,3,71464,0.0,104.22699737548828,104.22699737548828
1787.0,right,4,71464,0.0,97.24500274658203,98.00800323486328
1787.0,right,5,71464,0.0,95.14399719238281,95.16300201416016
1787.0,right,6,71463,0.0,95.15299987792969,95.15299987792969
1787.0,right,7,71463,0.0,87.0479965209961,87.0479965209961
1792.1,right,0,71665,0.0,56.000999450683594,56.237998962402344
1792.1,right,1,71665,0.0,72.00499725341797,72.02400207519531
1792.1,right,2,71665,0.0,92.12799835205078,92.12799835205078
1792.1,right,3,71665,0.0,104.20800018310547,104.22699737548828
1792.1,right,4,71665,0.0,97.24500274658203,98.00800323486328
1792.1,right,5,71665,0.0,95.14399719238281,95.16300201416016
1792.1,right,6,71665,0.0,95.15299987792969,95.1729965209961
1792.1,right,7,71665,0.0,87.0479965209961,87.06700134277344
1797.2,right,0,71869,0.0,56.02000045776367,56.237998962402344
1797.2,right,1,71869,0.0,72.02400207519531,72.02400207519531
1797.2,right,2,71869,0.0,92.12799835205078,92.14700317382812
1797.2,right,3,71869,0.0,104.22699737548828,104.22699737548828
1797.2,right,4,71869,0.0,98.00800323486328,98.00800323486328
1797.2,right,5,71869,0.0,95.14399719238281,95.16300201416016
1797.2,right,6,71868,0.0,95.15299987792969,95.1729965209961
1797.2,right,7,71868,0.0,87.06700134277344,87.06700134277344
1802.2,right,0,72070,0.0,56.000999450683594,56.237998962402344
1802.2,right,1,72070,0.0,72.00499725341797,72.02400207519531
1802.2,right,2,72070,0.0,92.12799835205078,92.14700317382812
1802.2,right,3,72070,0.0,104.20800018310547,104.22699737548828
1802.2,right,4,72070,0.0,97.24500274658203,98.00800323486328
1802.2,right,5,72070,0.0,95.16300201416016,95.16300201416016
1802.2,right,6,72070,0.0,95.15299987792969,95.1729965209961
1802.2,right,7,72070,0.0,87.06700134277344,87.06700134277344
1807.3,right,0,72273,0.0,56.000999450683594,56.237998962402344
1807.3,right,1,72273,0.0,72.00499725341797,72.02400207519531
1807.3,right,2,72273,0.0,92.16600036621094,92.16600036621094
1807.3,right,3,72273,0.0,104.22699737548828,104.22699737548828
1807.3,right,4,72272,0.0,97.2249984741211,98.00800323486328
1807.3,right,5,72272,0.0,95.14399719238281,95.16300201416016
1807.3,right,6,72272,0.0,95.13400268554688,95.1729965209961
1807.3,right,7,72272,0.0,87.06700134277344,87.08699798583984
1812.3,right,0,72474,0.0,56.02000045776367,56.237998962402344
1812.3,right,1,72474,0.0,72.00499725341797,72.02400207519531
1812.3,right,2,72474,0.0,92.14700317382812,92.16600036621094
1812.3,right,3,72474,0.0,104.22699737548828,104.22699737548828
1812.3,right,4,72474,0.0,97.24500274658203,98.00800323486328
1812.3,right,5,72474,0.0,95.16300201416016,95.16300201416016
1812.3,right,6,72473,0.0,95.13400268554688,95.1729965209961
1812.3,right,7,72473,0.0,87.06700134277344,87.08699798583984
1817.3,right,0,72675,0.0,56.000999450683594,56.237998962402344
1817.3,right,1,72675,0.0,71.24099731445312,72.02400207519531
1817.3,right,2,72675,0.0,92.14700317382812,92.16600036621094
1817.3,right,3,72675,0.0,104.22699737548828,104.22699737548828
1817.3,right,4,72675,0.0,97.24500274658203,98.00800323486328
1817.3,right,5,72675,0.0,95.14399719238281,95.16300201416016
1817.3,right,6,72675,0.0,95.13400268554688,95.1729965209961
1817.3,right,7,72675,0.0,87.06700134277344,87.08699798583984
1822.4,right,0,72877,0.0,56.000999450683594,56.237998962402344
1822.4,right,1,72877,0.0,72.00499725341797,72.02400207519531
1822.4,right,2,72876,0.0,92.12799835205078,92.16600036621094
1822.4,right,3,72876,0.0,104.22699737548828,104.24600219726562
1822.4,right,4,72876,0.0,97.24500274658203,98.00800323486328
1822.4,right,5,72876,0.0,95.14399719238281,95.16300201416016
1822.4,right,6,72876,0.0,95.15299987792969,95.1729965209961
1822.4,right,7,72876,0.0,87.06700134277344,87.08699798583984
1827.4,right,0,73079,0.0,56.02000045776367,56.237998962402344
1827.4,right,1,73079,0.0,71.24099731445312,72.02400207519531
1827.4,right,2,73079,0.0,92.14700317382812,92.16600036621094
1827.4,right,3,73079,0.0,104.24600219726562,104.24600219726562
1827.4,right,4,73079,0.0,97.24500274658203,98.00800323486328
1827.4,right,5,73079,0.0,95.16300201416016,95.16300201416016
1827.4,right,6,73078,0.0,95.15299987792969,95.1729965209961
1827.4,right,7,73078,0.0,87.0479965209961,87.08699798583984
1832.5,right,0,73280,0.0,56.02000045776367,56.237998962402344
1832.5,right,1,73280,0.0,72.00499725341797,72.02400207519531
1832.5,right,2,73280,0.0,92.14700317382812,92.16600036621094
1832.5,right,3,73280,0.0,104.24600219726562,104.24600219726562
1832.5,right,4,73280,0.0,98.00800323486328,98.00800323486328
1832.5,right,5,73280,0.0,95.16300201416016,95.18199920654297
1832.5,right,6,73280,0.0,95.13400268554688,95.1729965209961
1832.5,right,7,73280,0.0,87.06700134277344,87.08699798583984
1837.5,right,0,73482,0.0,56.02000045776367,56.237998962402344
1837.5,right,1,73482,0.0,72.00499725341797,72.02400207519531
1837.5,right,2,73481,0.0,92.14700317382812,92.16600036621094
1837.5,right,3,73481,0.0,104.24600219726562,104.24600219726562
1837.5,right,4,73481,0.0,98.00800323486328,98.00800323486328
1837.5,right,5,73481,0.0,95.16300201416016,95.18199920654297
1837.5,right,6,73481,0.0,95.13400268554688,95.1729965209961
1837.5,right,7,73481,0.0,87.0479965209961,87.08699798583984
1842.6,right,0,73688,0.0,56.02000045776367,56.237998962402344
1842.6,right,1,73688,0.0,72.00499725341797,72.02400207519531
1842.6,right,2,73688,0.0,92.14700317382812,92.16600036621094
1842.6,right,3,73688,0.0,104.24600219726562,104.24600219726562
1842.6,right,4,73687,0.0,98.00800323486328,98.00800323486328
1842.6,right,5,73687,0.0,95.18199920654297,95.18199920654297
1842.6,right,6,73687,0.0,95.15299987792969,95.1729965209961
1842.6,right,7,73687,0.0,87.06700134277344,87.08699798583984
1847.7,right,0,73890,0.0,56.02000045776367,56.237998962402344
1847.7,right,1,73890,0.0,72.00499725341797,72.02400207519531
1847.7,right,2,73890,0.0,92.16600036621094,92.16600036621094
1847.7,right,3,73890,0.0,104.24600219726562,104.24600219726562
1847.7,right,4,73890,0.0,98.00800323486328,98.0270004272461
1847.7,right,5,73890,0.0,95.16300201416016,95.18199920654297
1847.7,right,6,73890,0.0,95.13400268554688,95.1729965209961
1847.7,right,7,73890,0.0,87.06700134277344,87.08699798583984
1852.8,right,0,74092,0.0,56.02000045776367,56.237998962402344
1852.8,right,1,74092,0.0,72.00499725341797,72.02400207519531
1852.8,right,2,74091,0.0,92.14700317382812,92.16600036621094
1852.8,right,3,74091,0.0,104.24600219726562,104.24600219726562
1852.8,right,4,74091,0.0,98.0270004272461,98.0270004272461
1852.8,right,5,74091,0.0,95.16300201416016,95.18199920654297
1852.8,right,6,74091,0.0,95.13400268554688,95.1729965209961
1852.8,right,7,74091,0.0,87.08699798583984,87.08699798583984
1857.8,right,0,74294,0.0,56.000999450683594,56.237998962402344
1857.8,right,1,74294,0.0,72.02400207519531,72.02400207519531
1857.8,right,2,74294,0.0,92.14700317382812,92.16600036621094
1857.8,right,3,74294,0.0,104.24600219726562,104.24600219726562
1857.8,right,4,74294,0.0,98.0270004272461,98.0469970703125
1857.8,right,5,74294,0.0,95.16300201416016,95.18199920654297
1857.8,right,6,74293,0.0,95.13400268554688,95.1729965209961
1857.8,right,7,74293,0.0,87.06700134277344,87.08699798583984
1862.8,right,0,74495,0.0,56.02000045776367,56.237998962402344
1862.8,right,1,74495,0.0,72.02400207519531,72.02400207519531
1862.8,right,2,74495,0.0,92.14700317382812,92.16600036621094
1862.8,right,3,74495,0.0,104.24600219726562,105.01000213623047
1862.8,right,4,74495,0.0,98.0270004272461,98.0469970703125
1862.8,right,5,74495,0.0,95.16300201416016,95.18199920654297
1862.8,right,6,74495,0.0,95.11499786376953,95.1729965209961
1862.8,right,7,74495,0.0,87.0479965209961,87.08699798583984
1867.9,right,0,74697,0.0,56.02000045776367,56.237998962402344
1867.9,right,1,74697,0.0,72.02400207519531,72.02400207519531
1867.9,right,2,74696,0.0,92.14700317382812,92.16600036621094
1867.9,right,3,74696,0.0,104.24600219726562,105.01000213623047
1867.9,right,4,74696,0.0,98.0469970703125,98.0469970703125
1867.9,right,5,74696,0.0,95.16300201416016,95.18199920654297
1867.9,right,6,74696,0.0,95.11499786376953,95.1729965209961
1867.9,right,7,74696,0.0,87.06700134277344,87.08699798583984
1872.9,right,0,74899,0.0,56.02000045776367,56.237998962402344
1872.9,right,1,74899,0.0,72.02400207519531,72.02400207519531
1872.9,right,2,74899,0.0,92.14700317382812,92.16600036621094
1872.9,right,3,74899,0.0,105.01000213623047,105.01000213623047
1872.9,right,4,74899,0.0,98.0270004272461,98.0469970703125
1872.9,right,5,74899,0.0,95.16300201416016,95.18199920654297
1872.9,right,6,74898,0.0,95.13400268554688,95.1729965209961
1872.9,right,7,74898,0.0,87.06700134277344,87.08699798583984
1878.0,right,0,75100,0.0,56.000999450683594,56.237998962402344
1878.0,right,1,75100,0.0,72.02400207519531,72.02400207519531
1878.0,right,2,75100,0.0,92.14700317382812,92.16600036621094
1878.0,right,3,75100,0.0,105.01000213623047,105.01000213623047
1878.0,right,4,75100,0.0,98.0469970703125,98.0469970703125
1878.0,right,5,75100,0.0,95.16300201416016,95.18199920654297
1878.0,right,6,75100,0.0,95.13400268554688,95.1729965209961
1878.0,right,7,75100,0.0,87.0479965209961,87.08699798583984
1883.0,right,0,75303,0.0,56.02000045776367,56.237998962402344
1883.0,right,1,75303,0.0,72.00499725341797,72.02400207519531
1883.0,right,2,75303,0.0,92.14700317382812,92.16600036621094
1883.0,right,3,75303,0.0,104.24600219726562,105.01000213623047
1883.0,right,4,75302,0.0,98.0469970703125,98.0469970703125
1883.0,right,5,75302,0.0,95.14399719238281,95.18199920654297
1883.0,right,6,75302,0.0,95.13400268554688,95.1729965209961
1883.0,right,7,75302,0.0,87.0479965209961,87.08699798583984
1888.1,right,0,75505,0.0,56.02000045776367,56.237998962402344
1888.1,right,1,75505,0.0,72.02400207519531,72.02400207519531
1888.1,right,2,75505,0.0,92.14700317382812,92.16600036621094
1888.1,right,3,75505,0.0,105.01000213623047,105.01000213623047
1888.1,right,4,75505,0.0,98.0469970703125,98.06600189208984
1888.1,right,5,75505,0.0,95.16300201416016,95.18199920654297
1888.1,right,6,75505,0.0,95.15299987792969,95.1729965209961
1888.1,right,7,75505,0.0,87.06700134277344,87.08699798583984
1893.1,right,0,75707,0.0,56.000999450683594,56.237998962402344
1893.1,right,1,75707,0.0,72.02400207519531,72.02400207519531
1893.1,right,2,75706,0.0,92.16600036621094,92.16600036621094
1893.1,right,3,75706,0.0,105.02899932861328,105.02899932861328
1893.1,right,4,75706,0.0,98.0469970703125,98.06600189208984
1893.1,right,5,75706,0.0,95.16300201416016,95.18199920654297
1893.1,right,6,75706,0.0,95.15299987792969,95.1729965209961
1893.1,right,7,75706,0.0,87.06700134277344,87.08699798583984
1898.2,right,0,75910,0.0,56.02000045776367,56.237998962402344
1898.2,right,1,75910,0.0,72.02400207519531,72.02400207519531
1898.2,right,2,75910,0.0,92.14700317382812,92.16600036621094
1898.2,right,3,75910,0.0,105.02899932861328,105.02899932861328
1898.2,right,4,75910,0.0,98.0270004272461,98.06600189208984
1898.2,right,5,75910,0.0,95.16300201416016,95.18199920654297
1898.2,right,6,75910,0.0,95.1729965209961,95.1729965209961
1898.2,right,7,75910,0.0,87.0479965209961,87.08699798583984
1903.2,right,0,76110,0.0,56.000999450683594,56.237998962402344
1903.2,right,1,76110,0.0,72.02400207519531,72.02400207519531
1903.2,right,2,76110,0.0,92.16600036621094,92.16600036621094
1903.2,right,3,76110,0.0,105.02899932861328,105.02899932861328
1903.2,right,4,76110,0.0,98.0270004272461,98.06600189208984
1903.2,right,5,76110,0.0,95.16300201416016,95.18199920654297
1903.2,right,6,76110,0.0,95.1729965209961,95.1729965209961
1903.2,right,7,76110,0.0,87.06700134277344,87.08699798583984
1908.3,right,0,76314,0.0,56.000999450683594,56.237998962402344
1908.3,right,1,76314,0.0,72.02400207519531,72.02400207519531
1908.3,right,2,76314,0.0,92.16600036621094,92.18599700927734
1908.3,right,3,76314,0.0,105.02899932861328,105.0479965209961
1908.3,right,4,76314,0.0,98.0270004272461,98.06600189208984
1908.3,right,5,76314,0.0,95.18199920654297,95.20099639892578
1908.3,right,6,76313,0.0,95.1729965209961,95.19200134277344
1908.3,right,7,76313,0.0,87.06700134277344,87.08699798583984
1913.4,right,0,76518,0.0,56.000999450683594,56.237998962402344
1913.4,right,1,76518,0.0,72.02400207519531,72.02400207519531
1913.4,right,2,76518,0.0,92.18599700927734,92.18599700927734
1913.4,right,3,76518,0.0,105.0479965209961,105.0479965209961
1913.4,right,4,76517,0.0,98.0270004272461,98.06600189208984
1913.4,right,5,76517,0.0,95.16300201416016,95.20099639892578
1913.4,right,6,76517,0.0,95.15299987792969,95.19200134277344
1913.4,right,7,76517,0.0,87.06700134277344,87.08699798583984
1918.5,right,0,76720,0.0,56.02000045776367,56.237998962402344
1918.5,right,1,76720,0.0,72.00499725341797,72.02400207519531
1918.5,right,2,76720,0.0,92.16600036621094,92.18599700927734
1918.5,right,3,76720,0.0,105.02899932861328,105.0479965209961
1918.5,right,4,76720,0.0,98.0469970703125,98.06600189208984
1918.5,right,5,76720,0.0,95.18199920654297,95.20099639892578
1918.5,right,6,76720,0.0,95.15299987792969,95.19200134277344
1918.5,right,7,76720,0.0,87.06700134277344,87.08699798583984
1923.5,right,0,76923,0.0,56.000999450683594,56.237998962402344
1923.5,right,1,76923,0.0,72.02400207519531,72.02400207519531
1923.5,right,2,76923,0.0,92.16600036621094,92.18599700927734
1923.5,right,3,76923,0.0,105.02899932861328,105.0479965209961
1923.5,right,4,76922,0.0,98.0270004272461,98.06600189208984
1923.5,right,5,76922,0.0,95.18199920654297,95.20099639892578
1923.5,right,6,76922,0.0,95.1729965209961,95.19200134277344
1923.5,right,7,76922,0.0,87.06700134277344,87.08699798583984
1928.7,right,0,77130,0.0,56.02000045776367,56.237998962402344
1928.7,right,1,77130,0.0,72.02400207519531,72.02400207519531
1928.7,right,2,77130,0.0,92.16600036621094,92.18599700927734
1928.7,right,3,77130,0.0,105.0479965209961,105.0479965209961
1928.7,right,4,77130,0.0,98.0469970703125,98.06600189208984
1928.7,right,5,77130,0.0,95.18199920654297,95.20099639892578
1928.7,right,6,77130,0.0,95.1729965209961,95.19200134277344
1928.7,right,7,77130,0.0,87.08699798583984,87.08699798583984
1933.7,right,0,77332,0.0,56.02000045776367,56.237998962402344
1933.7,right,1,77332,0.0,72.02400207519531,72.04399871826172
1933.7,right,2,77331,0.0,92.16600036621094,92.18599700927734
1933.7,right,3,77331,0.0,105.02899932861328,105.0479965209961
1933.7,right,4,77331,0.0,98.0270004272461,98.06600189208984
1933.7,right,5,77331,0.0,95.18199920654297,95.20099639892578
1933.7,right,6,77331,0.0,95.1729965209961,95.19200134277344
1933.7,right,7,77331,0.0,87.06700134277344,87.08699798583984
1938.8,right,0,77534,0.0,56.02000045776367,56.237998962402344
1938.8,right,1,77534,0.0,72.02400207519531,72.04399871826172
1938.8,right,2,77534,0.0,92.16600036621094,92.18599700927734
1938.8,right,3,77534,0.0,105.02899932861328,105.0479965209961
1938.8,right,4,77534,0.0,98.0469970703125,98.06600189208984
1938.8,right,5,77534,0.0,95.20099639892578,95.20099639892578
1938.8,right,6,77533,0.0,95.19200134277344,95.19200134277344
1938.8,right,7,77533,0.0,87.08699798583984,87.08699798583984
1943.8,right,0,77735,0.0,56.02000045776367,56.237998962402344
1943.8,right,1,77735,0.0,72.02400207519531,72.04399871826172
1943.8,right,2,77735,0.0,92.16600036621094,92.18599700927734
1943.8,right,3,77735,0.0,105.02899932861328,105.0479965209961
1943.8,right,4,77735,0.0,98.0469970703125,98.06600189208984
1943.8,right,5,77735,0.0,95.18199920654297,95.20099639892578
1943.8,right,6,77735,0.0,95.1729965209961,95.19200134277344
1943.8,right,7,77735,0.0,87.08699798583984,87.08699798583984
1948.9,right,0,77937,0.0,56.040000915527344,56.237998962402344
1948.9,right,1,77937,0.0,72.02400207519531,72.04399871826172
1948.9,right,2,77936,0.0,92.16600036621094,92.18599700927734
1948.9,right,3,77936,0.0,105.02899932861328,105.0479965209961
1948.9,right,4,77936,0.0,98.0469970703125,98.06600189208984
1948.9,right,5,77936,0.0,95.20099639892578,95.20099639892578
1948.9,right,6,77936,0.0,95.21099853515625,95.21099853515625
1948.9,right,7,77936,0.0,87.08699798583984,87.08699798583984
1953.9,right,0,78139,0.0,56.040000915527344,56.237998962402344
1953.9,right,1,78139,0.0,72.02400207519531,72.04399871826172
1953.9,right,2,78139,0.0,92.14700317382812,92.18599700927734
1953.9,right,3,78139,0.0,105.02899932861328,105.0479965209961
1953.9,right,4,78139,0.0,98.0469970703125,98.06600189208984
1953.9,right,5,78139,0.0,95.22000122070312,95.23999786376953
1953.9,right,6,78138,0.0,95.23100280761719,95.23100280761719
1953.9,right,7,78138,0.0,87.10600280761719,87.10600280761719
1959.0,right,0,78340,0.0,56.040000915527344,56.237998962402344
1959.0,right,1,78340,0.0,72.02400207519531,72.04399871826172
1959.0,right,2,78340,0.0,92.18599700927734,92.18599700927734
1959.0,right,3,78340,0.0,105.02899932861328,105.0479965209961
1959.0,right,4,78340,0.0,98.0469970703125,98.06600189208984
1959.0,right,5,78340,0.0,95.22000122070312,95.23999786376953
1959.0,right,6,78340,0.0,95.21099853515625,95.23100280761719
1959.0,right,7,78340,0.0,87.08699798583984,87.10600280761719
1964.0,right,0,78543,0.0,56.02000045776367,56.237998962402344
1964.0,right,1,78543,0.0,72.02400207519531,72.04399871826172
1964.0,right,2,78543,0.0,92.16600036621094,92.18599700927734
1964.0,right,3,78543,0.0,105.0479965209961,105.0479965209961
1964.0,right,4,78542,0.0,98.0469970703125,98.06600189208984
1964.0,right,5,78542,0.0,95.20099639892578,95.23999786376953
1964.0,right,6,78542,0.0,95.21099853515625,95.23100280761719
1964.0,right,7,78542,0.0,87.08699798583984,87.10600280761719
1969.1,right,0,78745,0.0,56.02000045776367,56.237998962402344
1969.1,right,1,78745,0.0,72.04399871826172,72.04399871826172
1969.1,right,2,78745,0.0,92.18599700927734,92.18599700927734
1969.1,right,3,78745,0.0,105.0479965209961,105.0479965209961
1969.1,right,4,78745,0.0,98.0469970703125,98.06600189208984
1969.1,right,5,78745,0.0,95.20099639892578,95.23999786376953
1969.1,right,6,78745,0.0,95.21099853515625,95.23100280761719
1969.1,right,7,78745,0.0,87.08699798583984,87.10600280761719
1974.2,right,0,78950,0.0,56.040000915527344,56.237998962402344
1974.2,right,1,78950,0.0,72.04399871826172,72.04399871826172
1974.2,right,2,78950,0.0,92.18599700927734,92.18599700927734
1974.2,right,3,78950,0.0,105.0479965209961,105.0479965209961
1974.2,right,4,78950,0.0,98.0270004272461,98.06600189208984
1974.2,right,5,78950,0.0,95.22000122070312,95.23999786376953
1974.2,right,6,78950,0.0,95.19200134277344,95.23100280761719
1974.2,right,7,78950,0.0,87.08699798583984,87.10600280761719
1979.2,right,0,79152,0.0,56.040000915527344,56.237998962402344
1979.2,right,1,79152,0.0,72.04399871826172,72.04399871826172
1979.2,right,2,79151,0.0,92.18599700927734,92.20500183105469
1979.2,right,3,79151,0.0,105.02899932861328,105.0479965209961
1979.2,right,4,79151,0.0,98.0469970703125,98.06600189208984
1979.2,right,5,79151,0.0,95.22000122070312,95.23999786376953
1979.2,right,6,79151,0.0,95.19200134277344,95.23100280761719
1979.2,right,7,79151,0.0,87.08699798583984,87.10600280761719
1984.3,right,0,79355,0.0,56.040000915527344,56.237998962402344
1984.3,right,1,79355,0.0,72.04399871826172,72.04399871826172
1984.3,right,2,79355,0.0,92.20500183105469,92.20500183105469
1984.3,right,3,79355,0.0,105.0479965209961,105.0479965209961
1984.3,right,4,79355,0.0,98.0270004272461,98.06600189208984
1984.3,right,5,79355,0.0,95.22000122070312,95.23999786376953
1984.3,right,6,79355,0.0,95.19200134277344,95.23100280761719
1984.3,right,7,79355,0.0,87.125,87.125
1989.4,right,0,79555,0.0,56.02000045776367,56.237998962402344
1989.4,right,1,79555,0.0,72.02400207519531,72.04399871826172
1989.4,right,2,79555,0.0,92.20500183105469,92.20500183105469
1989.4,right,3,79555,0.0,105.0479965209961,105.06800079345703
1989.4,right,4,79555,0.0,98.0469970703125,98.06600189208984
1989.4,right,5,79555,0.0,95.20099639892578,95.23999786376953
1989.4,right,6,79555,0.0,95.1729965209961,95.23100280761719
1989.4,right,7,79555,0.0,87.10600280761719,87.125
1994.4,right,0,79759,0.0,56.02000045776367,56.237998962402344
1994.4,right,1,79759,0.0,72.02400207519531,72.04399871826172
1994.4,right,2,79759,0.0,92.20500183105469,92.20500183105469
1994.4,right,3,79759,0.0,105.0479965209961,105.06800079345703
1994.4,right,4,79759,0.0,98.0469970703125,98.06600189208984
1994.4,right,5,79759,0.0,95.20099639892578,95.23999786376953
1994.4,right,6,79758,0.0,95.19200134277344,95.23100280761719
1994.4,right,7,79758,0.0,87.10600280761719,87.125
1999.5,right,0,79962,0.0,56.02000045776367,56.237998962402344
1999.5,right,1,79962,0.0,72.02400207519531,72.04399871826172
1999.5,right,2,79961,0.0,92.18599700927734,92.20500183105469
1999.5,right,3,79961,0.0,105.0479965209961,105.06800079345703
1999.5,right,4,79961,0.0,98.0469970703125,98.06600189208984
1999.5,right,5,79961,0.0,95.22000122070312,95.23999786376953
1999.5,right,6,79961,0.0,95.21099853515625,95.23100280761719
1999.5,right,7,79961,0.0,87.08699798583984,87.125
2004.6,right,0,80165,0.0,56.02000045776367,56.237998962402344
2004.6,right,1,80165,0.0,72.02400207519531,72.04399871826172
2004.6,right,2,80165,0.0,92.18599700927734,92.20500183105469
2004.6,right,3,80165,0.0,105.0479965209961,105.06800079345703
2004.6,right,4,80165,0.0,98.0469970703125,98.06600189208984
2004.6,right,5,80165,0.0,95.23999786376953,95.23999786376953
2004.6,right,6,80165,0.0,95.21099853515625,95.23100280761719
2004.6,right,7,80165,0.0,87.10600280761719,87.125
2009.6,right,0,80367,0.0,56.02000045776367,56.237998962402344
2009.6,right,1,80367,0.0,72.00499725341797,72.04399871826172
2009.6,right,2,80366,0.0,92.18599700927734,92.20500183105469
2009.6,right,3,80366,0.0,105.0479965209961,105.06800079345703
2009.6,right,4,80366,0.0,98.06600189208984,98.06600189208984
2009.6,right,5,80366,0.0,95.22000122070312,95.23999786376953
2009.6,right,6,80366,0.0,95.19200134277344,95.23100280761719
2009.6,right,7,80366,0.0,87.08699798583984,87.125
2014.7,right,0,80569,0.0,56.02000045776367,56.237998962402344
2014.7,right,1,80569,0.0,72.02400207519531,72.04399871826172
2014.7,right,2,80569,0.0,92.16600036621094,92.20500183105469
2014.7,right,3,80569,0.0,105.0479965209961,105.06800079345703
2014.7,right,4,80569,0.0,98.0469970703125,98.06600189208984
2014.7,right,5,80569,0.0,95.22000122070312,95.23999786376953
2014.7,right,6,80568,0.0,95.19200134277344,95.23100280761719
2014.7,right,7,80568,0.0,87.08699798583984,87.125
2019.8,right,0,80772,0.0,56.02000045776367,56.237998962402344
2019.8,right,1,80772,0.0,72.00499725341797,72.04399871826172
2019.8,right,2,80771,0.0,92.16600036621094,92.20500183105469
2019.8,right,3,80771,0.0,105.0479965209961,105.06800079345703
2019.8,right,4,80771,0.0,98.0469970703125,98.06600189208984
2019.8,right,5,80771,0.0,95.23999786376953,95.23999786376953
2019.8,right,6,80771,0.0,95.21099853515625,95.23100280761719
2019.8,right,7,80771,0.0,87.08699798583984,87.125
2024.8,right,0,80974,0.0,56.02000045776367,56.237998962402344
2024.8,right,1,80974,0.0,72.04399871826172,72.04399871826172
2024.8,right,2,80974,0.0,92.18599700927734,92.20500183105469
2024.8,right,3,80974,0.0,105.0479965209961,105.06800079345703
2024.8,right,4,80974,0.0,98.06600189208984,98.06600189208984
2024.8,right,5,80974,0.0,95.23999786376953,95.23999786376953
2024.8,right,6,80973,0.0,95.23100280761719,95.23100280761719
2024.8,right,7,80973,0.0,87.08699798583984,87.125
2029.9,right,0,81179,0.0,56.02000045776367,56.237998962402344
2029.9,right,1,81179,0.0,72.04399871826172,72.04399871826172
2029.9,right,2,81179,0.0,92.16600036621094,92.20500183105469
2029.9,right,3,81179,0.0,105.0479965209961,105.06800079345703
2029.9,right,4,81179,0.0,98.06600189208984,98.06600189208984
2029.9,right,5,81179,0.0,96.00299835205078,96.00299835205078
2029.9,right,6,81178,0.0,95.21099853515625,95.23100280761719
2029.9,right,7,81178,0.0,87.06700134277344,87.125
2037.0,right,0,81460,0.0,56.02000045776367,56.237998962402344
2037.0,right,1,81460,0.0,72.04399871826172,72.04399871826172
2037.0,right,2,81460,0.0,92.16600036621094,92.20500183105469
2037.0,right,3,81460,0.0,105.0479965209961,105.06800079345703
2037.0,right,4,81460,0.0,98.06600189208984,98.06600189208984
2037.0,right,5,81460,0.0,95.22000122070312,96.00299835205078
2037.0,right,6,81460,0.0,95.19200134277344,95.23100280761719
2037.0,right,7,81460,0.0,87.10600280761719,87.125
2042.0,right,0,81664,0.0,56.040000915527344,56.237998962402344
2042.0,right,1,81664,0.0,72.04399871826172,72.04399871826172
2042.0,right,2,81664,0.0,92.18599700927734,92.20500183105469
2042.0,right,3,81664,0.0,105.0479965209961,105.06800079345703
2042.0,right,4,81664,0.0,98.08499908447266,98.08499908447266
2042.0,right,5,81664,0.0,95.23999786376953,96.00299835205078
2042.0,right,6,81663,0.0,95.19200134277344,95.23100280761719
2042.0,right,7,81663,0.0,87.10600280761719,87.125
2047.1,right,0,81865,0.0,56.02000045776367,56.237998962402344
2047.1,right,1,81865,0.0,72.04399871826172,72.06300354003906
2047.1,right,2,81865,0.0,92.18599700927734,92.20500183105469
2047.1,right,3,81865,0.0,105.0479965209961,105.06800079345703
2047.1,right,4,81865,0.0,98.08499908447266,98.08499908447266
2047.1,right,5,81865,0.0,95.23999786376953,96.00299835205078
2047.1,right,6,81865,0.0,95.19200134277344,95.23100280761719
2047.1,right,7,81865,0.0,87.08699798583984,87.125
2052.1,right,0,82067,0.0,56.02000045776367,56.237998962402344
2052.1,right,1,82067,0.0,72.04399871826172,72.06300354003906
2052.1,right,2,82066,0.0,92.18599700927734,92.20500183105469
2052.1,right,3,82066,0.0,105.0479965209961,105.06800079345703
2052.1,right,4,82066,0.0,98.08499908447266,98.1050033569336
2052.1,right,5,82066,0.0,95.22000122070312,96.00299835205078
2052.1,right,6,82066,0.0,95.19200134277344,95.23100280761719
2052.1,right,7,82066,0.0,87.08699798583984,87.125
2057.2,right,0,82268,0.0,56.02000045776367,56.237998962402344
2057.2,right,1,82268,0.0,72.02400207519531,72.06300354003906
2057.2,right,2,82268,0.0,92.16600036621094,92.20500183105469
2057.2,right,3,82268,0.0,105.0479965209961,105.06800079345703
2057.2,right,4,82267,0.0,98.1050033569336,98.1050033569336
2057.2,right,5,82267,0.0,95.22000122070312,96.00299835205078
2057.2,right,6,82267,0.0,95.19200134277344,95.23100280761719
2057.2,right,7,82267,0.0,87.10600280761719,87.125
2062.2,right,0,82470,0.0,56.040000915527344,56.237998962402344
2062.2,right,1,82470,0.0,72.04399871826172,72.06300354003906
2062.2,right,2,82470,0.0,92.18599700927734,92.20500183105469
2062.2,right,3,82470,0.0,105.06800079345703,105.06800079345703
2062.2,right,4,82470,0.0,98.08499908447266,98.1050033569336
2062.2,right,5,82470,0.0,95.22000122070312,96.00299835205078
2062.2,right,6,82470,0.0,95.19200134277344,95.23100280761719
2062.2,right,7,82470,0.0,87.10600280761719,87.125
2067.2,right,0,82672,0.0,56.040000915527344,56.237998962402344
2067.2,right,1,82672,0.0,72.02400207519531,72.06300354003906
2067.2,right,2,82671,0.0,92.18599700927734,92.20500183105469
2067.2,right,3,82671,0.0,105.06800079345703,105.06800079345703
2067.2,right,4,82671,0.0,98.08499908447266,98.1050033569336
2067.2,right,5,82671,0.0,95.22000122070312,96.00299835205078
2067.2,right,6,82671,0.0,95.19200134277344,95.23100280761719
2067.2,right,7,82671,0.0,87.08699798583984,87.125
2072.3,right,0,82874,0.0,56.040000915527344,56.237998962402344
2072.3,right,1,82874,0.0,72.04399871826172,72.06300354003906
2072.3,right,2,82874,0.0,92.18599700927734,92.20500183105469
2072.3,right,3,82874,0.0,105.06800079345703,105.06800079345703
2072.3,right,4,82874,0.0,98.08499908447266,98.1050033569336
2072.3,right,5,82874,0.0,95.22000122070312,96.00299835205078
2072.3,right,6,82873,0.0,95.19200134277344,95.23100280761719
2072.3,right,7,82873,0.0,87.08699798583984,87.125
2077.3,right,0,83075,0.0,56.040000915527344,56.237998962402344
2077.3,right,1,83075,0.0,72.04399871826172,72.06300354003906
2077.3,right,2,83075,0.0,92.18599700927734,92.20500183105469
2077.3,right,3,83075,0.0,105.08699798583984,105.08699798583984
2077.3,right,4,83075,0.0,98.08499908447266,98.1050033569336
2077.3,right,5,83075,0.0,95.20099639892578,96.00299835205078
2077.3,right,6,83075,0.0,95.21099853515625,95.23100280761719
2077.3,right,7,83075,0.0,87.10600280761719,87.125
2082.4,right,0,83279,0.0,56.02000045776367,56.237998962402344
2082.4,right,1,83279,0.0,72.02400207519531,72.06300354003906
2082.4,right,2,83279,0.0,92.20500183105469,92.20500183105469
2082.4,right,3,83279,0.0,105.08699798583984,105.08699798583984
2082.4,right,4,83279,0.0,98.08499908447266,98.1050033569336
2082.4,right,5,83279,0.0,95.23999786376953,96.00299835205078
2082.4,right,6,83278,0.0,95.21099853515625,95.23100280761719
2082.4,right,7,83278,0.0,87.10600280761719,87.125
2087.5,right,0,83482,0.0,56.02000045776367,56.237998962402344
2087.5,right,1,83482,0.0,72.04399871826172,72.06300354003906
2087.5,right,2,83481,0.0,92.18599700927734,92.20500183105469
2087.5,right,3,83481,0.0,105.06800079345703,105.08699798583984
2087.5,right,4,83481,0.0,98.08499908447266,98.1050033569336
2087.5,right,5,83481,0.0,95.22000122070312,96.00299835205078
2087.5,right,6,83481,0.0,95.21099853515625,95.23100280761719
2087.5,right,7,83481,0.0,87.10600280761719,87.125
2092.6,right,0,83684,0.0,56.02000045776367,56.237998962402344
2092.6,right,1,83684,0.0,72.02400207519531,72.06300354003906
2092.6,right,2,83684,0.0,92.18599700927734,92.20500183105469
2092.6,right,3,83684,0.0,105.06800079345703,105.08699798583984
2092.6,right,4,83684,0.0,98.06600189208984,98.1050033569336
2092.6,right,5,83684,0.0,95.22000122070312,96.00299835205078
2092.6,right,6,83683,0.0,95.19200134277344,95.23100280761719
2092.6,right,7,83683,0.0,87.10600280761719,87.125
2097.6,right,0,83885,0.0,56.040000915527344,56.237998962402344
2097.6,right,1,83885,0.0,72.04399871826172,72.06300354003906
2097.6,right,2,83885,0.0,92.18599700927734,92.20500183105469
2097.6,right,3,83885,0.0,105.08699798583984,105.08699798583984
2097.6,right,4,83885,0.0,98.08499908447266,98.1050033569336
2097.6,right,5,83885,0.0,95.23999786376953,96.00299835205078
2097.6,right,6,83885,0.0,95.19200134277344,95.23100280761719
2097.6,right,7,83885,0.0,87.10600280761719,87.125
2102.6,right,0,84087,0.0,56.040000915527344,56.237998962402344
2102.6,right,1,84087,0.0,72.04399871826172,72.06300354003906
2102.6,right,2,84086,0.0,92.20500183105469,92.20500183105469
2102.6,right,3,84086,0.0,105.08699798583984,105.08699798583984
2102.6,right,4,84086,0.0,98.08499908447266,98.1050033569336
2102.6,right,5,84086,0.0,95.23999786376953,96.00299835205078
2102.6,right,6,84086,0.0,95.19200134277344,95.23100280761719
2102.6,right,7,84086,0.0,87.08699798583984,87.125
2107.7,right,0,84290,0.0,56.02000045776367,56.237998962402344
2107.7,right,1,84290,0.0,72.04399871826172,72.06300354003906
2107.7,right,2,84290,0.0,92.18599700927734,92.20500183105469
2107.7,right,3,84290,0.0,105.08699798583984,105.08699798583984
2107.7,right,4,84290,0.0,98.08499908447266,98.1050033569336
2107.7,right,5,84290,0.0,95.23999786376953,96.00299835205078
2107.7,right,6,84290,0.0,95.23100280761719,95.23100280761719
2107.7,right,7,84290,0.0,87.08699798583984,87.125
2112.7,right,0,84492,0.0,56.040000915527344,56.237998962402344
2112.7,right,1,84492,0.0,72.04399871826172,72.06300354003906
2112.7,right,2,84491,0.0,92.18599700927734,92.20500183105469
2112.7,right,3,84491,0.0,105.10600280761719,105.10600280761719
2112.7,right,4,84491,0.0,98.1050033569336,98.1050033569336
2112.7,right,5,84491,0.0,96.00299835205078,96.00299835205078
2112.7,right,6,84491,0.0,95.23100280761719,95.23100280761719
2112.7,right,7,84491,0.0,87.08699798583984,87.125
2117.8,right,0,84694,0.0,56.040000915527344,56.237998962402344
2117.8,right,1,84694,0.0,72.04399871826172,72.06300354003906
2117.8,right,2,84694,0.0,92.18599700927734,92.20500183105469
2117.8,right,3,84694,0.0,105.08699798583984,105.10600280761719
2117.8,right,4,84694,0.0,98.1050033569336,98.1050033569336
2117.8,right,5,84694,0.0,96.00299835205078,96.00299835205078
2117.8,right,6,84693,0.0,95.23100280761719,95.25
2117.8,right,7,84693,0.0,87.10600280761719,87.125
2122.9,right,0,84897,0.0,56.058998107910156,56.237998962402344
2122.9,right,1,84897,0.0,72.06300354003906,72.06300354003906
2122.9,right,2,84896,0.0,92.20500183105469,92.20500183105469
2122.9,right,3,84896,0.0,105.08699798583984,105.10600280761719
2122.9,right,4,84896,0.0,98.1050033569336,98.1050033569336
2122.9,right,5,84896,0.0,96.00299835205078,96.02200317382812
2122.9,right,6,84896,0.0,95.21099853515625,95.25
2122.9,right,7,84896,0.0,87.10600280761719,87.125
2127.9,right,0,85098,0.0,56.040000915527344,56.237998962402344
2127.9,right,1,85098,0.0,72.04399871826172,72.06300354003906
2127.9,right,2,85098,0.0,92.20500183105469,92.20500183105469
2127.9,right,3,85098,0.0,105.08699798583984,105.10600280761719
2127.9,right,4,85097,0.0,98.08499908447266,98.1050033569336
2127.9,right,5,85097,0.0,96.00299835205078,96.02200317382812
2127.9,right,6,85097,0.0,95.23100280761719,95.25
2127.9,right,7,85097,0.0,87.10600280761719,87.125
2132.9,right,0,85300,0.0,56.040000915527344,56.237998962402344
2132.9,right,1,85300,0.0,72.06300354003906,72.06300354003906
2132.9,right,2,85300,0.0,92.20500183105469,92.20500183105469
2132.9,right,3,85300,0.0,105.10600280761719,105.10600280761719
2132.9,right,4,85300,0.0,98.08499908447266,98.1050033569336
2132.9,right,5,85300,0.0,96.02200317382812,96.02200317382812
2132.9,right,6,85300,0.0,95.23100280761719,95.25
2132.9,right,7,85300,0.0,87.10600280761719,87.125
2138.0,right,0,85502,0.0,56.040000915527344,56.237998962402344
2138.0,right,1,85502,0.0,72.04399871826172,72.06300354003906
2138.0,right,2,85501,0.0,92.20500183105469,92.20500183105469
2138.0,right,3,85501,0.0,105.10600280761719,105.10600280761719
2138.0,right,4,85501,0.0,98.08499908447266,98.1050033569336
2138.0,right,5,85501,0.0,95.23999786376953,96.02200317382812
2138.0,right,6,85501,0.0,95.23100280761719,95.25
2138.0,right,7,85501,0.0,87.10600280761719,87.125
2143.0,right,0,85703,0.0,56.040000915527344,56.237998962402344
2143.0,right,1,85703,0.0,72.06300354003906,72.06300354003906
2143.0,right,2,85703,0.0,92.20500183105469,92.20500183105469
2143.0,right,3,85703,0.0,105.10600280761719,105.10600280761719
2143.0,right,4,85702,0.0,98.08499908447266,98.1050033569336
2143.0,right,5,85702,0.0,96.00299835205078,96.02200317382812
2143.0,right,6,85702,0.0,95.21099853515625,95.25
2143.0,right,7,85702,0.0,87.10600280761719,87.125
2148.1,right,0,85905,0.0,56.040000915527344,56.237998962402344
2148.1,right,1,85905,0.0,72.04399871826172,72.06300354003906
2148.1,right,2,85905,0.0,92.2239990234375,92.2239990234375
2148.1,right,3,85905,0.0,105.10600280761719,105.10600280761719
2148.1,right,4,85905,0.0,98.08499908447266,98.1050033569336
2148.1,right,5,85905,0.0,96.00299835205078,96.02200317382812
2148.1,right,6,85905,0.0,95.25,95.25
2148.1,right,7,85905,0.0,87.125,87.125
2153.2,right,0,86110,0.0,56.040000915527344,56.237998962402344
2153.2,right,1,86110,0.0,72.04399871826172,72.06300354003906
2153.2,right,2,86110,0.0,92.20500183105469,92.2239990234375
2153.2,right,3,86110,0.0,105.10600280761719,105.10600280761719
2153.2,right,4,86110,0.0,98.08499908447266,98.1050033569336
2153.2,right,5,86110,0.0,95.23999786376953,96.02200317382812
2153.2,right,6,86110,0.0,95.25,95.25
2153.2,right,7,86110,0.0,87.125,87.125
2158.2,right,0,86310,0.0,56.040000915527344,56.237998962402344
2158.2,right,1,86310,0.0,72.04399871826172,72.06300354003906
2158.2,right,2,86310,0.0,92.20500183105469,92.2239990234375
2158.2,right,3,86310,0.0,105.10600280761719,105.10600280761719
2158.2,right,4,86310,0.0,98.08499908447266,98.1050033569336
2158.2,right,5,86310,0.0,95.23999786376953,96.02200317382812
2158.2,right,6,86310,0.0,95.23100280761719,95.25
2158.2,right,7,86310,0.0,87.1449966430664,87.1449966430664
2163.3,right,0,86514,0.0,56.02000045776367,56.237998962402344
2163.3,right,1,86514,0.0,72.04399871826172,72.06300354003906
2163.3,right,2,86514,0.0,92.20500183105469,92.2239990234375
2163.3,right,3,86514,0.0,105.08699798583984,105.10600280761719
2163.3,right,4,86514,0.0,98.06600189208984,98.1050033569336
2163.3,right,5,86514,0.0,95.23999786376953,96.02200317382812
2163.3,right,6,86513,0.0,95.21099853515625,95.25
2163.3,right,7,86513,0.0,87.125,87.1449966430664
2168.3,right,0,86715,0.0,56.02000045776367,56.237998962402344
2168.3,right,1,86715,0.0,72.04399871826172,72.06300354003906
2168.3,right,2,86715,0.0,92.20500183105469,92.2239990234375
2168.3,right,3,86715,0.0,105.08699798583984,105.10600280761719
2168.3,right,4,86715,0.0,98.08499908447266,98.1050033569336
2168.3,right,5,86715,0.0,96.00299835205078,96.02200317382812
2168.3,right,6,86715,0.0,95.23100280761719,95.25
2168.3,right,7,86715,0.0,87.1449966430664,87.1449966430664
2173.4,right,0,86918,0.0,56.040000915527344,56.237998962402344
2173.4,right,1,86918,0.0,72.02400207519531,72.06300354003906
2173.4,right,2,86918,0.0,92.20500183105469,92.2239990234375
2173.4,right,3,86918,0.0,105.08699798583984,105.10600280761719
2173.4,right,4,86917,0.0,98.1050033569336,98.1050033569336
2173.4,right,5,86917,0.0,95.23999786376953,96.02200317382812
2173.4,right,6,86917,0.0,95.21099853515625,95.25
2173.4,right,7,86917,0.0,87.1449966430664,87.1449966430664
2178.4,right,0,87120,0.0,56.040000915527344,56.237998962402344
2178.4,right,1,87120,0.0,72.04399871826172,72.06300354003906
2178.4,right,2,87120,0.0,92.18599700927734,92.2239990234375
2178.4,right,3,87120,0.0,105.10600280761719,105.10600280761719
2178.4,right,4,87120,0.0,98.08499908447266,98.1050033569336
2178.4,right,5,87120,0.0,96.00299835205078,96.02200317382812
2178.4,right,6,87120,0.0,95.23100280761719,95.25
2178.4,right,7,87120,0.0,87.1449966430664,87.1449966430664
2183.5,right,0,87322,0.0,56.02000045776367,56.237998962402344
2183.5,right,1,87322,0.0,72.04399871826172,72.06300354003906
2183.5,right,2,87321,0.0,92.20500183105469,92.2239990234375
2183.5,right,3,87321,0.0,105.10600280761719,105.10600280761719
2183.5,right,4,87321,0.0,98.1050033569336,98.1050033569336
2183.5,right,5,87321,0.0,96.02200317382812,96.02200317382812
2183.5,right,6,87321,0.0,95.23100280761719,95.25
2183.5,right,7,87321,0.0,87.1449966430664,87.1449966430664
2188.6,right,0,87525,0.0,56.040000915527344,56.237998962402344
2188.6,right,1,87525,0.0,72.04399871826172,72.06300354003906
2188.6,right,2,87525,0.0,92.20500183105469,92.2239990234375
2188.6,right,3,87525,0.0,105.08699798583984,105.10600280761719
2188.6,right,4,87525,0.0,98.1050033569336,98.1050033569336
2188.6,right,5,87525,0.0,96.00299835205078,96.02200317382812
2188.6,right,6,87525,0.0,95.25,95.25
2188.6,right,7,87525,0.0,87.1449966430664,87.1449966430664
2193.6,right,0,87727,0.0,56.040000915527344,56.237998962402344
2193.6,right,1,87727,0.0,72.04399871826172,72.06300354003906
2193.6,right,2,87726,0.0,92.18599700927734,92.2239990234375
2193.6,right,3,87726,0.0,105.10600280761719,105.10600280761719
2193.6,right,4,87726,0.0,98.1050033569336,98.1050033569336
2193.6,right,5,87726,0.0,96.02200317382812,96.02200317382812
2193.6,right,6,87726,0.0,95.23100280761719,95.25
2193.6,right,7,87726,0.0,87.1449966430664,87.1449966430664
2198.7,right,0,87930,0.0,56.040000915527344,56.237998962402344
2198.7,right,1,87930,0.0,72.04399871826172,72.06300354003906
2198.7,right,2,87930,0.0,92.18599700927734,92.2239990234375
2198.7,right,3,87930,0.0,105.10600280761719,105.10600280761719
2198.7,right,4,87930,0.0,98.1050033569336,98.1050033569336
2198.7,right,5,87930,0.0,96.02200317382812,96.02200317382812
2198.7,right,6,87930,0.0,95.23100280761719,95.25
2198.7,right,7,87930,0.0,87.1449966430664,87.1449966430664
2203.7,right,0,88132,0.0,56.040000915527344,56.237998962402344
2203.7,right,1,88132,0.0,72.04399871826172,72.06300354003906
2203.7,right,2,88131,0.0,92.20500183105469,92.2239990234375
2203.7,right,3,88131,0.0,105.10600280761719,105.1259994506836
2203.7,right,4,88131,0.0,98.1050033569336,98.1240005493164
2203.7,right,5,88131,0.0,96.02200317382812,96.04100036621094
2203.7,right,6,88131,0.0,95.23100280761719,95.25
2203.7,right,7,88131,0.0,87.16400146484375,87.16400146484375
2208.8,right,0,88334,0.0,56.058998107910156,56.237998962402344
2208.8,right,1,88334,0.0,72.06300354003906,72.06300354003906
2208.8,right,2,88334,0.0,92.20500183105469,92.2239990234375
2208.8,right,3,88334,0.0,105.10600280761719,105.1259994506836
2208.8,right,4,88334,0.0,98.1240005493164,98.1240005493164
2208.8,right,5,88334,0.0,96.02200317382812,96.04100036621094
2208.8,right,6,88333,0.0,95.23100280761719,95.25
2208.8,right,7,88333,0.0,87.1449966430664,87.16400146484375
2213.8,right,0,88535,0.0,56.040000915527344,56.237998962402344
2213.8,right,1,88535,0.0,72.04399871826172,72.06300354003906
2213.8,right,2,88535,0.0,92.20500183105469,92.2239990234375
2213.8,right,3,88535,0.0,105.10600280761719,105.1259994506836
2213.8,right,4,88535,0.0,98.1050033569336,98.1240005493164
2213.8,right,5,88535,0.0,96.02200317382812,96.04100036621094
2213.8,right,6,88535,0.0,95.23100280761719,95.25
2213.8,right,7,88535,0.0,87.1449966430664,87.16400146484375
2218.9,right,0,88738,0.0,56.040000915527344,56.237998962402344
2218.9,right,1,88738,0.0,72.06300354003906,72.06300354003906
2218.9,right,2,88738,0.0,92.20500183105469,92.2239990234375
2218.9,right,3,88738,0.0,105.10600280761719,105.1259994506836
2218.9,right,4,88737,0.0,98.1240005493164,98.1240005493164
2218.9,right,5,88737,0.0,96.00299835205078,96.04100036621094
2218.9,right,6,88737,0.0,95.19200134277344,95.25
2218.9,right,7,88737,0.0,87.1449966430664,87.16400146484375
2223.9,right,0,88939,0.0,56.040000915527344,56.237998962402344
2223.9,right,1,88939,0.0,72.04399871826172,72.06300354003906
2223.9,right,2,88939,0.0,92.2239990234375,92.2239990234375
2223.9,right,3,88939,0.0,105.10600280761719,105.1259994506836
2223.9,right,4,88939,0.0,98.1240005493164,98.1240005493164
2223.9,right,5,88939,0.0,96.02200317382812,96.04100036621094
2223.9,right,6,88938,0.0,95.19200134277344,95.25
2223.9,right,7,88938,0.0,87.16400146484375,87.16400146484375
2229.0,right,0,89140,0.0,56.02000045776367,56.237998962402344
2229.0,right,1,89140,0.0,72.04399871826172,72.06300354003906
2229.0,right,2,89140,0.0,92.20500183105469,92.2239990234375
2229.0,right,3,89140,0.0,105.10600280761719,105.1259994506836
2229.0,right,4,89140,0.0,98.1050033569336,98.1240005493164
2229.0,right,5,89140,0.0,96.02200317382812,96.04100036621094
2229.0,right,6,89140,0.0,95.19200134277344,95.25
2229.0,right,7,89140,0.0,87.125,87.16400146484375
2234.0,right,0,89343,0.0,56.040000915527344,56.237998962402344
2234.0,right,1,89343,0.0,72.04399871826172,72.06300354003906
2234.0,right,2,89343,0.0,92.20500183105469,92.2239990234375
2234.0,right,3,89343,0.0,105.1259994506836,105.1259994506836
2234.0,right,4,89342,0.0,98.1240005493164,98.14399719238281
2234.0,right,5,89342,0.0,96.00299835205078,96.04100036621094
2234.0,right,6,89342,0.0,95.21099853515625,95.25
2234.0,right,7,89342,0.0,87.1449966430664,87.16400146484375
2239.1,right,0,89545,0.0,56.040000915527344,56.237998962402344
2239.1,right,1,89545,0.0,72.06300354003906,72.06300354003906
2239.1,right,2,89545,0.0,92.20500183105469,92.2239990234375
2239.1,right,3,89545,0.0,105.10600280761719,105.1259994506836
2239.1,right,4,89545,0.0,98.14399719238281,98.14399719238281
2239.1,right,5,89545,0.0,96.00299835205078,96.04100036621094
2239.1,right,6,89545,0.0,95.21099853515625,95.25
2239.1,right,7,89545,0.0,87.16400146484375,87.16400146484375
2244.1,right,0,89747,0.0,56.058998107910156,56.237998962402344
2244.1,right,1,89747,0.0,72.06300354003906,72.06300354003906
2244.1,right,2,89746,0.0,92.20500183105469,92.2239990234375
2244.1,right,3,89746,0.0,105.10600280761719,105.1259994506836
2244.1,right,4,89746,0.0,98.1240005493164,98.14399719238281
2244.1,right,5,89746,0.0,96.02200317382812,96.04100036621094
2244.1,right,6,89746,0.0,95.23100280761719,95.25
2244.1,right,7,89746,0.0,87.1449966430664,87.16400146484375
2249.2,right,0,89948,0.0,56.058998107910156,56.237998962402344
2249.2,right,1,89948,0.0,72.06300354003906,72.06300354003906
2249.2,right,2,89948,0.0,92.2239990234375,92.2239990234375
2249.2,right,3,89948,0.0,105.10600280761719,105.1259994506836
2249.2,right,4,89947,0.0,98.1240005493164,98.14399719238281
2249.2,right,5,89947,0.0,95.23999786376953,96.04100036621094
2249.2,right,6,89947,0.0,95.25,95.25
2249.2,right,7,89947,0.0,87.1449966430664,87.16400146484375
2254.3,right,0,90152,0.0,56.058998107910156,56.237998962402344
2254.3,right,1,90152,0.0,72.06300354003906,72.06300354003906
2254.3,right,2,90151,0.0,92.2239990234375,92.2239990234375
2254.3,right,3,90151,0.0,105.10600280761719,105.1259994506836
2254.3,right,4,90151,0.0,98.14399719238281,98.14399719238281
2254.3,right,5,90151,0.0,96.00299835205078,96.04100036621094
2254.3,right,6,90151,0.0,95.25,95.25
2254.3,right,7,90151,0.0,87.1449966430664,87.16400146484375
2259.4,right,0,90357,0.0,56.040000915527344,56.237998962402344
2259.4,right,1,90357,0.0,72.06300354003906,72.06300354003906
2259.4,right,2,90356,0.0,92.20500183105469,92.2239990234375
2259.4,right,3,90356,0.0,105.1259994506836,105.1259994506836
2259.4,right,4,90356,0.0,98.14399719238281,98.14399719238281
2259.4,right,5,90356,0.0,96.02200317382812,96.04100036621094
2259.4,right,6,90356,0.0,95.25,95.25
2259.4,right,7,90356,0.0,87.16400146484375,87.16400146484375
2264.4,right,0,90560,0.0,56.040000915527344,56.237998962402344
2264.4,right,1,90560,0.0,72.06300354003906,72.06300354003906
2264.4,right,2,90560,0.0,92.2239990234375,92.2239990234375
2264.4,right,3,90560,0.0,105.1259994506836,105.1259994506836
2264.4,right,4,90560,0.0,98.14399719238281,98.14399719238281
2264.4,right,5,90560,0.0,96.00299835205078,96.04100036621094
2264.4,right,6,90560,0.0,95.25,95.25
2264.4,right,7,90560,0.0,87.1449966430664,87.16400146484375
2269.5,right,0,90762,0.0,56.040000915527344,56.237998962402344
2269.5,right,1,90762,0.0,72.06300354003906,72.06300354003906
2269.5,right,2,90761,0.0,92.2239990234375,92.2239990234375
2269.5,right,3,90761,0.0,105.1259994506836,105.1259994506836
2269.5,right,4,90761,0.0,98.1240005493164,98.14399719238281
2269.5,right,5,90761,0.0,96.00299835205078,96.04100036621094
2269.5,right,6,90761,0.0,95.23100280761719,95.25
2269.5,right,7,90761,0.0,87.1449966430664,87.16400146484375
2274.6,right,0,90965,0.0,56.040000915527344,56.237998962402344
2274.6,right,1,90965,0.0,72.06300354003906,72.06300354003906
2274.6,right,2,90965,0.0,92.20500183105469,92.2239990234375
2274.6,right,3,90965,0.0,105.1449966430664,105.1449966430664
2274.6,right,4,90965,0.0,98.14399719238281,98.14399719238281
2274.6,right,5,90965,0.0,96.02200317382812,96.04100036621094
2274.6,right,6,90965,0.0,95.23100280761719,95.25
2274.6,right,7,90965,0.0,87.1449966430664,87.16400146484375
2279.7,right,0,91169,0.0,56.040000915527344,56.237998962402344
2279.7,right,1,91169,0.0,72.06300354003906,72.06300354003906
2279.7,right,2,91169,0.0,92.20500183105469,92.2239990234375
2279.7,right,3,91169,0.0,105.1449966430664,105.1449966430664
2279.7,right,4,91169,0.0,98.14399719238281,98.14399719238281
2279.7,right,5,91169,0.0,96.02200317382812,96.04100036621094
2279.7,right,6,91168,0.0,95.25,95.25
2279.7,right,7,91168,0.0,87.1449966430664,87.16400146484375
2284.8,right,0,91372,0.0,56.07899856567383,56.237998962402344
2284.8,right,1,91372,0.0,72.06300354003906,72.06300354003906
2284.8,right,2,91371,0.0,92.20500183105469,92.2239990234375
2284.8,right,3,91371,0.0,105.1259994506836,105.1449966430664
2284.8,right,4,91371,0.0,98.14399719238281,98.14399719238281
2284.8,right,5,91371,0.0,96.02200317382812,96.04100036621094
2284.8,right,6,91371,0.0,95.23100280761719,95.25
2284.8,right,7,91371,0.0,87.1449966430664,87.16400146484375
2289.8,right,0,91574,0.0,56.07899856567383,56.237998962402344
2289.8,right,1,91574,0.0,72.06300354003906,72.06300354003906
2289.8,right,2,91574,0.0,92.20500183105469,92.2239990234375
2289.8,right,3,91574,0.0,105.1259994506836,105.1449966430664
2289.8,right,4,91574,0.0,98.16300201416016,98.16300201416016
2289.8,right,5,91574,0.0,96.02200317382812,96.04100036621094
2289.8,right,6,91573,0.0,95.25,96.01300048828125
2289.8,right,7,91573,0.0,87.16400146484375,87.16400146484375
2294.8,right,0,91775,0.0,56.058998107910156,56.237998962402344
2294.8,right,1,91775,0.0,72.06300354003906,72.08200073242188
2294.8,right,2,91775,0.0,92.20500183105469,92.2239990234375
2294.8,right,3,91775,0.0,105.1449966430664,105.1449966430664
2294.8,right,4,91775,0.0,98.14399719238281,98.16300201416016
2294.8,right,5,91775,0.0,96.02200317382812,96.04100036621094
2294.8,right,6,91775,0.0,95.25,96.01300048828125
2294.8,right,7,91775,0.0,87.18399810791016,87.18399810791016
2299.9,right,0,91978,0.0,56.058998107910156,56.237998962402344
2299.9,right,1,91978,0.0,72.06300354003906,72.08200073242188
2299.9,right,2,91978,0.0,92.20500183105469,92.2239990234375
2299.9,right,3,91978,0.0,105.1259994506836,105.1449966430664
2299.9,right,4,91977,0.0,98.14399719238281,98.16300201416016
2299.9,right,5,91977,0.0,96.02200317382812,96.04100036621094
2299.9,right,6,91977,0.0,96.01300048828125,96.03299713134766
2299.9,right,7,91977,0.0,87.1449966430664,87.18399810791016
2304.9,right,0,92179,0.0,56.07899856567383,56.237998962402344
2304.9,right,1,92179,0.0,72.08200073242188,72.08200073242188
2304.9,right,2,92179,0.0,92.2239990234375,92.2239990234375
2304.9,right,3,92179,0.0,105.1259994506836,105.1449966430664
2304.9,right,4,92179,0.0,98.14399719238281,98.16300201416016
2304.9,right,5,92179,0.0,96.04100036621094,96.04100036621094
2304.9,right,6,92178,0.0,96.03299713134766,96.03299713134766
2304.9,right,7,92178,0.0,87.16400146484375,87.18399810791016
2310.0,right,0,92380,0.0,56.058998107910156,56.237998962402344
2310.0,right,1,92380,0.0,72.06300354003906,72.08200073242188
2310.0,right,2,92380,0.0,92.2239990234375,92.2239990234375
2310.0,right,3,92380,0.0,105.1259994506836,105.1449966430664
2310.0,right,4,92380,0.0,98.14399719238281,98.16300201416016
2310.0,right,5,92380,0.0,96.02200317382812,96.04100036621094
2310.0,right,6,92380,0.0,96.03299713134766,96.052001953125
2310.0,right,7,92380,0.0,87.18399810791016,87.18399810791016
2315.0,right,0,92584,0.0,56.058998107910156,56.237998962402344
2315.0,right,1,92584,0.0,72.06300354003906,72.08200073242188
2315.0,right,2,92584,0.0,92.2239990234375,92.2239990234375
2315.0,right,3,92584,0.0,105.1259994506836,105.1449966430664
2315.0,right,4,92584,0.0,98.16300201416016,98.16300201416016
2315.0,right,5,92584,0.0,96.00299835205078,96.04100036621094
2315.0,right,6,92583,0.0,96.03299713134766,96.052001953125
2315.0,right,7,92583,0.0,87.2030029296875,87.2030029296875
2320.1,right,0,92788,0.0,56.058998107910156,56.237998962402344
2320.1,right,1,92788,0.0,72.06300354003906,72.08200073242188
2320.1,right,2,92788,0.0,92.2239990234375,92.24400329589844
2320.1,right,3,92788,0.0,105.1449966430664,105.1449966430664
2320.1,right,4,92787,0.0,98.14399719238281,98.16300201416016
2320.1,right,5,92787,0.0,96.00299835205078,96.04100036621094
2320.1,right,6,92787,0.0,96.01300048828125,96.052001953125
2320.1,right,7,92787,0.0,87.2030029296875,87.2030029296875
2325.2,right,0,92989,0.0,56.058998107910156,56.237998962402344
2325.2,right,1,92989,0.0,72.06300354003906,72.08200073242188
2325.2,right,2,92989,0.0,92.2239990234375,92.24400329589844
2325.2,right,3,92989,0.0,105.1259994506836,105.1449966430664
2325.2,right,4,92989,0.0,98.14399719238281,98.16300201416016
2325.2,right,5,92989,0.0,96.02200317382812,96.04100036621094
2325.2,right,6,92988,0.0,96.03299713134766,96.052001953125
2325.2,right,7,92988,0.0,87.18399810791016,87.2030029296875
2330.2,right,0,93190,0.0,56.058998107910156,56.237998962402344
2330.2,right,1,93190,0.0,72.06300354003906,72.08200073242188
2330.2,right,2,93190,0.0,92.2239990234375,92.24400329589844
2330.2,right,3,93190,0.0,105.1259994506836,105.1449966430664
2330.2,right,4,93190,0.0,98.16300201416016,98.16300201416016
2330.2,right,5,93190,0.0,96.04100036621094,96.04100036621094
2330.2,right,6,93190,0.0,95.25,96.052001953125
2330.2,right,7,93190,0.0,87.16400146484375,87.2030029296875
2335.3,right,0,93393,0.0,56.058998107910156,56.237998962402344
2335.3,right,1,93393,0.0,72.06300354003906,72.08200073242188
2335.3,right,2,93393,0.0,92.20500183105469,92.24400329589844
2335.3,right,3,93393,0.0,105.1449966430664,105.1449966430664
2335.3,right,4,93392,0.0,98.14399719238281,98.16300201416016
2335.3,right,5,93392,0.0,96.04100036621094,96.04100036621094
2335.3,right,6,93392,0.0,95.25,96.052001953125
2335.3,right,7,93392,0.0,87.18399810791016,87.2030029296875
2340.3,right,0,93595,0.0,56.058998107910156,56.237998962402344
2340.3,right,1,93595,0.0,72.06300354003906,72.08200073242188
2340.3,right,2,93595,0.0,92.2239990234375,92.24400329589844
2340.3,right,3,93595,0.0,105.1449966430664,105.1449966430664
2340.3,right,4,93595,0.0,98.14399719238281,98.16300201416016
2340.3,right,5,93595,0.0,96.06099700927734,96.06099700927734
2340.3,right,6,93595,0.0,95.25,96.052001953125
2340.3,right,7,93595,0.0,87.125,87.2030029296875
2345.4,right,0,93798,0.0,56.058998107910156,56.237998962402344
2345.4,right,1,93798,0.0,72.06300354003906,72.08200073242188
2345.4,right,2,93798,0.0,92.2239990234375,92.24400329589844
2345.4,right,3,93798,0.0,105.1449966430664,105.1449966430664
2345.4,right,4,93797,0.0,98.14399719238281,98.16300201416016
2345.4,right,5,93797,0.0,96.04100036621094,96.06099700927734
2345.4,right,6,93797,0.0,96.01300048828125,96.052001953125
2345.4,right,7,93797,0.0,87.1449966430664,87.2030029296875
2350.4,right,0,93999,0.0,56.040000915527344,56.237998962402344
2350.4,right,1,93999,0.0,72.06300354003906,72.08200073242188
2350.4,right,2,93999,0.0,92.2239990234375,92.24400329589844
2350.4,right,3,93999,0.0,105.1449966430664,105.1449966430664
2350.4,right,4,93999,0.0,98.16300201416016,98.16300201416016
2350.4,right,5,93999,0.0,96.04100036621094,96.06099700927734
2350.4,right,6,93998,0.0,96.01300048828125,96.052001953125
2350.4,right,7,93998,0.0,87.1449966430664,87.2030029296875
2355.5,right,0,94200,0.0,56.040000915527344,56.237998962402344
2355.5,right,1,94200,0.0,72.06300354003906,72.08200073242188
2355.5,right,2,94200,0.0,92.2239990234375,92.24400329589844
2355.5,right,3,94200,0.0,105.1449966430664,105.16400146484375
2355.5,right,4,94200,0.0,98.16300201416016,98.16300201416016
2355.5,right,5,94200,0.0,96.06099700927734,96.06099700927734
2355.5,right,6,94200,0.0,96.03299713134766,96.052001953125
2355.5,right,7,94200,0.0,87.1449966430664,87.2030029296875
2360.5,right,0,94402,0.0,56.058998107910156,56.237998962402344
2360.5,right,1,94402,0.0,72.08200073242188,72.08200073242188
2360.5,right,2,94401,0.0,92.2239990234375,92.24400329589844
2360.5,right,3,94401,0.0,105.1449966430664,105.16400146484375
2360.5,right,4,94401,0.0,98.14399719238281,98.16300201416016
2360.5,right,5,94401,0.0,96.06099700927734,96.06099700927734
2360.5,right,6,94401,0.0,96.03299713134766,96.052001953125
2360.5,right,7,94401,0.0,87.1449966430664,87.2030029296875
2365.6,right,0,94605,0.0,56.058998107910156,56.237998962402344
2365.6,right,1,94605,0.0,72.08200073242188,72.08200073242188
2365.6,right,2,94605,0.0,92.24400329589844,92.24400329589844
2365.6,right,3,94605,0.0,105.1449966430664,105.16400146484375
2365.6,right,4,94605,0.0,98.16300201416016,98.16300201416016
2365.6,right,5,94605,0.0,96.06099700927734,96.06099700927734
2365.6,right,6,94605,0.0,95.25,96.25
2365.6,right,7,94605,0.0,87.1449966430664,87.2030029296875
2370.6,right,0,94805,0.0,56.058998107910156,56.237998962402344
2370.6,right,1,94805,0.0,72.06300354003906,72.08200073242188
2370.6,right,2,94805,0.0,92.2239990234375,92.24400329589844
2370.6,right,3,94805,0.0,105.1449966430664,105.16400146484375
2370.6,right,4,94805,0.0,98.16300201416016,98.16300201416016
2370.6,right,5,94805,0.0,96.06099700927734,96.06099700927734
2370.6,right,6,94805,0.0,95.25,96.25
2370.6,right,7,94805,0.0,87.16400146484375,87.2030029296875
2375.7,right,0,95008,0.0,56.058998107910156,56.237998962402344
2375.7,right,1,95008,0.0,72.06300354003906,72.08200073242188
2375.7,right,2,95008,0.0,92.2239990234375,92.24400329589844
2375.7,right,3,95008,0.0,105.1449966430664,105.16400146484375
2375.7,right,4,95007,0.0,98.14399719238281,98.16300201416016
2375.7,right,5,95007,0.0,96.06099700927734,96.06099700927734
2375.7,right,6,95007,0.0,96.01300048828125,96.25
2375.7,right,7,95007,0.0,87.18399810791016,87.2030029296875
2380.7,right,0,95210,0.0,56.058998107910156,56.237998962402344
2380.7,right,1,95210,0.0,72.06300354003906,72.08200073242188
2380.7,right,2,95210,0.0,92.2239990234375,92.24400329589844
2380.7,right,3,95210,0.0,105.16400146484375,105.16400146484375
2380.7,right,4,95210,0.0,98.14399719238281,98.16300201416016
2380.7,right,5,95210,0.0,96.06099700927734,96.06099700927734
2380.7,right,6,95210,0.0,96.03299713134766,96.25
2380.7,right,7,95210,0.0,87.16400146484375,87.2030029296875
2385.9,right,0,95417,0.0,56.058998107910156,56.237998962402344
2385.9,right,1,95417,0.0,72.06300354003906,72.08200073242188
2385.9,right,2,95416,0.0,92.24400329589844,92.24400329589844
2385.9,right,3,95416,0.0,105.1449966430664,105.16400146484375
2385.9,right,4,95416,0.0,98.16300201416016,98.16300201416016
2385.9,right,5,95416,0.0,96.04100036621094,96.06099700927734
2385.9,right,6,95416,0.0,96.01300048828125,96.25
2385.9,right,7,95416,0.0,87.18399810791016,87.2030029296875
2390.9,right,0,95619,0.0,56.058998107910156,56.237998962402344
2390.9,right,1,95619,0.0,72.06300354003906,72.08200073242188
2390.9,right,2,95619,0.0,92.24400329589844,92.24400329589844
2390.9,right,3,95619,0.0,105.1449966430664,105.16400146484375
2390.9,right,4,95619,0.0,98.16300201416016,98.16300201416016
2390.9,right,5,95619,0.0,96.04100036621094,96.06099700927734
2390.9,right,6,95618,0.0,96.01300048828125,96.25
2390.9,right,7,95618,0.0,87.18399810791016,87.2030029296875
2396.0,right,0,95820,0.0,56.058998107910156,56.237998962402344
2396.0,right,1,95820,0.0,72.08200073242188,72.08200073242188
2396.0,right,2,95820,0.0,93.00700378417969,93.00700378417969
2396.0,right,3,95820,0.0,105.1449966430664,105.16400146484375
2396.0,right,4,95820,0.0,98.16300201416016,98.16300201416016
2396.0,right,5,95820,0.0,96.06099700927734,96.06099700927734
2396.0,right,6,95820,0.0,96.01300048828125,96.25
2396.0,right,7,95820,0.0,87.18399810791016,87.2030029296875
2401.0,right,0,96023,0.0,56.07899856567383,56.237998962402344
2401.0,right,1,96023,0.0,72.08200073242188,72.08200073242188
2401.0,right,2,96023,0.0,93.00700378417969,93.00700378417969
2401.0,right,3,96023,0.0,105.16400146484375,105.16400146484375
2401.0,right,4,96022,0.0,98.18199920654297,98.18199920654297
2401.0,right,5,96022,0.0,96.04100036621094,96.06099700927734
2401.0,right,6,96022,0.0,95.25,96.25
2401.0,right,7,96022,0.0,87.18399810791016,87.2030029296875
2406.1,right,0,96225,0.0,56.058998107910156,56.237998962402344
2406.1,right,1,96225,0.0,72.08200073242188,72.08200073242188
2406.1,right,2,96225,0.0,93.0260009765625,93.0260009765625
2406.1,right,3,96225,0.0,105.16400146484375,105.16400146484375
2406.1,right,4,96225,0.0,98.18199920654297,98.18199920654297
2406.1,right,5,96225,0.0,96.04100036621094,96.06099700927734
2406.1,right,6,96225,0.0,95.25,96.25
2406.1,right,7,96225,0.0,87.18399810791016,87.2030029296875
2411.1,right,0,96427,0.0,56.058998107910156,56.237998962402344
2411.1,right,1,96427,0.0,72.08200073242188,72.08200073242188
2411.1,right,2,96426,0.0,93.00700378417969,93.0260009765625
2411.1,right,3,96426,0.0,105.1449966430664,105.16400146484375
2411.1,right,4,96426,0.0,98.18199920654297,98.18199920654297
2411.1,right,5,96426,0.0,96.04100036621094,96.06099700927734
2411.1,right,6,96426,0.0,95.25,96.25
2411.1,right,7,96426,0.0,87.18399810791016,87.2030029296875
2416.2,right,0,96628,0.0,56.058998107910156,56.237998962402344
2416.2,right,1,96628,0.0,72.08200073242188,72.08200073242188
2416.2,right,2,96628,0.0,92.24400329589844,93.0260009765625
2416.2,right,3,96628,0.0,105.1449966430664,105.16400146484375
2416.2,right,4,96627,0.0,98.18199920654297,98.18199920654297
2416.2,right,5,96627,0.0,96.04100036621094,96.06099700927734
2416.2,right,6,96627,0.0,95.25,96.25
2416.2,right,7,96627,0.0,87.18399810791016,87.2030029296875
2421.3,right,0,96833,0.0,56.058998107910156,56.237998962402344
2421.3,right,1,96833,0.0,72.10199737548828,72.10199737548828
2421.3,right,2,96833,0.0,92.24400329589844,93.0260009765625
2421.3,right,3,96833,0.0,105.1449966430664,105.16400146484375
2421.3,right,4,96832,0.0,98.18199920654297,98.18199920654297
2421.3,right,5,96832,0.0,96.06099700927734,96.06099700927734
2421.3,right,6,96832,0.0,95.25,96.25
2421.3,right,7,96832,0.0,87.18399810791016,87.2030029296875
2426.3,right,0,97034,0.0,56.058998107910156,56.237998962402344
2426.3,right,1,97034,0.0,72.08200073242188,72.10199737548828
2426.3,right,2,97034,0.0,92.2239990234375,93.0260009765625
2426.3,right,3,97034,0.0,105.1449966430664,105.16400146484375
2426.3,right,4,97034,0.0,98.18199920654297,98.18199920654297
2426.3,right,5,97034,0.0,96.04100036621094,96.06099700927734
2426.3,right,6,97033,0.0,95.25,96.25
2426.3,right,7,97033,0.0,87.2030029296875,87.2030029296875
2431.4,right,0,97238,0.0,56.058998107910156,56.237998962402344
2431.4,right,1,97238,0.0,72.08200073242188,72.10199737548828
2431.4,right,2,97238,0.0,92.2239990234375,93.0260009765625
2431.4,right,3,97238,0.0,105.1449966430664,105.16400146484375
2431.4,right,4,97237,0.0,98.18199920654297,98.2020034790039
2431.4,right,5,97237,0.0,96.06099700927734,96.06099700927734
2431.4,right,6,97237,0.0,96.01300048828125,96.25
2431.4,right,7,97237,0.0,87.18399810791016,87.2030029296875
2436.4,right,0,97440,0.0,56.058998107910156,56.237998962402344
2436.4,right,1,97440,0.0,72.06300354003906,72.10199737548828
2436.4,right,2,97440,0.0,92.2239990234375,93.0260009765625
2436.4,right,3,97440,0.0,105.16400146484375,105.16400146484375
2436.4,right,4,97440,0.0,98.18199920654297,98.2020034790039
2436.4,right,5,97440,0.0,96.06099700927734,96.06099700927734
2436.4,right,6,97440,0.0,96.01300048828125,96.25
2436.4,right,7,97440,0.0,87.2030029296875,87.2030029296875
2441.5,right,0,97640,0.0,56.040000915527344,56.237998962402344
2441.5,right,1,97640,0.0,72.08200073242188,72.10199737548828
2441.5,right,2,97640,0.0,92.2239990234375,93.0260009765625
2441.5,right,3,97640,0.0,105.16400146484375,105.16400146484375
2441.5,right,4,97640,0.0,98.18199920654297,98.2020034790039
2441.5,right,5,97640,0.0,96.06099700927734,96.08000183105469
2441.5,right,6,97640,0.0,96.03299713134766,96.25
2441.5,right,7,97640,0.0,87.18399810791016,87.2030029296875
2446.6,right,0,97845,0.0,56.040000915527344,56.237998962402344
2446.6,right,1,97845,0.0,72.06300354003906,72.10199737548828
2446.6,right,2,97845,0.0,92.2239990234375,93.0260009765625
2446.6,right,3,97845,0.0,105.16400146484375,105.16400146484375
2446.6,right,4,97845,0.0,98.18199920654297,98.2020034790039
2446.6,right,5,97845,0.0,96.06099700927734,96.08000183105469
2446.6,right,6,97845,0.0,96.03299713134766,96.25
2446.6,right,7,97845,0.0,87.16400146484375,87.2030029296875
2451.6,right,0,98047,0.0,56.040000915527344,56.237998962402344
2451.6,right,1,98047,0.0,72.06300354003906,72.10199737548828
2451.6,right,2,98046,0.0,92.24400329589844,93.0260009765625
2451.6,right,3,98046,0.0,105.16400146484375,105.16400146484375
2451.6,right,4,98046,0.0,98.18199920654297,98.2020034790039
2451.6,right,5,98046,0.0,96.06099700927734,96.08000183105469
2451.6,right,6,98046,0.0,96.052001953125,96.25
2451.6,right,7,98046,0.0,87.18399810791016,87.2030029296875
2456.7,right,0,98249,0.0,56.040000915527344,56.237998962402344
2456.7,right,1,98249,0.0,72.08200073242188,72.10199737548828
2456.7,right,2,98249,0.0,92.24400329589844,93.0260009765625
2456.7,right,3,98249,0.0,105.16400146484375,105.16400146484375
2456.7,right,4,98249,0.0,98.18199920654297,98.2020034790039
2456.7,right,5,98249,0.0,96.04100036621094,96.08000183105469
2456.7,right,6,98248,0.0,96.03299713134766,96.25
2456.7,right,7,98248,0.0,87.2030029296875,87.2030029296875
2461.7,right,0,98450,0.0,56.058998107910156,56.237998962402344
2461.7,right,1,98450,0.0,72.08200073242188,72.10199737548828
2461.7,right,2,98450,0.0,92.24400329589844,93.0260009765625
2461.7,right,3,98450,0.0,105.16400146484375,105.16400146484375
2461.7,right,4,98450,0.0,98.18199920654297,98.2020034790039
2461.7,right,5,98450,0.0,96.04100036621094,96.08000183105469
2461.7,right,6,98450,0.0,96.01300048828125,96.25
2461.7,right,7,98450,0.0,87.2030029296875,87.2030029296875
2466.9,right,0,98657,0.0,56.058998107910156,56.237998962402344
2466.9,right,1,98657,0.0,72.08200073242188,72.10199737548828
2466.9,right,2,98656,0.0,92.24400329589844,93.0260009765625
2466.9,right,3,98656,0.0,105.16400146484375,105.16400146484375
2466.9,right,4,98656,0.0,98.2020034790039,98.2020034790039
2466.9,right,5,98656,0.0,96.04100036621094,96.08000183105469
2466.9,right,6,98656,0.0,96.03299713134766,96.25
2466.9,right,7,98656,0.0,87.2229995727539,87.2229995727539
2471.9,right,0,98859,0.0,56.058998107910156,56.237998962402344
2471.9,right,1,98859,0.0,72.08200073242188,72.10199737548828
2471.9,right,2,98859,0.0,92.24400329589844,93.0260009765625
2471.9,right,3,98859,0.0,105.1449966430664,105.16400146484375
2471.9,right,4,98859,0.0,98.2020034790039,98.2020034790039
2471.9,right,5,98859,0.0,96.02200317382812,96.08000183105469
2471.9,right,6,98858,0.0,96.052001953125,96.25
2471.9,right,7,98858,0.0,87.2030029296875,87.2229995727539
2477.0,right,0,99060,0.0,56.058998107910156,56.237998962402344
2477.0,right,1,99060,0.0,72.08200073242188,72.10199737548828
2477.0,right,2,99060,0.0,92.2239990234375,93.0260009765625
2477.0,right,3,99060,0.0,105.16400146484375,105.16400146484375
2477.0,right,4,99060,0.0,98.18199920654297,98.2020034790039
2477.0,right,5,99060,0.0,96.02200317382812,96.08000183105469
2477.0,right,6,99060,0.0,96.03299713134766,96.25
2477.0,right,7,99060,0.0,87.2030029296875,87.2229995727539
2482.0,right,0,99262,0.0,56.058998107910156,56.237998962402344
2482.0,right,1,99262,0.0,72.10199737548828,72.10199737548828
2482.0,right,2,99261,0.0,92.2239990234375,93.0260009765625
2482.0,right,3,99261,0.0,105.1449966430664,105.16400146484375
2482.0,right,4,99261,0.0,98.18199920654297,98.2020034790039
2482.0,right,5,99261,0.0,96.02200317382812,96.08000183105469
2482.0,right,6,99261,0.0,96.03299713134766,96.25
2482.0,right,7,99261,0.0,87.2030029296875,87.2229995727539
2487.0,right,0,99463,0.0,56.058998107910156,56.237998962402344
2487.0,right,1,99463,0.0,72.08200073242188,72.10199737548828
2487.0,right,2,99463,0.0,93.00700378417969,93.0260009765625
2487.0,right,3,99463,0.0,105.1449966430664,105.16400146484375
2487.0,right,4,99462,0.0,98.18199920654297,98.2020034790039
2487.0,right,5,99462,0.0,96.04100036621094,96.08000183105469
2487.0,right,6,99462,0.0,96.01300048828125,96.25
2487.0,right,7,99462,0.0,87.2030029296875,87.2229995727539
2492.1,right,0,99665,0.0,56.07899856567383,56.237998962402344
2492.1,right,1,99665,0.0,72.10199737548828,72.10199737548828
2492.1,right,2,99665,0.0,93.00700378417969,93.0260009765625
2492.1,right,3,99665,0.0,105.16400146484375,105.16400146484375
2492.1,right,4,99665,0.0,98.18199920654297,98.2020034790039
2492.1,right,5,99665,0.0,96.06099700927734,96.08000183105469
2492.1,right,6,99665,0.0,96.03299713134766,96.25
2492.1,right,7,99665,0.0,87.18399810791016,87.2229995727539
2497.1,right,0,99865,0.0,56.07899856567383,56.237998962402344
2497.1,right,1,99865,0.0,72.08200073242188,72.10199737548828
2497.1,right,2,99865,0.0,92.24400329589844,93.0260009765625
2497.1,right,3,99865,0.0,105.16400146484375,105.16400146484375
2497.1,right,4,99865,0.0,98.18199920654297,98.2020034790039
2497.1,right,5,99865,0.0,96.06099700927734,96.08000183105469
2497.1,right,6,99865,0.0,96.052001953125,96.25
2497.1,right,7,99865,0.0,87.2229995727539,87.2229995727539
2502.2,right,0,100070,0.0,56.07899856567383,56.237998962402344
2502.2,right,1,100070,0.0,72.08200073242188,72.10199737548828
2502.2,right,2,100070,0.0,92.24400329589844,93.0260009765625
2502.2,right,3,100070,0.0,105.18399810791016,105.18399810791016
2502.2,right,4,100070,0.0,98.18199920654297,98.2020034790039
2502.2,right,5,100070,0.0,96.08000183105469,96.08000183105469
2502.2,right,6,100070,0.0,96.052001953125,96.25
2502.2,right,7,100070,0.0,87.2030029296875,87.2229995727539
2507.3,right,0,100273,0.0,56.058998107910156,56.237998962402344
2507.3,right,1,100273,0.0,72.08200073242188,72.10199737548828
2507.3,right,2,100273,0.0,92.2239990234375,93.0260009765625
2507.3,right,3,100273,0.0,105.16400146484375,105.18399810791016
2507.3,right,4,100272,0.0,98.18199920654297,98.2020034790039
2507.3,right,5,100272,0.0,96.06099700927734,96.08000183105469
2507.3,right,6,100272,0.0,96.0719985961914,96.25
2507.3,right,7,100272,0.0,87.2229995727539,87.2229995727539
2512.3,right,0,100475,0.0,56.058998107910156,56.237998962402344
2512.3,right,1,100475,0.0,72.08200073242188,72.10199737548828
2512.3,right,2,100475,0.0,92.24400329589844,93.0260009765625
2512.3,right,3,100475,0.0,105.16400146484375,105.18399810791016
2512.3,right,4,100475,0.0,98.18199920654297,98.2020034790039
2512.3,right,5,100475,0.0,96.06099700927734,96.08000183105469
2512.3,right,6,100475,0.0,96.052001953125,96.25
2512.3,right,7,100475,0.0,87.2229995727539,87.2229995727539
2517.4,right,0,100678,0.0,56.058998107910156,56.237998962402344
2517.4,right,1,100678,0.0,72.08200073242188,72.10199737548828
2517.4,right,2,100678,0.0,92.2239990234375,93.0260009765625
2517.4,right,3,100678,0.0,105.18399810791016,105.18399810791016
2517.4,right,4,100677,0.0,98.18199920654297,98.2020034790039
2517.4,right,5,100677,0.0,96.06099700927734,96.08000183105469
2517.4,right,6,100677,0.0,96.052001953125,96.25
2517.4,right,7,100677,0.0,87.2030029296875,87.2229995727539
2522.5,right,0,100882,0.0,56.058998107910156,56.237998962402344
2522.5,right,1,100882,0.0,72.08200073242188,72.10199737548828
2522.5,right,2,100881,0.0,92.24400329589844,93.0260009765625
2522.5,right,3,100881,0.0,105.18399810791016,105.18399810791016
2522.5,right,4,100881,0.0,98.18199920654297,98.2020034790039
2522.5,right,5,100881,0.0,96.06099700927734,96.08000183105469
2522.5,right,6,100881,0.0,96.0719985961914,96.25
2522.5,right,7,100881,0.0,87.2030029296875,87.2229995727539
2527.6,right,0,101084,0.0,56.058998107910156,56.237998962402344
2527.6,right,1,101084,0.0,72.08200073242188,72.10199737548828
2527.6,right,2,101084,0.0,92.24400329589844,93.0260009765625
2527.6,right,3,101084,0.0,105.16400146484375,105.18399810791016
2527.6,right,4,101084,0.0,98.18199920654297,98.2020034790039
2527.6,right,5,101084,0.0,96.06099700927734,96.08000183105469
2527.6,right,6,101083,0.0,96.052001953125,96.25
2527.6,right,7,101083,0.0,87.18399810791016,87.2229995727539
2532.6,right,0,101285,0.0,56.058998107910156,56.237998962402344
2532.6,right,1,101285,0.0,72.08200073242188,72.10199737548828
2532.6,right,2,101285,0.0,92.24400329589844,93.0260009765625
2532.6,right,3,101285,0.0,105.16400146484375,105.18399810791016
2532.6,right,4,101285,0.0,98.16300201416016,98.2020034790039
2532.6,right,5,101285,0.0,96.04100036621094,96.08000183105469
2532.6,right,6,101285,0.0,96.052001953125,96.25
2532.6,right,7,101285,0.0,87.2229995727539,87.2229995727539
2537.6,right,0,101487,0.0,56.058998107910156,56.237998962402344
2537.6,right,1,101487,0.0,72.08200073242188,72.10199737548828
2537.6,right,2,101486,0.0,92.2239990234375,93.0260009765625
2537.6,right,3,101486,0.0,105.18399810791016,105.18399810791016
2537.6,right,4,101486,0.0,98.18199920654297,98.2020034790039
2537.6,right,5,101486,0.0,96.06099700927734,96.08000183105469
2537.6,right,6,101486,0.0,96.052001953125,96.25
2537.6,right,7,101486,0.0,87.2030029296875,87.2229995727539
2542.7,right,0,101689,0.0,56.07899856567383,56.237998962402344
2542.7,right,1,101689,0.0,72.08200073242188,72.10199737548828
2542.7,right,2,101689,0.0,92.24400329589844,93.0260009765625
2542.7,right,3,101689,0.0,105.18399810791016,105.18399810791016
2542.7,right,4,101689,0.0,98.16300201416016,98.2020034790039
2542.7,right,5,101689,0.0,96.06099700927734,96.08000183105469
2542.7,right,6,101688,0.0,96.0719985961914,96.25
2542.7,right,7,101688,0.0,87.18399810791016,87.2229995727539
2547.7,right,0,101890,0.0,56.058998107910156,56.237998962402344
2547.7,right,1,101890,0.0,72.10199737548828,72.10199737548828
2547.7,right,2,101890,0.0,92.24400329589844,93.0260009765625
2547.7,right,3,101890,0.0,105.18399810791016,105.18399810791016
2547.7,right,4,101890,0.0,98.18199920654297,98.2020034790039
2547.7,right,5,101890,0.0,96.08000183105469,96.08000183105469
2547.7,right,6,101890,0.0,96.052001953125,96.25
2547.7,right,7,101890,0.0,87.18399810791016,87.2229995727539
2552.8,right,0,102093,0.0,56.07899856567383,56.237998962402344
2552.8,right,1,102093,0.0,72.10199737548828,72.10199737548828
2552.8,right,2,102093,0.0,92.2239990234375,93.0260009765625
2552.8,right,3,102093,0.0,105.18399810791016,105.18399810791016
2552.8,right,4,102092,0.0,98.18199920654297,98.2020034790039
2552.8,right,5,102092,0.0,96.06099700927734,96.08000183105469
2552.8,right,6,102092,0.0,96.052001953125,96.25
2552.8,right,7,102092,0.0,87.16400146484375,87.2229995727539
2557.8,right,0,102295,0.0,56.058998107910156,56.237998962402344
2557.8,right,1,102295,0.0,72.08200073242188,72.10199737548828
2557.8,right,2,102295,0.0,92.2239990234375,93.0260009765625
2557.8,right,3,102295,0.0,105.18399810791016,105.18399810791016
2557.8,right,4,102295,0.0,98.18199920654297,98.2020034790039
2557.8,right,5,102295,0.0,96.08000183105469,96.08000183105469
2557.8,right,6,102295,0.0,96.03299713134766,96.25
2557.8,right,7,102295,0.0,87.18399810791016,87.2229995727539
2562.9,right,0,102497,0.0,56.058998107910156,56.237998962402344
2562.9,right,1,102497,0.0,72.08200073242188,72.10199737548828
2562.9,right,2,102496,0.0,92.24400329589844,93.0260009765625
2562.9,right,3,102496,0.0,105.18399810791016,105.2030029296875
2562.9,right,4,102496,0.0,98.18199920654297,98.2020034790039
2562.9,right,5,102496,0.0,96.08000183105469,96.08000183105469
2562.9,right,6,102496,0.0,96.03299713134766,96.25
2562.9,right,7,102496,0.0,87.16400146484375,87.2229995727539
2567.9,right,0,102699,0.0,56.058998107910156,56.237998962402344
2567.9,right,1,102699,0.0,72.08200073242188,72.10199737548828
2567.9,right,2,102699,0.0,92.24400329589844,93.0260009765625
2567.9,right,3,102699,0.0,105.18399810791016,105.2030029296875
2567.9,right,4,102699,0.0,98.2020034790039,98.2020034790039
2567.9,right,5,102699,0.0,96.06099700927734,96.08000183105469
2567.9,right,6,102698,0.0,96.03299713134766,96.25
2567.9,right,7,102698,0.0,87.18399810791016,87.2229995727539
2573.0,right,0,102902,0.0,56.058998107910156,56.237998962402344
2573.0,right,1,102902,0.0,72.08200073242188,72.10199737548828
2573.0,right,2,102901,0.0,92.24400329589844,93.0260009765625
2573.0,right,3,102901,0.0,105.16400146484375,105.2030029296875
2573.0,right,4,102901,0.0,98.18199920654297,98.2020034790039
2573.0,right,5,102901,0.0,96.06099700927734,96.08000183105469
2573.0,right,6,102901,0.0,96.03299713134766,96.25
2573.0,right,7,102901,0.0,87.18399810791016,87.2229995727539
2578.1,right,0,103104,0.0,56.058998107910156,56.237998962402344
2578.1,right,1,103104,0.0,72.06300354003906,72.10199737548828
2578.1,right,2,103104,0.0,93.00700378417969,93.0260009765625
2578.1,right,3,103104,0.0,105.16400146484375,105.2030029296875
2578.1,right,4,103104,0.0,98.18199920654297,98.2020034790039
2578.1,right,5,103104,0.0,96.06099700927734,96.08000183105469
2578.1,right,6,103103,0.0,96.01300048828125,96.25
2578.1,right,7,103103,0.0,87.18399810791016,87.2229995727539
2583.1,right,0,103308,0.0,56.040000915527344,56.237998962402344
2583.1,right,1,103308,0.0,72.06300354003906,72.10199737548828
2583.1,right,2,103308,0.0,93.0260009765625,93.0260009765625
2583.1,right,3,103308,0.0,105.18399810791016,105.2030029296875
2583.1,right,4,103307,0.0,98.18199920654297,98.2020034790039
2583.1,right,5,103307,0.0,96.06099700927734,96.08000183105469
2583.1,right,6,103307,0.0,96.03299713134766,96.25
2583.1,right,7,103307,0.0,87.2030029296875,87.2229995727539
2588.2,right,0,103509,0.0,56.058998107910156,56.237998962402344
2588.2,right,1,103509,0.0,72.10199737548828,72.10199737548828
2588.2,right,2,103509,0.0,93.0260009765625,93.04499816894531
2588.2,right,3,103509,0.0,105.18399810791016,105.2030029296875
2588.2,right,4,103509,0.0,98.18199920654297,98.2020034790039
2588.2,right,5,103509,0.0,96.08000183105469,96.08000183105469
2588.2,right,6,103508,0.0,96.01300048828125,96.25
2588.2,right,7,103508,0.0,87.18399810791016,87.2229995727539
2593.2,right,0,103710,0.0,56.058998107910156,56.237998962402344
2593.2,right,1,103710,0.0,72.08200073242188,72.10199737548828
2593.2,right,2,103710,0.0,93.04499816894531,93.06500244140625
2593.2,right,3,103710,0.0,105.18399810791016,105.2030029296875
2593.2,right,4,103710,0.0,98.18199920654297,98.2020034790039
2593.2,right,5,103710,0.0,96.06099700927734,96.08000183105469
2593.2,right,6,103710,0.0,95.25,96.25
2593.2,right,7,103710,0.0,87.18399810791016,87.2229995727539
2598.3,right,0,103913,0.0,56.058998107910156,56.237998962402344
2598.3,right,1,103913,0.0,72.06300354003906,72.10199737548828
2598.3,right,2,103913,0.0,93.06500244140625,93.06500244140625
2598.3,right,3,103913,0.0,105.18399810791016,105.2030029296875
2598.3,right,4,103912,0.0,98.2020034790039,98.2020034790039
2598.3,right,5,103912,0.0,96.06099700927734,96.08000183105469
2598.3,right,6,103912,0.0,96.01300048828125,96.25
2598.3,right,7,103912,0.0,87.18399810791016,87.2229995727539
2603.3,right,0,104115,0.0,56.058998107910156,56.237998962402344
2603.3,right,1,104115,0.0,72.08200073242188,72.10199737548828
2603.3,right,2,104115,0.0,93.06500244140625,93.06500244140625
2603.3,right,3,104115,0.0,105.18399810791016,105.2030029296875
2603.3,right,4,104115,0.0,98.2020034790039,98.2020034790039
2603.3,right,5,104115,0.0,96.08000183105469,96.08000183105469
2603.3,right,6,104115,0.0,96.01300048828125,96.25
2603.3,right,7,104115,0.0,87.16400146484375,87.2229995727539
2608.4,right,0,104317,0.0,56.058998107910156,56.237998962402344
2608.4,right,1,104317,0.0,72.08200073242188,72.10199737548828
2608.4,right,2,104316,0.0,93.04499816894531,93.06500244140625
2608.4,right,3,104316,0.0,105.18399810791016,105.2030029296875
2608.4,right,4,104316,0.0,98.2020034790039,98.2020034790039
2608.4,right,5,104316,0.0,96.08000183105469,96.08000183105469
2608.4,right,6,104316,0.0,96.03299713134766,96.25
2608.4,right,7,104316,0.0,87.18399810791016,87.2229995727539
2613.4,right,0,104519,0.0,56.058998107910156,56.237998962402344
2613.4,right,1,104519,0.0,72.08200073242188,72.10199737548828
2613.4,right,2,104519,0.0,93.04499816894531,93.06500244140625
2613.4,right,3,104519,0.0,105.2030029296875,105.2030029296875
2613.4,right,4,104519,0.0,98.18199920654297,98.2020034790039
2613.4,right,5,104519,0.0,96.0989990234375,96.0989990234375
2613.4,right,6,104518,0.0,96.052001953125,96.25
2613.4,right,7,104518,0.0,87.2030029296875,87.2229995727539
2618.5,right,0,104722,0.0,56.058998107910156,56.237998962402344
2618.5,right,1,104722,0.0,72.08200073242188,72.10199737548828
2618.5,right,2,104721,0.0,93.0260009765625,93.06500244140625
2618.5,right,3,104721,0.0,105.2030029296875,105.2030029296875
2618.5,right,4,104721,0.0,98.18199920654297,98.2020034790039
2618.5,right,5,104721,0.0,96.0989990234375,96.0989990234375
2618.5,right,6,104721,0.0,96.052001953125,96.25
2618.5,right,7,104721,0.0,87.18399810791016,87.2229995727539
2623.6,right,0,104925,0.0,56.058998107910156,56.237998962402344
2623.6,right,1,104925,0.0,72.08200073242188,72.10199737548828
2623.6,right,2,104925,0.0,93.0260009765625,93.06500244140625
2623.6,right,3,104925,0.0,105.18399810791016,105.2030029296875
2623.6,right,4,104925,0.0,98.18199920654297,98.2020034790039
2623.6,right,5,104925,0.0,96.08000183105469,96.0989990234375
2623.6,right,6,104925,0.0,96.052001953125,96.25
2623.6,right,7,104925,0.0,87.2030029296875,87.2229995727539
2628.6,right,0,105127,0.0,56.058998107910156,56.237998962402344
2628.6,right,1,105127,0.0,72.06300354003906,72.10199737548828
2628.6,right,2,105126,0.0,93.0260009765625,93.06500244140625
2628.6,right,3,105126,0.0,105.18399810791016,105.2030029296875
2628.6,right,4,105126,0.0,98.18199920654297,98.2020034790039
2628.6,right,5,105126,0.0,96.0989990234375,96.0989990234375
2628.6,right,6,105126,0.0,96.052001953125,96.25
2628.6,right,7,105126,0.0,87.2030029296875,87.2229995727539
2633.7,right,0,105330,0.0,56.058998107910156,56.237998962402344
2633.7,right,1,105330,0.0,72.06300354003906,72.10199737548828
2633.7,right,2,105330,0.0,93.00700378417969,93.06500244140625
2633.7,right,3,105330,0.0,105.18399810791016,105.2030029296875
2633.7,right,4,105330,0.0,98.16300201416016,98.2020034790039
2633.7,right,5,105330,0.0,96.08000183105469,96.0989990234375
2633.7,right,6,105330,0.0,96.052001953125,96.25
2633.7,right,7,105330,0.0,87.2229995727539,87.24199676513672
2638.8,right,0,105533,0.0,56.058998107910156,56.237998962402344
2638.8,right,1,105533,0.0,72.08200073242188,72.10199737548828
2638.8,right,2,105533,0.0,93.04499816894531,93.06500244140625
2638.8,right,3,105533,0.0,105.2030029296875,105.2030029296875
2638.8,right,4,105532,0.0,98.18199920654297,98.2020034790039
2638.8,right,5,105532,0.0,96.08000183105469,96.0989990234375
2638.8,right,6,105532,0.0,96.03299713134766,96.25
2638.8,right,7,105532,0.0,87.2030029296875,87.24199676513672
2643.8,right,0,105735,0.0,56.07899856567383,56.237998962402344
2643.8,right,1,105735,0.0,72.08200073242188,72.10199737548828
2643.8,right,2,105735,0.0,93.04499816894531,93.06500244140625
2643.8,right,3,105735,0.0,105.2030029296875,105.2030029296875
2643.8,right,4,105735,0.0,98.18199920654297,98.2020034790039
2643.8,right,5,105735,0.0,96.08000183105469,96.0989990234375
2643.8,right,6,105735,0.0,96.03299713134766,96.25
2643.8,right,7,105735,0.0,87.2030029296875,87.24199676513672
2648.9,right,0,105937,0.0,56.058998107910156,56.237998962402344
2648.9,right,1,105937,0.0,72.08200073242188,72.10199737548828
2648.9,right,2,105936,0.0,93.06500244140625,93.06500244140625
2648.9,right,3,105936,0.0,105.2030029296875,105.2030029296875
2648.9,right,4,105936,0.0,98.18199920654297,98.2020034790039
2648.9,right,5,105936,0.0,96.0989990234375,96.0989990234375
2648.9,right,6,105936,0.0,96.0719985961914,96.25
2648.9,right,7,105936,0.0,87.2030029296875,87.24199676513672
2653.9,right,0,106139,0.0,56.058998107910156,56.237998962402344
2653.9,right,1,106139,0.0,72.08200073242188,72.10199737548828
2653.9,right,2,106139,0.0,93.04499816894531,93.06500244140625
2653.9,right,3,106139,0.0,105.2030029296875,105.2030029296875
2653.9,right,4,106139,0.0,98.18199920654297,98.2020034790039
2653.9,right,5,106139,0.0,96.0989990234375,96.11799621582031
2653.9,right,6,106138,0.0,96.0719985961914,96.25
2653.9,right,7,106138,0.0,87.2030029296875,87.24199676513672
2659.0,right,0,106340,0.0,56.07899856567383,56.237998962402344
2659.0,right,1,106340,0.0,72.08200073242188,72.10199737548828
2659.0,right,2,106340,0.0,93.06500244140625,93.06500244140625
2659.0,right,3,106340,0.0,105.2030029296875,105.2229995727539
2659.0,right,4,106340,0.0,98.18199920654297,98.2020034790039
2659.0,right,5,106340,0.0,96.0989990234375,96.11799621582031
2659.0,right,6,106340,0.0,96.052001953125,96.25
2659.0,right,7,106340,0.0,87.2030029296875,87.24199676513672
2664.1,right,0,106545,0.0,56.07899856567383,56.237998962402344
2664.1,right,1,106545,0.0,72.08200073242188,72.10199737548828
2664.1,right,2,106545,0.0,93.06500244140625,93.06500244140625
2664.1,right,3,106545,0.0,105.18399810791016,105.2229995727539
2664.1,right,4,106545,0.0,98.22100067138672,98.22100067138672
2664.1,right,5,106545,0.0,96.0989990234375,96.11799621582031
2664.1,right,6,106545,0.0,96.01300048828125,96.25
2664.1,right,7,106545,0.0,87.18399810791016,87.24199676513672
2669.1,right,0,106745,0.0,56.07899856567383,56.237998962402344
2669.1,right,1,106745,0.0,72.08200073242188,72.10199737548828
2669.1,right,2,106745,0.0,93.06500244140625,93.06500244140625
2669.1,right,3,106745,0.0,105.2030029296875,105.2229995727539
2669.1,right,4,106745,0.0,98.22100067138672,98.22100067138672
2669.1,right,5,106745,0.0,96.0989990234375,96.11799621582031
2669.1,right,6,106745,0.0,96.03299713134766,96.25
2669.1,right,7,106745,0.0,87.18399810791016,87.24199676513672
2674.2,right,0,106948,0.0,56.07899856567383,56.237998962402344
2674.2,right,1,106948,0.0,72.10199737548828,72.10199737548828
2674.2,right,2,106948,0.0,93.06500244140625,93.08399963378906
2674.2,right,3,106948,0.0,105.2030029296875,105.2229995727539
2674.2,right,4,106947,0.0,98.22100067138672,98.22100067138672
2674.2,right,5,106947,0.0,96.0989990234375,96.11799621582031
2674.2,right,6,106947,0.0,96.052001953125,96.25
2674.2,right,7,106947,0.0,87.2030029296875,87.24199676513672
2679.2,right,0,107150,0.0,56.058998107910156,56.237998962402344
2679.2,right,1,107150,0.0,72.10199737548828,72.10199737548828
2679.2,right,2,107150,0.0,93.04499816894531,93.08399963378906
2679.2,right,3,107150,0.0,105.18399810791016,105.2229995727539
2679.2,right,4,107150,0.0,98.22100067138672,98.22100067138672
2679.2,right,5,107150,0.0,96.0989990234375,96.11799621582031
2679.2,right,6,107150,0.0,96.052001953125,96.25
2679.2,right,7,107150,0.0,87.2030029296875,87.24199676513672
2684.2,right,0,107352,0.0,56.07899856567383,56.237998962402344
2684.2,right,1,107352,0.0,72.10199737548828,72.10199737548828
2684.2,right,2,107351,0.0,93.00700378417969,93.08399963378906
2684.2,right,3,107351,0.0,105.2030029296875,105.2229995727539
2684.2,right,4,107351,0.0,98.2020034790039,98.22100067138672
2684.2,right,5,107351,0.0,96.0989990234375,96.11799621582031
2684.2,right,6,107351,0.0,96.0719985961914,96.25
2684.2,right,7,107351,0.0,87.2229995727539,87.24199676513672
2689.3,right,0,107555,0.0,56.07899856567383,56.237998962402344
2689.3,right,1,107555,0.0,72.10199737548828,72.12100219726562
2689.3,right,2,107555,0.0,93.04499816894531,93.08399963378906
2689.3,right,3,107555,0.0,105.2030029296875,105.2229995727539
2689.3,right,4,107555,0.0,98.2020034790039,98.22100067138672
2689.3,right,5,107555,0.0,96.0989990234375,96.11799621582031
2689.3,right,6,107555,0.0,96.09100341796875,96.25
2689.3,right,7,107555,0.0,87.2229995727539,87.24199676513672
2694.4,right,0,107757,0.0,56.07899856567383,56.237998962402344
2694.4,right,1,107757,0.0,72.12100219726562,72.12100219726562
2694.4,right,2,107756,0.0,93.04499816894531,93.08399963378906
2694.4,right,3,107756,0.0,105.2030029296875,105.2229995727539
2694.4,right,4,107756,0.0,98.22100067138672,98.22100067138672
2694.4,right,5,107756,0.0,96.0989990234375,96.11799621582031
2694.4,right,6,107756,0.0,96.052001953125,96.25
2694.4,right,7,107756,0.0,87.2229995727539,87.24199676513672
2699.4,right,0,107958,0.0,56.07899856567383,56.237998962402344
2699.4,right,1,107958,0.0,72.10199737548828,72.12100219726562
2699.4,right,2,107958,0.0,93.06500244140625,93.08399963378906
2699.4,right,3,107958,0.0,105.2030029296875,105.2229995727539
2699.4,right,4,107957,0.0,98.22100067138672,98.22100067138672
2699.4,right,5,107957,0.0,96.0989990234375,96.11799621582031
2699.4,right,6,107957,0.0,96.052001953125,96.25
2699.4,right,7,107957,0.0,87.24199676513672,87.24199676513672
